file_id,source,year,genre,raw_text,token_count
P3_1986_01,Ankh Micholi,1986,Magazine,"الج سے لاکھوں برس پہلے یہ دنیا خالی خولی تھی نہ شہر تھا نہ آباد یاں فلک بوس مرکان تھے ۔
ن یکی اور صاف ستھری سڑکیں سفر اور بار برداری کے لئے گاڑیاں تھیں نہ ریل کاریں بجلی کے تھے
تھے نہ چکا چوند روشنیاں تھیں ہر طرف ویرانی اور وحشت تھی زمین بے آباد تھی انسان کا نشان تک
نہ تھا۔ اللہ تعالی جو اس کائنات کا پیدا کرنے والا ہے اس نے اسے آباد کرنے کا پروگرام بنا یا مٹی کا
ایک پتلا بنا یا وہ بے جان تھا اس میں جان ڈال دی وہ گونگا تھا اسے آباد کرنے کی صلاحیت عطا
کی وہ چلنے پھرنے سے معزور تھا اسے چلنے کی قوت دی پھر اسے علم عطا کیا اور علم کی ویسے آدم کو
فضیلت اور عظمت پخشی تمام مخلوق پر یہاں تک کہ اپنی نورانی اور مقدس مخلوق فرشتوں کو اس
کی خدمت اور آرام رسائی پر مقرر کیا ملائکہ نے اللہ تعالٰی کے حکم کے سامنے سر جھکا دیا وہ بھی بھی اللہ
تعالیٰ کے کسی حکم کی نافرمانی نہیں کرتے۔ فرمانبرداری ان کی عادت اور ان کی خوراک عبادتے وہ جان گئے
تھے کہ آدم کے پاس علم ہے اور علم اللہ کا نور ہے جو اس کی خاص نعمت ہے دنیا کی بڑی سے بڑی شے
علم کا مقابلہ نہیں کر سکتی اس لئے وہ آدم کی خدمت اور چاکری پر دل و جان سے راضی ہو گئے۔ آدم
اکیلا تھا اس جیسا کوئی دوسرا انسان نہ تھا۔ اکیلے کا دل گھبراتا تھا۔ اللہ تعالیٰ نے بی بی حوا کو پیدا کیا تا کہ
وہ آدم کو آرام پہنچائے اُس کی تنہائی ختم ہو اور دونوں سے بچے پیدا ہوں تاکہ خالی خولی دنیا آباد ہو اور
یہ بچے بڑے ہو کر دنیا کا نظام سنبھا لیں اور اسے اللہ تعالیٰ کے احکامات کے مطابق چلائیں پہلے
پہل اللہ تعالیٰ نے آدم اور حوا کو جنت میں رکھا وہاں رنگارنگ باغات تھے، طرح طرح کے میوہ جات
تھے اور پھل تھے پھولوں کی کیا ریاں تھیں ۔ دودھ اور شہد کی نہریں تھیں ۔ آدم اور آدم کی تمام اولاد کا اصلی
ٹھکانہ جنت ہی ہے۔
خوبصورت پرندے اور نفی نفی تتلیاں تھیں ہر طرف حسن اور خوبصورتی تھی۔ نہ کوئی بیماری تھی نہ
کوئی پریشانی نہ آفت تھی نہ مصیبت بس خوشی ہی خوشی تھی آرام ہی آرام تھا مزے ہی مزے تھے۔ شیطان
کو اپنے آپ پر آدم کی یہ فضیلت پسند نہ آئی امین نے آدم کے سامنے سر جھکانے سے انکار کردیا اس نے اپنے
آپ کو بڑا سمجھا اور کہا میں بڑا ہوں مجھے آگ سے پیدا کیا گیا ہے۔
آدم کو مٹی سے بنایا گیا ہے، میں آدم کے سامنے ہرگز نہ ھکوں گا اللہ تعالیٰ نے ابلیس کے تختبر کو
ناپسند کیا اللہ تعالی تکبر کرنے والے سے خوش نہیں ہوتے بلکہ اُسے دنیا اور آخرت میں ذلیل ورسوا
کرتے ہیں متکبر کو کوئی بھی اچھا نہیں سمجھتا وہ دنیا میں بھی ذلیل ہوتا ہے اور آخرت میں کبھی ۔ اللہ تعالیٰ
نے ابلیس کو اپنے دربار سے ذلیل کر کے نکال دیا۔ ابلیس نے طبعی زندگی کی مہلت مانگی اسے مہلت
دے دی گئی انہیں نے کہا میں آدم کی اولاد کو گراہ کروں گا۔ ان کو نیکی سے روکوں گا۔ اور برائیوں میں
مبتلا کروں گا ۔ میں بھیس بدل کر انسانوں کے پاس آؤں گا اور ان کے دل
میں وسوسے اور بڑے خیال ڈالوں گا۔ اور ان کو ظلم، گناہ، چوری ، جھوٹ اور خیانت جیسی برائیوں
میں مبتلا کر دوں گا۔ اللہ تعالیٰ نے فرمایا جو میرے نیک بندے ہیں وہ تیسری بات ہرگز نہیں مانیں گے
در اپنے بندوں کو میں جنت میں جگہ دوں گا ۔ جہاں خوشی ہوگی آرام ہوگا اور مزے ہوں گے اور جو
میری نافرمانی کریں گے۔ مجھے چھوڑ کر تیری بات مانیں گے ان کو جہنم میں ڈالوں گا جہنم میں عذاب
ہو گا اگ ہو گی۔ کھولتا ہوا پانی ہوگا اور طرح طرح کی مصیبت اور پریشانی ہوگی۔
اس نے سوچا آدم ہی کی وجہ سے ذلیل اور خوار ہوا ہوں اس لئے اپنی ذلت اور رسوائی کا بدلہ آدم
سے ضرور لوں گا۔ انہیں نے آدم سے سیمی بھی باتیں کیں اور اس کے دل میں خوبصورت خیالات
میٹی
اور وسوسے ڈالے آدم اس کی میٹھی میٹھی باتوں میں آگئے۔
اور اللہ کے حکم کو جو گے اللہ تعالی نے آدم اور حوا دونوں کودنیا میں بھیج دیا اور آدم کو
اللہ تعالیٰ نے نبی بنایا اور گناہ کی معافی مانگنے کا طریقہ سکھایا ۔ حضرت آدم سولہ سال روتے رہے اور
اپنی غلطی کی معافی مانگتے رہے۔ گناہوں کی معافی مانگنے والوں کو اللہ تعالیٰ بے حد پسند کرتا ہے اور
ان سے بے حد خوش ہوتا ہے اور ان کے درجات کو بلند کرتا ہے۔ اللہ تعالیٰ نے آدم کو معاف کردیا
اور اُن کے درجات کو بلند کیا۔ حضرت آدم اور اماں حوا سے پہلے دنیا میں کوئی انسان نہ تھا نسل
انسانی کا آغاز ان دونوں سے ہوا آدم اور حوا نے بہت سارے بچوں کو جنم دیا۔ ان بچوں نے جوان
ہو کہ آپس میں شادیاں کیں۔ اور پھر ان کے ہاں اولاد پیدا ہوئی یوں دنیا میں انسان پھلنے پھولنے
لگا۔ آبادی بڑھنے لگی گھروندے بنے لگے کھیتی باڑی ہونے لگی رزق کی تلاش میں انہوں دور دراز
جنگلوں کے سفر کئے اور یوں زمین آباد ہوئی حضرت آدم اللہ تعالیٰ کے نبی تھے۔ وہ لوگوں کو بتاتے تھے
کہ ہم دنیا میں امتحان اور آزمائش کے لئے بھیجے گئے ہیں ہماری دنیا کی زندگی عارضی ہے۔ ہمارا اصل گھر
جنت ہے۔ لیکن جنت میں صرف وہی لوگ جائیں گے جو اللہ تعالیٰ کے احکامات کی پیروی کریں گے
کسی کو تکلیف نہ دیں گے کسی کا حق نہیں ماریں گے جھوٹ چغلی چوری اور خیانت سے کہیں گے اور
وہ لوگ جہنم میں جائیں گے جو برے کام کریں گے۔ حضرت آدم کے خاندان میں
ایک عجیب واقعہ پیش آیا حضرت آدم کے دو بیٹے تھے ایک کا نام ہابیل تھا دوکے کا نام قابیل تھا۔ ہابیل
انتہائی متقی پرہیز گار اور نیک آدمی تھا کبھی جھوٹ نہ بولتا اللہ تعالی کے کسی بھی حکم کی نافرمانی نہ کرتا وہ
لوگوں سے محبت کرتا لوگ اس سے محبت کرتے کسی کو تکلیف نہ پہنچاتا۔ قابیل اس کی مقبولیت دیکھ کر
جلتا رہتا ہا بیل کی بیوی بھی نیک اور خوبصورت تھی جب کہ قابیل کی بیوی ایسی نہ تھی ۔ ہاہیں جب کبھی
اللہ کے راہ میں دنیا اچھا اور عمدہ ماں دیتا لیکن قابیل گھٹیا اور روی ماں پیش کرتا اس لئے بابیل کی قربانی
اور سخاوت قبول کر لی جاتی اور قابیل کا مال قبول نہ کیا جاتا۔ ان باتوں نے قابیل کو حسد میں مبتلا کر دیا۔
حمد بہت برا مرض ہے۔ حاسد شخص مر وقت پریشان رہتا ہے۔ اس کی دنیا اور دین دونوں تباہ ہو جا ہیں۔
ت بیل کے دل میں حسد کا مرض پیدا ہو گیا تھا اس لئے وہ ہر وقت جلتا رہتا اُسے ایک لمحہ بھی
اطمینان نصیب نہ ہوتا۔ اس نے ایک خوفناک منصوبہ بنایا اس نے سوچا کیوں نہ ہابیل کو قتل ہی کر
ڈالوں
تاکہ نہ رہے بانس نہ بجے بانسری۔ ایک دن غصہ میں تلملاتا ہوا وہ ہابیل کے پاس پہنچا۔ اور اس سے
کہا میں تجھ کو قتل کئے بغیر نہ چھوڑوں گا۔
ہابیل نے نہایت تحمل اور نرمی سے جواب دیا میں تو کسی طرح تجھ پر ہاتھ نہیں اٹھاؤں گا باقی تیری
جو مرضی ہو وہ کر رہا قربانی کا معاملہ سو اللہ تعالیٰ کے ہاں نیک نیت کی قربانی قبول ہوتی ہے۔ بدنیت
کی عبادت اور صدر یا خیرات کی اللہ کے ہاں کوئی قدر نہیں۔ قابیل پر اپنے بھائی کی نصیحت کا الٹا اثر پڑا اور
اس نے غصہ سے مشتعل ہو کر اسے بے دردی سے قتل کر دیا ۔ انسانی تاریخ کا یہ پہلا قتل تھا۔ دنیا
میں قتل کی ابتداء کرنے والا سب سے پہلا انسان قابیل تھا۔ اس لئے ہمارے پیارے اور سچے نبی حضرت
محمد مصطفی صلی اللہ علیہ وسلم نے فرمایا کہ دنیا میں جب کوئی قتل ہوتا ہے تو اس کا گنا ہ حضرت آدم کے
پہلے بیٹے (قابیل) کی گردن پر ضرور ہوتا ہے۔ اس لئے کہ وہ پہلا شخص ہے جس نے ظالمانہ قتل
کی ابتداء کی اور یہ نا پاک رسم جاری کی ۔ قتل کے بعد قابیل کو پریشانی لاحق ہوئی کرمردہ بھائی کی نعش
کو کہاں چھپاتے۔ ابھی تک اولاد آدم میں سے کوئی نہیں مرا تھا، اس لئے آدم نے مردے کے بارے
میں خدا کا کوئی حکم بھی نہیں سنایا تھا۔ یکایک اس نے ایک کونے کو دیکھا جو زمین کھود رہا تھا چھوپا سا
گڑھا کھودنے کے بعد اس نے ایک مردہ کو نے کو اس میں دبا دیا۔ قابیل نے منظر دیکھا تو اپنی قیمت
پر افسوس کرنے لگا۔ بے ساختہ اس کے منہ سے یہ جملہ نکلا"" ہائے افسوس! کیا میں ایسا گیا گزرہ ہوگیا
کہ اس کوتے جیسا بھی نہ بن سکا۔ وہ ندامت سے پانی پانی ہوگیا اور پھر کوتے کی طرح گڑھا کھود کر اپنے
سبھائی کی لاش کو اس میں چھپا دیا ۔ قابیل کو شرمندگی تو ہوئی لیکن اب پچھپا دے کیا ہوت جب چڑیاں چگ
گئیں کھیت ۔",1516
P3_1986_02,Ankh Micholi,1986,Magazine,"کیا آپ کو معلوم ہے کہ جس سواری کو آج کل موٹر سائیکل کے نام سے پہچانا جاتا ہے. اسے
بہ سال پہلے ہم اپنی زبان میں پھٹ پھٹی کہا کرتے تھے۔ اس کا نام اس کی پھٹ پھٹ کی وجہ سے
پڑا تھا۔ لیکن اب تو یہ موٹر سائیکل کہلاتی ہے۔ رفت رکبھی تیز آواز بھی کم۔
اسی طرح اگر آپ پاک فضائیہ کے ٹائیگر موتھ یا فیور کی طیاروں کو آج دیکھ لیں تو انہیں
بھی پھٹ پھٹ طیارے کا نام دے ڈالیں گے لیکن آج سے تقریبا ۳۸ سال پہلے میں طیارے
ہماری فضائیہ کی لڑا کا قوت تھے۔
جنگ میں فضائیہ کی اہمیت کے پیش نظر طیاروں کی رفتار ، دور فاصلے تک پرواز کی صلاحیت
زیادہ سے زیادہ اسلحہ لے جانے کی صلاحیت کے علاوہ ٹھیک ٹھیک نشانہ لگانے اور دشمن
سے فضا میں معرکے کے وقت بہترین داکر پینے کے قابل بنانے کی کوشش مسلسل جاری ہے۔
ولی
پرانے طرز کے طیاروں میں پشن انجن استعمال ہوتا ہے۔ اب بھی بہت سے طیارے
پشن انجمن ہی استعمال کرتے ہیں عام طور پر ہم اس طرح کے طیاروں کو پیچھے والے طیارے
کہتے ہیں ۔
ہمارے یہاں سی ۔ ۱۳۰ ہر کو لیں طیارہ اسی طرح کا طیارہ ہے آپ نے بڑے شہروں
میں اکثر ٹیڑھی دم والے اس بھاری بھر کم طیارے کو دیکھا ہوگا۔ یہ مال بردار طیارہ ہے۔
لیکن لڑاکا طیاروں کا کام ہی کچھ اور ہوتا ہے اس لئے دوسری جنگ عظیم کے دوران
ہی جیٹ انجن والے طیارے استعمال ہونے لگے پاک فضایہ میں حال ہی میں شامل ہونے
والا جدید لڑاکا طیارہ ایف ۔ ۱۶ اسی نسل کا طیارہ ہے۔
الیف ۲ لڑا کا بمبار طیارہ ہے۔ یعنی اس طیارے سے دشمن سے فضا میں لڑنے
اور دشمن کے دور دراز ٹھکانوں پر بم گرانے کا کام لیا جا سکتا ہے۔
ایف ۔ 14 کی رفتار بہت زیادہ ہے یہ آواز سے دوگنی رفتار یعنی ۱۴ سومیل فی گھنٹہ
پر سفر کر سکتا ہے۔
ایف ۱۶ ۔ نہ صرف تیز رفتار ہے بلکہ گولہ بارود سے لیس ہو کر یعنی دو ہزار پونڈ کے
تقریبا ۸۴ ہم لے کر دشمن کے علاقے میں ۵۷۵ میل دور تک جاکر کارروائی کرنے کے
بعد واپس آ سکتا ہے۔ اس کارروائی کے لئے ایف ۔ ۱۶ کو ۱۶۲ ۳ کلوگرام ایندھن کی ضرورت ہوتی
ہے جو آسانی سے اپنے شنکی میں لے جا سکتا ہے۔ طیاروں کی حد پرواز اور رفتار کا تعلق وزن سے
ہے اس لئے ہم ایندھن کی پیمائش کیلین یا لیٹر میں کرنے کے بجائے کلوگرام میں کرتے ہیں۔ ایف
کے بازووں کے نیچے فاضل ایندھن کے ٹیک لگے ہوتے ہیں ان میں مزید ایندھن لے جانیے
کی گنجائش ہوتی ہے۔ اور اگر حملے کی کارروائی کے دوران ایف ۔ 14 کی فضا میں دشمن سے مڈبھیر ہوتی
تو یہ اپنا وزن کم کرنے کے لئے بازوؤں سے لگے ہوئے فاضل ایندھن کے ٹینک گرا دیتا ہے. اسی
لئے ان کو ڈراپ ٹیک یا گرا کے جانے والے ٹینک بھی کہا جاتا ہے۔
ایف۔ 14 نے اپنی پہلی آزمائشی پرواز ۱۹۷۵ میں کی تھی۔ یہ طیارہ امریکہ کی ایک کمپنی
نے بنایا ہے جس کا نام جنرل ڈائنا مکس ہے۔
ایف ۱۹ کی لمبائی ہم فٹ ہے اور یہ ۱۶ فٹ ۱۳ اینچ اونچا ہے اس کے بازوؤں کا پھیلاؤ
۳۰ فٹ ہے ایف۔ 14 میں پراٹ اینڈ وھٹنی طرز کا طاقتور انجن لگا ہوا ہے ، جو بی بی کے سرکٹ
سے فوری طور پر اسٹارٹ ہو جاتا ہے اس طرح یہ طیارہ فوری طور پر اپنی کا روائی شروع کرنے
کا اہل ہے، فوری اسٹارٹ ہونے کی وجسے ایف ۱۶ صرف ۹۰ سیکنڈ میں رن وے پر دوڑتا
ہوا فضا میں بلند ہو کر ۴۰ ہزار فٹ کی بلندی پر پہنچ جاتا ہے اس طرح اگر ایف - 14 کے مستعد
ہوا باز کو دشمن کے آنے کی اطلاع حملے سے صرف دو منٹ پہلے مل جاتے تو یہ زمین پر دشمن
و کی ملے سے روشن مل یہ زمین پر چمن
کا نشانہ بننے کے بجائے فضا میں بلند ہو کر دشمن کے سر پر جادھمکے گا ،
دشمن کی پانی کرنے کے لئے ایف 14 کے پاس کتنی نال والی ۲۰ ایم ایم کی گن موجود ہیں جن
سے وہ 1 ہزار راؤنڈ گولیاں برساکر دشمن کا جینا حرام کر سکتا ہے۔
اس کے علاوہ ایف - ۱۶ کے بازوؤں کے نیچے فضا سے فضا میں مار کر نے والے انفراریڈ
سائڈ ونڈر میزائل بھی لگے ہوتے ہیں۔ یہ انفراریڈ یعنی حرارت کی شعاعوں پر چلنے والے میزائل
دشمن کے طیارے کے انجن سے خارج ہونے والی گرمی کی لہروں سے مشتعل ہو کر اس پر حملہ
کر دیتے ہیں۔ اس میزائل کی رفتار ۱۹۵۰ میل فی گھنٹہ ہے اس لئے تیز سے تیز رفتار طیارہ بھی ان کی
زد سے بچ کر نہیں جا سکتا۔ اس کے علاوہ ایف-۱۶ کے بازوؤں کے نیچے مزید یہ میزائل لگانے
کا انتظام بھی کیا گیا ہے۔
یہ طیارہ دشمن کے علاقے میں صرف ایک حملے میں دو ہزار پونڈ کے ۸۴ بم گرا سکتا ہے۔
ایف - ۱۶ کے ہوا باز کی کاک پٹ ائیر کنڈیشنڈ ہوتی ہے۔ اس کاک پٹ یعنی ہوا باز کی نشست
والے خانے کے اوپر شفاف کنوپی ہے۔ یہ کنو پی اس طرح بنائی گئی ہے کہ ہوا باز بڑی آسانی سے
اپنے چاروں طرف دیکھ سکے اور دشمن کا طیارہ کسی بھی طرح اس کی نظر سے چھپ نہ پائے۔
ایف ۔ 4 اگی دیگر خوبیوں کے ساتھ اس کی ایکشن سیٹ کا استعمال بھی اہم ہے ہوا باز
کی یہ کرسی ہر طیارے میں ہوتی ہے اور خطرے کی صورت میں یا جب طیارہ خطرناک حد تک
مجروح ہو چکا ہو اور اس کا بچنا مشکل ہو تو ہوا باز اپنی اس سیٹ کا ایک خاص ٹین دبا دیتا ہے۔
طیارے کی کنونی کھل جاتی ہے اور سیٹ ہوا باز کو لئے ہوئے اچھل کر طیارے سے باہر آجاتی
فضا میں ہوا بانہ اپنا پیرا شوٹ کھول کر زمین پر آ جاتا ہے عام طیاروں میں ہوا باز کو اپنی
انجکشن سیٹ استعمال کرنے کے لئے طیارے کو فضا میں بلندی پر لے جانا پڑتا ہے۔ لیکن ایف
میں کسی بھی جگہ انجکشن سیٹ کو استعمال کیا جا سکتا ہے۔
ایف - 14 میں دشمن کے علاقے پر ٹھیک ٹھیک جگہ بم گرانے کے لئے کمپیوٹر کا ایک ایسا
نظام موجود ہے جو ہم کو نشانے کا راستہ دکھاتا ہے۔ اس طیارے پر ایک ایسا راڈار بھی
لگا ہوا ہے جو ہر طرف سے دشمن کی آمد کی پیشگی خبر کر دیا ہے۔ اس طیارے میں ڈالما وکٹر ہے
ایل آر - ۶۹ راڈار کا وار تنگ سسٹم بھی موجود ہے جو دشمن کے زمینی اور فضا میں بلند راڈار کی موجودگی
سے ایف - ۱۶ کے ہوا باز کو خبر دار کر دیا ہے۔ اس سسٹم کی مدد سے ایف ۔ 14 کا ہوا باز دشمن کے
زمینی اور فضا سے فضا میں وار کرنے والے میزائلوں سے اپنے طیارے کو بچا سکتا ہے۔
ایف ۔ 14 کی پرواز کا اصول انجن کی طاقت ہے اس طیارے کا کنٹرول پینیل کمپیوٹر کے
نظام سے منسلک ہے ۔ ایف - ۱۶ اپنی پرواز کے دوران فضا ہی میں موجود ایندھن فراہم کرنے
والے طیارے سے ایندھن حاصل کر سکتا ہے۔ اس طرح ایندھن لے کر ایف ۔ 4 مسلسل ہے
گھنٹے ۲۵ منٹ پر واز کر سکتا ہے۔ ایندھن کے اپنے ذخیرے کی مدد سے ایف ۔ 4 مسلسل ہو گھنٹے
۵۵ منٹ پرواز کرنے کے قابل ہے۔ اس طرح ایف - 14 طیارہ دسمن کے دور دراز ٹھکانوں
پر بھی موثر حملے کر کے دہشت طاری کر سکتا ہے۔",1251
P3_1986_03,Ankh Micholi,1986,Magazine,"آپ نے پریشر نگر میں کھانا پکتا ہوا تو دیکھا ہو گا. جلتے ہوئے چولہے پر رکھا ہوا پریشر
مگر ایک خاص وقت تک تو آگ کی حدت برداشت کرتا رہتا ہے مگر جب بہت زیادہ تپش کی
وجہ سے نگر میں موجود پانی یا دیگر اشیاء بھاپ کی شکل اختیار کرنے لگتی ہیں تو اس بھاپ کا دباؤ
خطرناک حد تک بڑھ جاتا ہے۔
پریشر اگر میں دباؤ کو برداشت کرنے کی زیادہ سے زیادہ قوت ساڑھے تین کلو گرام فی
مکعب انچ ہوتی ہے مگر یہ دباؤ اس سے زیادہ بڑھ جائے تو پریشر گھر پھٹ بھی سکتا ہے جو یقینا
بڑے نقصان کا باعث ہو سکتا ہے . اس خطرے کو ختم کرنے کے لئے پریشر گر پر سیفٹی والو لگائے
جاتے ہیں تاکہ پریشر بڑھنے کی صورت میں سیفٹی والو اڑ جائے اور سبھاپ باہر نکل جائے ..
زمین بھی ایک طرح کا پریشر مگر ہے جس کے اندر ہر وقت ایک لاوا کھولتا رہتا ہے اور
جب کسی وجہ سے لاوے سے اٹھنے والی بھاپ کا پریشر بہت بڑھ جاتا ہے تو پھر یہ لاوا بھی
زمین کے کسی نرم متنے کو چیرتا پھاڑتا ہوا باہر آ جاتا ہے۔ زمین کا ہیپی نرم حصہ گو یا آتش فشاں بھی
ہے اور زمین کا سیفٹی والو بھی ہے ۔
ہم آتش فشان کی تعریف یوں بھی کر سکتے ہیں کہ زمین کا وہ نرم حصہ جہاں گرم اور سیال مادہ
پھوٹ کرا و پر آجائے اور دہانے کے چاروں طرف لاوے کی نہیں جم جانے سے مخروطی شکل اختیار
کرتے آپ یقینا سوچ رہے ہوں گے کہ یہ ادا کیا بلا ہے ؟ جو زمین سے نکلتا ہے اور بستیاں
اجاڑتا ، انسانوں کو لقمہ اجل بناتا ، اور یوں گویا تباہی مچاتا ہوا بہتا چلا جاتا ہے ۔ لاوا"" در اصل زمین
میں موجود مختلف اشیاء کے پگھلے ہوئے مرکب نام ہے ۔ اس کی مزید وضاحت یوں کی جاسکتی
ہے کہ کروڑوں سال قبل جب زمین سورج سے علیحدہ ہوئی تھی تو لاوے کا ایک گول تھی ۔ لادا
دراصل مٹی کا پگھلا ہوا روپ ہوتا ہے۔ اس میں ہر طرح کی دھاتیں اور چٹا نہیں ملی ہوئی ہوتی
ہیں، یہ گھلے ہوئے کو شمار کی طرح ہو جاتا ہے اور ٹھنڈا ہونے پر پھر ستی اور چٹان بن جاتا ہے ...
تو لادے سے بنی ہوئی زمین سورج سے علیحدہ ہوئی اور خلا میں گھومنے لگی اور بیرونی ٹھنڈک کی
رجہ سے اس کے اوپر کی تہ سخت ہو کر مٹی بنتی گئی مگر اندر لا وا موجو د رہا، آج بھی زمین کے
اندر بے حد و حساب لاوا موجود ہے ۔ یہ الگ بات ہے کہ زمین کی سطح ٹھنڈی ہونے کی وجہ سے
بہت موٹی ہو چکی ہے لاوا بنے کھولنے اور پھوٹ کر بہہ نکلنے کا عمل آج بھی جاری ہے اور اس کے
مختلف اسباب ہیں ۔ پہلی بڑی وجہ تو خود زمین کے اندر کا درجہ حرارت ہے جو اس قدر
شدید ہے کہ وہ سخت چٹانوں کو بھی پگھلا دتیا ہے۔ اس کے علاوہ بہت سی گیسیں، اوربعض معدنی اجزاء
اس کو کھولتا رکھنے میں مدد دیتے ہیں جن میں کاربن ڈائی آکسائیڈ، ہائیڈروجن، سلفائیڈ اور گندھک
وغیرہ شامل ہیں اس لاوے میں پتھریلی چٹانیں بلکہ لوہا تک مل کر پگھل جاتا ہے اور یوں گو یا اتنی
بہت ساری چیزوں کا کھولتا ہوا مرکب لاوا کہلاتا ہے جو کبھی کبھار زمین کی بیرونی سطح پر نکل آتا ہے
لاوے کے باہر نکلنے کی وجہ وہ دباؤ ہے جو اکثر و بیشتر اس پر پڑتا ہے .. لاوے پر دباؤ کسی وجہوں
سے پڑتا ہے .. اول تو لاوا خود ہی ابلتا رہتا ہے اور اس میں گیس بنتی رہتی ہے دوسرا جب زمین
کے اوپر کاسمندری پانی یا بارش کا پانی رس رس کر لا دے تک پہنچتا ہے تو گرم لا وا ا سکو بھاپ
میں تبدیل کر دیتا ہے اور ظاہر ہے کہ بھاپ کو تو باہر نکلنے کے لئے راستہ چاہیے ہی سو بھاپ یہ
راستہ زمین کے نرم حصے میں تلاش کرتی ہے اور اسے پھاڑتی ہوئی باہر آجاتی ہے۔ بھاپ باہر آتی
ہے تو سجاب کے ساتھ کھولتا ہوا لا وا کبھی باہر آ جاتا ہے ...
آپ نے دیکھا ہوگا کہ عام انسانوں میں بھی اگر کسی پر ظلم اور زیادتی کا دباؤ ایک حد سے بڑھ جاتے
تو وہ بھی آپے سے باہر ہو جاتا ہے اور پھر اس کا غصہ کسی نہ کسی طور ہر ہونے لگتا ہے ... توڑ پھوڑ
ڈانٹ ڈپٹ یا مارپیٹ وغیرہ یہ سب انسان کے غصے کا اظہار ہیں۔
یہ ایک طرح سے اچھا ہی ہے کہ غصہ اتارنے کے لئے انسان اس طرح کی حرکتیں کر ڈالتا ہے اگر
ایسا نہ ہو تو یہ غصہ اندر ہی رہ جاتے اور انسان کے اعصاب کو تباہ کر دے اور انسان پاگل ہو جائے۔
بالکل اسی طرح آتش فشاں کبھی زمین کے غصے کے اظہار میں اگر آتش فشاں نہ پھٹیں تو کیا معلوم
یہ لا ابھی اندر ہی اندر کھولتا رہے اور اس کا دباقر اس قدر بڑھ جائے کہ زمین غبارے کی طرح کہیں سے
بھی پھٹ جائے شہر کے شہر تباہ ہو جا ئیں اور زمین پر قیامت مفرطی بپا ہو جائے اس طرح گویا آتش
فشاں کا پھٹنا ایک لحاظ سے اچھا ہی ہے ۔
ہم نے عموماً بہت سے پہاڑوں کے نام آتش فشاں کے حوالے سے سنے ہیں۔ آئیے ان کا جائزہ لیں۔
آتش فشاں پہاڑ کبھی بنظام دوسرے پہاڑوں کی طرح ہی ہوتے ہیں مگر ان میں ایک سرنگ
ہوتی ہے جو زمین کی گہرائی میں عموماً سینکڑوں میل دور اس مقام تک چلی جاتی ہے جہاں لاوا
ابل رہا ہوتا ہے۔
لادے سے نکلنے والی گیس اور بھاپ عموما اسی سرنگ کے راستے سے ہو کر آتش فشاں
پہاڑ کے منہ سے باہر نکلتی رہتی ہے، حقیقت یہ ہے کہ یہ بھاپ ہی وہ بنیادی اور محترک قوت ہے
جو دوسرے مادوں اور گیسوں کو زور سے باہر دھکیلتی ہے۔ ان مادوں میں سلورین اور گندھک
اور گھیوں میں کاربن ڈائی آکسائد عام میں بعض ٹیمیں انتہائی زہریلی بھی ہوتی ہیں، آتش فشاں پہاڑوں
کی عموما تین قسمیں گنوائی جاتی ہیں ۔
زنده پہاڑ :. یہ پہاڑوں کی وہ قسم ہے جن میں سے اکثر ا وا بہہ کر نکلتا رہتا ہے۔
دنیا میں اس قسم کے تقریبا تین سو پہاڑ موجود ہیں جن میں سسلی کا اٹینا اور اٹلی کا ویسور میں ""
زیادہ مشہور ہیں۔ دنیا کے زندہ آتش فشاں پہاڑوں میں سب سے اونچا کوٹو پکیسی ہے جس کی بلندی
۱۰
۶۱۲، ۱۹ فٹ ہے۔
خفتہ پہاڑ : یہ مونا ایسے پہاڑ ہوتے ہیں جن سے طویل مدت تک لادا نہیں رکھتا اور
لوگ یہ سمجھتے ہیں کہ اب یہ پہاڑ مردہ ہو چکا ہے۔ اسی غلط فہمی میں پہاڑ کے اطراف انسان بستیاں
بناکر رہنے لگتا ہے۔ کاشت کاری کرنے لگت ہے اور پھر اچانک یوں ہوتا ہے کہ پہاڑ کا دھانہ
پھتا ہے اور لا وابہ رکھتا ہے جس سے بستیاں اجڑ جاتی ہیں۔ اٹلی کا مشہور شہر پانسی آئی اسی طرح
کے آتش فشاں سے تباہ ہوا تھا۔
- معدوم یا مرده آتش فشاں پہاڑ : یہ وہ پہاڑ ہیں جن سے کبھی لاوا نکلا کرتا تھا، اب
نہیں نکلتا اور نہ مزید نکنے کی توقع ہے ایسے پہاڑوں کے دھانوں میں پانی بھر جاتا ہے اور یہ جھیل کی
شکل اختیار کر لیتی ہیں۔ کوہ سلطان ایسے ہی پہاڑوں میں سے ایک ہے۔ جاپان کا مشہور فوجی
پہاڑ بھی ایسا ہی مردار آتش فشاں پہاڑ ہے جو آج دنیا بھر کے سیاحوں کی توجہ کا مرکز ہے۔
کبھی ایسا بھی ہوتا ہے کہ دھانے سے بہنے والا لا واپڑ کی شکل اختیار نہیں کرتا بلکہ زمین
کی درزوں میں سے نکل کر زمین پر پھیل جاتا ہے اور زمین وہاں ایک نئی شکل اختیار کرلیتی ہے ۔
بھارت کے مشہور علاقے دکن کی زمین بھی ایسے ہی لاوے سے نبی تھی۔
آتش فشاں پیر دنیا میں ایک ترتیب سے پھیلے ہوتے ہیں، عام طور پر ان کا سلسلہ سمندر
کے نزدیک پایا جاتا ہے۔ جنوبی امریکہ میں ان پہاڑوں کا سلسلہ کوہ انڈیز سے شروع ہو کر وسطی امریکہ
تک چلا گیا جزائر فلپائن، فارموسا ، جاپان انڈونیشیا اور نیو گنی تک یہ سلسلہ پھیلا ہوا ہے۔ جزائر
فلپائن اور نیوزی لینڈ سے بحر منجند شمالی یک اور اوقیانوس میں آئس لینڈ سے جزیرہ سینٹ ہلینا تک
آتش فشاں پہاڑوں کا سلسلہ پھیلا ہوا ہے۔
دنیا میں جتنے بھی آتش فشاں پھٹتے ہیں ان میں سے ۶۲ فیصد بحر الکاہل کے قرب وجوار میں
پھٹتے ہیں، ان میں سے ۴۵ فی صد تو سمندر میں موجود جزیروں میں پھٹتے ہیں جبکہ کافی صد شمالی
اور جنوبی امریکہ میں موجود پہاڑوں کے مغربی حصوں میں ہوتے ہیں۔
دنیا کے دیگر خطوں میں پھٹنے والے آتش فشاں عموما ۱۴ فیصد انڈونیشیا ، فیصد بھرا کابل
ایک فیصد کر اوقیانوس تین فیصد وسطی بحر الکاہل ، ۱۳ فیصد کراوقیانوس اور بقیہ ، فیصد
بحر روم کے قرب وجوار میں بھٹتے ہیں ۔
پر پہاڑ جب آتش نشانی کرتے ہیں تو ان کا لاوا نہ صرف بستیوں کو تباہ اور انسانوں کو لقمہ
اجل بنا دیتا ہے بلکہ اس کی آواز سینکڑوں میں ایک سنی جاتی ہے اور بہنے والے مادے کو زمین
پر بیٹھنے اور جمنے میں کم از کم ایک سال کا عرصہ مزید لگ جاتا ہے ، ۱۸۸۳ء میں جاوا کے شرق
میں گرا کا وا“ نامی آتش فشاں جزیرے کے پھٹنے سے اتنا شور ہوا کہ کہ شاید ائیم ہم اور
ہائیڈروجن بم کے گرنے سے بھی اس قدر شور نہ ہو۔ کرا کاٹوا کے پھٹنے کی آواز دوہزار میل دور آسٹریلیا
تک گئی۔ دھماکے کی آواز نے سات مرتب پورے کرہ ارض کا چکر لگا یا تب کہیں جا کر ختم ہوئی ۔
اس حادثے میں ۳۶ ہزار انسانی جانیں تلف ہوئیں۔
آتش نشاں کے پھٹنے سے اب تک ہونے والے نقصانات کا ٹھیک ٹھیک اندازہ
لگانا تو مشکل ہے البتہ کہا جاتا ہے کہ 19ء سے لے کر نشہ ایک آتش فشاں کے باعث
کہ
تقریبا ایک لاکھ نوے ہزار انسانی جانیں تلف ہو چکی ہیں۔ آتش فشاں کے بڑے اثرات بھی انسانی
جانوں کے لئے خطرناک ثابت ہو سکتے ہیں ۱۷۸۳ء میں ۱۸۹ - کے مشہور آتش فشاں پھٹا تو
تقریبا دس ہزار افراد فقط اس کے برے اثرات سے بیمار ہو کر مر گئے۔ جاپان کے ایسے ہی ایک
آتش نشان MEN DARE کے پھٹنے سے دس ہزار چار سو باون جانیں تلف ہوگئی تھیں۔
آتش فشاں کی جغرافیائی تقسیم دیکھنے کے بعد ہم اس نتیجے پے پہنچے ہیں کہ آتش فشاں کے
رقبے عموما ان علاقوں میں پائے جاتے ہیں جو سمندر کے قریب ہیں اور جہاں زمین اوپر کو ابھری
ہوتی ہے۔ ویسے بہ حیثیت مجموعی زمین کا کوئی حصہ ایسا نہیں ہے جہاں ماضی میں کبھی نہ کبھی آتش
نیشاں کا عمل نہ ہوا ہو آج ہم جزائر برطانیہ کو دیکھتے ہیں تو ایسا محسوس کرتے ہیں کہ شاید یہاں کبھی
آتش فشاں
کا عمل نہ ہوا ہو گا حالانکہ یہاں طویل مدت تک شدیدا اور مسلسل آتش فشاں قیامت
ڈھاتی رہی اور اس قطع زمین کو زیر وزبر کرتی رہی۔
دنیا بھر میں بھڑکتے اور زندہ آتش فشانوں کا اجتماع جزائر انڈونیشیا ہے، یہاں پر انسانی
تاریخ کے آغاز سے لے کر اب تک تقریبا ۲۰ آتش فشاں پھٹ چکے ہیں۔ بعید نہیں کہ یہ آتش فشاں
کسی بھی روز پھٹ جائیں اور ان کا لاوا اس علاقے میں کسی بڑے نقصان کا باعث بن جائے۔ ان
میں سب سے مشہور مرکزی جاوا کا آتش فشاں ""میرانی ہے جسے وہاں کے لوگ آتشیں پہاڑ ""
کہتے ہیں ۔۔
آتش فشاں یوں تو بہت نقصان پہنچاتے ہیں مگر ان کے بے شمار فوائد بھی ہیں، ایک
بہت بڑے فائدے کا ذکر تو تم کر ہی چکے ہیں کہ اگر دنیا میں آتش فشاں نہ ہوں تو زمین غبارے
کی طرح ایک دھماکے سے پھٹ جائے۔
آتش فشاں سے نکلنے والا اواز مین کو نئی زرخیزی اور قوت عطا کرتا ہے جو انسانوں کے لیے
بے حد فائدہ مند ہے ، چھاواں “ نامی پھر بھی اس لاوے سے وجود میں آتا ہے ..
یہ قدرت کا عجیب نظام ہے کہ جو آتش فشاں زمین پر قہر و غضب ڈھاتے ہیں، وہی زمین
اور زمین پے بسنے والوں کو ان گنت فوائد بھی پہنچاتے ہیں ، زمینی تغیرات اور تبدیلیوں میں آتشز
فشاں کا بڑا حصہ ہے۔ دنیا میں اکثر زلزلے بھی اس آتش فشاں کی وجہ سے آتے ہیں .... آتش فشاں
کے علاقوں میں انسان نے زمین کی اندرونی حرارت کو جس سے زلزلے آتے ہیں مختلف نوعیت
کی مشینیں چلانے کے لئے بھی استعمال کیا ہے۔ اس قسم کے تجربات کیلی فورنیا (امریکہ ) جاوا
(انڈونیشیا) اور ٹینکی (اٹلی میں کئے گتے ہیں اور ان پر تحقیق جاری ہے۔ اکثر زلزلوں کا محرک کبھی
آتش فشاں ہوتے ہیں مگر "" زلزلے کا موضوع اپنی جگہ ایک علیحدہ اور تفصیلی مضمون کا متقاضی ۔
اس لئے اس موضوع پر معلوماتی مضمون ہم آئندہ کسی شمارے میں شائع کریں گے۔",2129
P3_1987_04,Ankh Micholi,1987,Magazine,"۱۹۸۶ء کا سال پورا ہوا ۔ اب ۱۹۸۷ء ہمارے سامنے ہے آیئے کھیلوں کے حوالہ سے ہم اس
بات کا جائزہ لیتے ہیں کہ ۱۹۸۶ء میں دنیا اور اپنے ملک پاکستان کے حوالہ سے عالمی اسپورٹس میں
کیا تبدیلیاں رونما ہوئیں ، کون ہارا ، کون جیتا کس نے اپنا اعزاز گنوایا اور کون نیا چمپئین بنا۔
ہمارے ملک کا قومی کھیل ہاکی ہے ، اگر ہم اس کھیل کے حوالہ سے بات کریں تو ۱۹۸۶ء ہمارے لئے
کچھ اچھا سال نہیں رہا۔ اس سال ہم پہلے تو سیٹوں میں میزبان ملک کے ہاتھوں اپنا ایشین گیمز ٹائٹل گنوا
بیٹھے ، جب کہ لندن میں ہمیں اپنے ورلڈ کپ اعزاز سے ہاتھ دھونا پڑا . اس سے قبل کراچی میں کھیلی
گئی چیمپئینز ٹرافی میں ہماری پوزیشن تیسری رہی یہ لڑائی مغربی جرمنی کی ٹیم نے جیتی جب کہ لندن میں
آسٹریلیا نے نیا ورلڈ چیمپین ہونے کا اعزاز حاصل کیا ۔ اب پاکستان کے پاس صرف دو اعزاز باقی
رہ گئے ہیں ، جن میں ایشیاء کپ اور اولیک ٹائٹل شامل ہیں۔
ہاکی میں صرف پاکستان ہی کو زوال کا سامنا نہیں ہے بلکہ ہمسایہ ملک بھارت کی حالت بھی خراب
ہے ، دراصل جب سے ہاکی کے کھیل کو آسٹرو ٹرف پر لازم کیا گیا ہے ان دونوں ممالک کو سخت
مشکلات کا سامنا ہے، کیونکہ پاکستان اور بھارت دونوں ممالک کے پاس فنڈز کی کمی کے باعث
آسٹرو ٹرف کی خاطر خواہ سہولتیں حاصل نہیں ہیں ۔ اگر ان ممالک کو آسٹرو ٹرف حاصل ہو جائیں اور وہ
اپنے روائتی ایشیائی طرز کو اپنا کر رکھیں تو امکان ہے آئندہ سال ان ممالک کے ہاکی میں اپنے کھوئے
اعزازت کو دوبارہ حاصل کرنے کے روشن امکانات ہو جائیں گے۔
ایک اور کھیل جس میں پاکستان کو عالمی بالا دستی حاصل ہے وہ اسکواش کا کھیل ہے ، بلاشبہ
باشم خان روشن خان محب
اللہ اور قمر زمان کے بعد اگر کسی نے اس کھیل میں لازوال شہرت حاصل
کی ہے تو وہ روشن خان کے صاحبزادے جہانگیر خان ہیں ۔ وہ ساڑھے پانچ سال تک ہر مقابلہ میں
ناقابل شکست رہے لیکن فرانس کے شہر تولوز میں کھیلی گئی ورلڈ اوپن چیمپین شپ کے فائنل میں
نیوزی لینڈ کے راس نارمن نے ملائیشین اوپن کے سیمی فائنل میں ان کے گھٹنے میں آنے والی
شدید چوٹ کا فائدہ اٹھاتے ہوئے جہانگیر خان کو شکست دے کر انہیں عالمی اعزاز سے محروم
کر دیا . وہ جیوف ہنٹ کے بعد جہانگیر خان کو شکست دینے والے پہلے کھلاڑی ہیں لیکن دبئی اور
ابوظہبی میں کھیلے گئے ٹورنامنٹ میں جہانگیر خان نے راس نارین کو شکست دے کر اپنی اس بار کا
بدلہ لے لیا ۔ جبکہ عالمی اعزاز کے دوبارہ حصول کے لئے انہیں یقیناً آئندہ سال تک انتظار کرنا پڑے
گا سوائے اس ایک اعزاز کے اور ملائشین اوپن ٹائل کے جو قمر زمان کے پاس ہے جہا نگیر اپنے
پاس دنیا کے تقریباً تمام بڑے اعزازات کے مالک ہیں جن میں برٹش اوپن ٹائٹل بھی شامل ہیں ۔
جہانگیر خان کے بعد ہمارے پاس جو کھلاڑی مستقبل کی امید قرار دیئے جا سکتے ہیں ان میں جان شیر
زرق جہان خان اور عمر حیات ہیں لیکن ان کھلاڑیوں کو جہانگیر خان کی جگہ لینے کے لئے جہا نیگر
خان کی طرح اتنی ہی سخت محنت کی ضرورت ہے.
توقع ہے کہ جہانگیر خان خود عالمی چیمپین شپ میں اپنی پہلی شکست کے بعد مزید بڑے کھلاڑی
بن کر ابھریں گے. جس کا اعتراف انہیں شکست دینے والے کھلاڑی راس نارمن نے بھی کہا ہے
وہ کہتے ہیں کہ جہانگیر خان اس شکست کی بدولت اور بڑے کھلاڑی ہو جائیں گے اور وہ اپنی خامیوں
کو دور کر لیں گے ۔ انہیں آئندہ شکست دنیا بے حد مشکل ہو گا .
دنیا میں سب سے زیادہ کھیلا جانے والا کھیل بلاشبہ فٹ بال ہے . فٹ بال کا ورلڈ کپ ٹورنامنٹ
ہر چار سال بعد منعقد ہوتا ہے 1904ء کے میکسیکو میں کھیلے گئے ورلڈ فٹ بال کپ میں ارجنٹائن کی ٹیم
عالمی چیمپئن بن کر ابھری ارجنٹائن کی ٹیم اس سے قبل 1940ء میں اپنے ہی ملک میں کھیلے گئے ورلڈ کپ
کو جیت چکی ہے جب کہ 1984ء میں ارجنٹائن نے تین بار کی عالمی چمپین ٹیم اٹلی کو اس عالمی اعزازہ سے محروم
کیا ، ۱۹۸۲ میں اٹلی نے اسپین میں کھیلا گیا۔ ورلڈ کپ جیتا تھا۔ ۱۹۷۸ء میں ارجنٹائن کو کامیابی دلانے میں
ان کے کھلاڑی مارلو کیمپس نے اہم کردار ادا کیا تھا جب کہ ۱۹۸۲ء کے ورلڈ کپ میں املی کے کھلاڑی
پاؤلو روسی کے شاندار کھیل کی بدولت ان کے ملک نے عالمی اعزاز حاصل کیا ۔ ۱۹۸۷ء میں ارجنٹائن
کی کامیابی دنیا کے مہنگے ترین فٹبالر ان کے کپتان ڈیگو مارا ڈونا کی مرہون منت رہی اس کھلاڑی نے
کوارٹر فائنل میں انگلستان اور سیمی فائنل میں بلجیم کے خلاف اپنے گول کرنے کی صلاحیتوں کا بھر پور
فائدہ اٹھاتے ہوئے حریف ٹیموں کو بے بس کیا اور اپنی ٹیم کو فائنل میں پہنچایا ، جہاں ان کا مقابلہ دو بار
کی عالمی چیمپین ٹیم مغربی جرمنی سے ہوا ۔ فائنل میں مارا ڈونا کوئی گول تو اسکور نہ کر سکے لیکن وہ
بہترین انگیر ضور ثابت ہوئے جس کی بدولت براؤن ، والڈانو اور بروجا گا کے گول کی وجہ سے
ارجنٹائن نے مغربی جرمنی کو ۲ - ۳ گول سے شکست دے کہ ۱۹۸۶ کا ورلڈ فٹ بال کپ جیت لیا
جہاں تک کرکٹ کا تعلق ہے ۱۹۸۶ کا سال ویسٹ انڈیز ہی کا سال رہا جس میں انہوں نے
کئی ممالک کے خلاف ویوین رچرڈز کی قیادت میں ٹمسیٹ اور ایک روزہ میچوں کی سیریز اور حال
ہی میں شارجہ میں جمیکینز کرکٹ ٹرافی جیتی لیکن پاکستان کی بھی اس سال کرکٹ میں غیر معمولی اگر نہ
کہا جائے کو کم از کم شاندار کارکردگی تو ضرور رہی۔ پاکستان نے اپنے عظیم آل راؤنڈر عمران خان کی قیادت
میں قابل ذکر کامیابیاں حاصل کیں پاکستان نے شارجہ میں آسٹریلیشیا کپ جیتا . جس میں اسٹار ٹیمن
جاوید میاں داد کی کارکردگی غیر معمولی رہی ان کے چھکے کی بدولت پاکستان نے بھارت کو ہرا کر
آسٹریلیشیا کپ جیتا، جب کہ ویسٹ انڈیز کے خلاف پاکستان نے ا- ار سے ہوم سیرینہ ڈرا کی ۔
پاکستان نے ویسٹ انڈیز کو فیصل آباد ٹیسٹ میں شکست دے کر اس کا برسوں کا ناقابل شکست
ہونے کا ریکارڈ توڑ دیا ۔ اس سیریز میں پاکستان کی طرف سے عمران خان، جاوید میانداد ، وسیم اکرم
اور سلیم یوسف روکٹ کیپرا نے بہترین کھیل کا مظاہرہ کیا۔
جبکہ شارب میں کھیلی گئی چیمپینز ٹرافی پاکستان جیت تو نہ سکا لیکن دوسری پوزیشن کے لئے پکستان
نے عالمی چیمپین بھارت کو ایک سخت اور سنسنی خیز مقابلہ کے بعد تین وکٹوں سے شکست دے
کر کامیابی حاصل کی جس میں کپتان عمران خان اور وسیم اکرم نے اپنی تباہ کن بولنگ کی بدولت
بھارت کو قلیل اسکور پر آؤٹ کر دیا لیکن بعد ازاں مانندر سنگھ کی نپی تلی اسپین بولنگ کی وجہ سے
پاکستانی بیٹنگ لائن دباؤ میں آگئی لیکن ایسے موقع پر پاکستان کے آل راؤنڈر منظور الہی نے نہایت
ذمہ داری سے جارحانہ بیٹنگ کرتے ہوئے ۵۰ ، رنز ناٹ آؤٹ بنا کر میچ کا پانسہ پاکستان کے حق میں
پلٹ دیا۔ منظور البہی کو مین آف دی میچ قرار دیا گیا۔ اب آئندہ سال پاکستانی ٹیم بھارت اور انگلستان
کا دورہ کرے گی جب
کہ اکتوبر ۱۹۸۷ء میں پاکستان اور بھارت کے مشتر کہ نزیر اہتمام کرکٹ کا ورلڈ
کپ ان دونوں ممالک میں کھیلا جائے گا ۔
باکسنگ میں ۲۲ نومبر نگاہ کو امر کی ہیوی ویٹ باکسنگ چیمپئین ٹریویر بر تک کو دوسرے
ہی راونڈ میں ناک آؤٹ کر کے عالمی چیمپئین ہونے کا اعزاز حاصل کر لیا۔ ۲۰ سالہ مائیک ٹائی سن دنیا کی
باکسنگ تاریخ کے سب سے کم عمر عالمی ہیوی ویٹ چیمپئین ہیں ۔
ٹینس کے کھیل میں سال کے اختتام پر مقابلوں میں کامیابیوں کے تناسب کو مدنظر رکھتے ہوئے
چیکوسلواکیہ کے ایوان لینڈل کو عالمی چیمپئین قرار دیا گیا ہے۔
۱۹۸۶ء کے ایشین گیمز میں پاک بحریہ کے افسران میر صادق اور ذکاءاللہ نے کشتی رانی مقابلوں
میں پاکستان کو طلائی تمغہ دلوایا . پاکستان اس سے قبل بھی ایشیئن گیمز میں یہ اعزاز حاصل کر
چکا ہے ۔
۱۹۸۶ء میں ۳۵ دیں قومی ہاکی چیمپئین شب بہاولپور میں پاکستان کسٹمر کی ٹیم نے یو بی ایل کو
ہرا کر جیتی ۔ جب کہ فٹبال کی قومی چیمپیئن شپ پی اے ایف کی ٹیم نے پی آئی اے کی ٹیم کو پیشاور
میں ہرا کر جیتی. فیصل آباد میں نیشنل بنک نے یو بی ایل کو ہرا کر شاہ کی پیٹر نٹر کرکٹ لڑائی
جیتی . کراچی میں ۱۹۸۶ ء کی پاکستان اوپن اسکواش ٹرافی جہانگیر خان نے انگلستان کے فل کینین
کو شکست دے کر جیتی۔ جب کہ چوتھی ایشین کپ ٹیبل ٹینس چیمپئین شپ جو نومبر ۱۹۸۶ء میں کراچی
میں کھیلی گئی چین نے اس میں ٹائٹل جیتے جب کہ پاکستان کے عارف خان ۱۲ رویں نمبر ر ہے . جو کسی
پاکستانی کی اب تک کی بہترین کارکردگی ہے.",1483
P3_1987_05,Ankh Micholi,1987,Magazine,"ذرا اپنا کان تو ادھر لائے. ہم آپ کو ایک بہت گھسا پٹا سا لطیفہ سناتے ہیں کلاس روم میں
بائیلوجی کے ٹیچر نے سوال کیا کہ اگر کان نہ ہوتے تو کیا ہوتا ؟ ایک بچے اٹھ کر جواب دیا ہمیں
دکھائی نہ دیتا ٹیچر نے پوچھا وہ کیسے ؟ بچے نے کہا جناب هم عنیک کہاں رکھتے۔
لیکن کان صرف میٹنگ رکھنے کے کام نہیں آتے ۔ ان پر بعض لوگ قلم اور مسل بھی رکھ
لیتے ہیں۔ اگر واقعی کان نہ ہوتے تو ہم نہ صرف سن نہیں سکتے تھے بلکہ بول بھی نہیں سکتے تھے
آپ نے دیکھا ہو گا کہ اکثر بہرے بچے گونگے بھی ہوتے ہیں اس کی وجہ یہ ہے کہ انہوں نے الفاظ
کو سنا نہیں ہوتا ہے. اس لئے وہ بول نہیں پاتے کان کے اندر کیا ہے ؟ آپ کہیں گے سونا ہوتا
ہے کو نہ بھی ہوتا ہے کبھی ہمیرے بھی مل جاتے ہیں۔ ہم اس کان کا ذکر نہیں کر رہے بلکہ اس دقت
اس کان کا ذکر کر رہے ہیں . جس پر تمام بدن کا توازن قائم ہے ۔
ہر کان کے تین حصے ہوتے ہیں از بیرونی درمیانی اندرونی بیرونی اور درمیانی حصوں کا
تعلق سماعت یا سننے سے ہوتا ہے لیکن اندرونی حصے کا تعلق جس توازن سے ہوتا ہے .
بیرونی کان آواز کی موجوں کو جمع کرتا ہے اور ایک نالی کے ذریعے کان کے پردے میں ارتعاش
پیدا کرتا ہے ۔ درمیانی کان کا تعلق ایک زنجیری نالی کے ذریعے حلق کی پشت سے ہوتا ہے.
یہ نالی دونوں کے کان کے پردوں پر ہوا کے دباؤ کو برابر رکھتی ہے ۔ درمیانی کان سے آواز
کا ارتعاش گزر کر اندرونی کان میں جاتا ہے جہاں یہ اعصابی دھڑکن میں بدل جاتا ہے. یہ دھڑکن
دماغ کی سماعتی عصب کو منتقل ہوتی ہے جہاں آواز کا احساس ہوتا ہے ۔
یہ تو کان کے پیچیدہ سے کام کا سادہ سا تعارف ہے . اگر بچوں کے کان میں سخت درد ہوتا
ہے اس کی سب سے بڑی وجہ کان میں میل کا حجم جانا ہوتا ہے، یا پھر
کوئی انفکشن یعنی جراثیم کان
پر حملہ کر دیتے ہیں . اسپرین یا پیراسٹامول کا استعمال درد کو تھوڑا بہت کم تو کر دیتا ہے . لیکن
بہتر یہ ہے کہ فوری طور پر کسی ڈاکٹر سے رابطہ قائم کیا جائے ۔ بچوں میں درمیانی کان کا انفکشن زیادہ
عام ہے حلق کے ذریعے جراثیم زنجیری نالی سے درمیانے کان تک پہنچ جاتے ہیں۔
کان کا مرض عموماً ٹانسلز ، خسرہ ، انفلوائنزا فلو) کے بعد ہوتا ہے ، ہم بچوں کے امی ابو سے
یہ کہیں گے کہ وہ بچوں کا ان امراض کے بعد خاص خیال رکھیں کیونکہ بچوں کے کان میں درد ہونے
کی صورت میں ان کے بہرے ہونے کا خطرہ زیادہ ہوتا ہے ان کے کان کے اندر گھنٹیاں بجنے
لگتیں ہیں اور خدا نخواستہ کہیں کان کے پردے میں چھید ہو جائیں تو کان سے خون بہنے لگتا ہے
کان کے درد کا سبب صرف کان کے اندر کوئی انفکشن نہیں ہوتا بلکہ ٹانسدہ اور دانت کا
درد بھی کان کے درد کا بنیادی سبب ہوتے ہیں ۔
بہرے پن کی دو اقسام ہوتی ہیں۔ پہلی قسم میں بیرونی کان سے آواز کی ترسیل میں رکاوٹ
پیدا ہوتی ہے. اس رکاوٹ کا سبب کان میں جما ہوا میل ہے اس قسم کے بہرے پن کا ایک
ایک اور سبب درمیانی کان کی ہڈیوں میں کا سخت ہونا بھی ہوتا ہے .
.
دوسری قسم کے بہرے پن میں عصبی بہرا پن ہے اس میں سمعی عصب بالکل تباہ ہو جاتی
ہے. اس قسم کے بہرے پن کا سبب غلط دواؤں کا استعمال ہے ۔
کان کے اندر مختلف قسم کا میل جم جاتا ہے . ان کی ابتداء میں صفائی کرائی جائے تو آگے آنے
والے بہرے پن سے بچا جاسکتا ہے. تیرا کی کے بعد کان کی صفائی کرانا چاہیئے وہ بچے جو کان
سے ہیڈ فون لگا کر سنتے ہیں انہیں بھی کان کی صفائی وقتاً فوقتاً کراتے رہنا چاہیے بہت تیز
قسم کے شور سے بچنا چاہیے ۔ خاص طور پر تیز موسیقی سے کیونکہ اس سے آپ کی سماعت
متاثر ہونے کا خطرہ رہتا ہے ۔
لڑائی جھگڑے سے ویسے بھی بچنا چاہیے لیکن خاص طور پر کان کو بچانا بہت ضروری
ہے کیونکہ اندرونی کان کا توازن خراب ہونے سے جسمانی توازن کے حزاب ہونے کا بھی
اندیشیہ ہوتا ہے اور کان کو کھانے کے لئے کوئی سوٹی اور تنکا وغیرہ کان میں نہ ڈالیں. اس
طریقے سے کان کے پردے کو سوئی اور تنکا وغیرہ کان میں نہ ڈالیں. اس طریقے سے کان کے
پر دے کو نقصان پہنچنے کا اندیشہ ہوتا ہے. ہمیں امید ہے کیا آپ نے یہ تمام باتیں کان کھول کر سنی
ہوں گی یا کہیں ایسا تو نہیں ہے کہ آپنے دونوں کانوں میں انگلیاں ٹھوس لی ہوں یا پھر ایک
کان سے سن کر دوسرے کان سے نکال دی ہوں ۔",816
P3_1988_06,Ankh Micholi,1988,Magazine,"انسانی جسم کے تمام اعضاء میں دماغ سب سے زیادہ پیچیدہ عضو ہے ۔ اس کی پیچیدگی
کا اندازہ اس بات سے ہوتا ہے کہ آج جب کہ انسان کائنات کے سب سے منھے ذرے یعنی ایم کو توڑ کرگیس کے رازوں
سے واقف ہو چکا ہے۔ چاند کو تسخیر کر کے دوسرے سیاروں کو فتح کرنے کے لیے عملی اقدامات کر رہا ہے۔ انسانی دماغ دنیا
بھر کے سائنس دانوں کے لیے ابھی تک ایک معمہ بنا ہوا ہے ۔
انسانی دماغ پر ہونے والی اب تک
کی تحقیقات سے ہمیں دماغ کے صرف ، ارفیصد حصے کے بارے میں معلوم
ہو سکا ہے کہ وہ کیا کام انجام دیتا ہے۔ انسانی دماغ کا باقی - 4 فیصد حصہ کیا افعال انجام دیتا ہے. اس کے بارے میں ہمیں کچھ
معلوم نہیں ہے۔ آج بھی دنیا بھرمیں سینکڑوں ماہرین انسانی دماغ کے معمے کو حل کرنے کے لیے دن رات کام کر رہے ہیں۔
اگر آپ انسانی دماغ کے نقشے کو دیکھیں گے تو آپ کو محسوس ہو گا کہ وہ گلوب کے نقشے سے بہت حد تک ملتا جلتا
ہے۔ تحقیقات سے پتہ چلا ہے کہ انسانی دماغ کو نارمل حالت میں کام کرنے کے لیے ایک منٹ میں وہ لیٹر خون درکار ہوتا
ہے اور اگر دماغ کو ملنے والی آکسیجن اور گلوکوز کی فراہمی ایک منٹ کے لیے بھی معطل ہو جائے تو انسان بے ہوش ہو جائے گا۔
اور اگر آکسیجن اور گلوکوز کی فراہمی تقریباً آٹھ منٹ تک معطل رہے تو انسان ہلاک ہو جائے گا۔
انسانی دماغ کی ساخت برسات کے موسم میں خود بخود آگ آنے والی سانپ کی چھتری سے مشابہت رکھتی ہے
انسانی دماغ کی ساخت کو سمجھنے کے لیے اُسے تین حصوں میں تقسیم کیا گیا ہے ۔ سائنس دانوں کا خیال ہے کہ انسانی دماغ
کا وہ حصہ جو سب سے پہلے دریافت ہو اتھا انسان کے بہت اہم افعال جیسے حرکت قلب تنفس اور کھانسنے وغیرہ کو
کنٹرول کرتا ہے۔ جبکہ انسانی دمائع کے دوسرے حصے میں جذبات، ذائقہ اور سونگھنے کی صلاحیتیں موجود ہیں اسی طرح
دمانع کا تیسرا حصہ جو کچھ ملین برس قبل ہی مسلسل ارتقاء کے نتیجے میں وجود میں آیا ہے انسان کو مختلف اشاروں کو
سمجھنے ،
گفتگو کرنے اور تجریدی انداز میں سوچنے کے قابل بناتا ہے ۔
جب بچہ ماں کے پیٹ میں ہوتا ہے تو اُس وقت نہیں کے دماغ کے اعصابی خلیوں کے وجود میں آنے کی رفتار
۴۰۰ ۲ فی منٹ ہوتی ہے اور یہ عمل مسلسل نو ماہ تک جاری رہتا ہے ایک اندازے کے مطابق ایک مکمل انسانی دماغ
تقریبا ارارب خلیوں پر مشتمل ہوتا ہے۔ انسانی دماغ کے ہر اعصابی خیلے کے ساتھ اسی نوعیت کے اور بھی فیلے ہوتے
ہیں اور ان خلیوں کو آپس میں جوڑنے والی بال سے بھی زیادہ باریک رگیں ہوتی ہیں خلیوں اور ان باریک رگوں سے مل
کر مکڑی کے جالے کی طرح کی ایک شکل بن جاتی ہے۔
ماہرین کا کہنا ہے کہ انسان کی ذہنی صلاحیت بڑی حد تک انسانی دماغ کے اعصابی خلیوں کے وجود میں آنے کی رفتار
اور ان خلیوں کو آپس میں ملانے والی رگوں یانسوں کی تعداد پر منحصر ہوتی ہے۔ سائنس دانوں کا خیال ہے کہ دماغ میں خلیوں کے
درمیان
رابطہ پیدا کرنے والی رگوں کے وجود میں آنے کی رفتار ایک ہزار فی سیکنڈ ہوتی ہے تاہم ماہرین ابھی تک یہ بتانے
کے قابل نہیں ہو سکے ہیں کہ ایک ارب خلیوں کے درمیان رابطہ پیدا کرنے والی رگوں کی کل تعداد کتنی ہوتی ہے ؟۔ ۔ ۔
سائنس دانوں کا کہنا ہے کہ جس انسان کے دماغ میں جتنی زیادہ رابطہ پیدا کرنے والی رگیں ہوں گی وہ اتناہی زیادہ ذہین ہوگا۔
انسانوں کے چہروں کی طرح انسانی دماغ کے اعصابی خلیے بھی ایک دوسرے کی طرح نہیں ہوتے ۔ ایک اعتبار سے
دیکھا جائے تو انسانی دمامع کا ہر خلیہ ایک کیمیاوی کارخانے کی طرح ہے۔ کیونکہ یہ بے حد انتھا سایہ ہزاروں اقسام کے
کیمیاوی عناصر پر مشتمل ہوتا ہے۔
آپ یہ پڑھ کہ یقینا حیران ہوں گے کہ یہ اعصابی خلیے چیونٹیوں کی طرح آپس میں گفتگو بھی فرماتے ہیں، اور اپنی
بات کو دوسروں تک پہنچانے کے لیے کیمیاوی اشارے یعنی کو ڈر استعمال کرتے ہیں۔ وہ کیمیاوی عناصر جن کی مدد سے یہ
اعصابی خلیے آپس میں گفتگو کرتے ہیں اصطلاح میں MEDIATORS یعنی رابطہ پیدا کرنے والے کہلاتے ہیں.
اب تک ان کیمیائی عناصر میں سے چالیس کی شناخت ہو چکی ہے، لیکن ماہرین
کا خیال ہے کہ یہ تعداد بڑھ سکتی ہے ۔
اعصابی نیلے آپس میں گفتگو کے لیے کیمیاوی زبان کے علاوہ اُس برقی رو کو بھی اپنا پیغام ایک دوسرے تک پہنچانے
کے لیے استعمال کرتے ہیں جو انسانی دماغ میں ہر وقت جاری رہتی ہے سائنس دانوں
کا خیال ہے کہ اگر اعصابی خلیوں کی
کیمیا دی اور برقی سرگرمیوں
کو کنٹرول کر لیا جائے تو انسان کی بہت سی دماغی بیماریوں کا علاج ممکن ہو جائے گا۔ چنانچہ
اس صورت حال کو پیش نظر رکھتے ہوئے سوٹزر لینڈ کے ایک سائنس دان ہیس نے ۱۹۲۴ء میں انسانی دماغ میں خاص
طور پر تیار کردہ آلہ ELECTRODE لگانے کا تجربہ کیا تھا جس کی مدد سے انسانی دماغ کے ایک اعصابی خلیے کی آواز
سنا بھی ممکن ہوگیا تھا ۔ تاہم ان اعصابی خلیوں کے مختلف اشاروں کے کیا معنی ہیں ؟ اور بحیثیت مجموعی انسانی دماغ کس
اصول کی بنیاد پر کام کرتا ہے ؟ ایسے سوالات ہیں جن کا کوئی واضح جواب سائنس دانوں کے پاس نہیں ہے ۔
انیسویں صدی میں ایک جرمن سائنس دان دیگز نے انسانی دماغ کے سلسلے میں ایک بڑا دلچسپ تجربہ کیا تھا۔
دیگز کا خیال تھا کہ دنیا کے ذہین ترین افراد چونکہ فکر و دانش کے اعتبار سے دیگر لوگوں سے ممتاز ہوتے ہیں۔ اس لیے
اُن کے اعصابی خلیے کا بھورا حصہ جو کہ خلیے کا بنیادی حصہ ہوتا ہے ۔ یقینا ساخت کے اعتبار سے عام لوگوں سے مختلف
ہوتا ہو گا ۔ تاہم اُسے اپنے تجربے سے سخت مایوسی ہوئی کیونکہ وہ عام انسانوں اور غیر معمولی ذہانت رکھنے والوں کے
اعصابی خلیوں کی ساخت میں کوئی فرق دریافت کرنے میں ناکام رہا۔
ایک زمانے میں سائنسدانوں کا یہ خیال بھی رہا کہ جس شخص کے دمائع کا وزن زیادہ ہوتا ہے ۔ وہ کم وزن کا دماغ
رکھنے والے شخص سے زیادہ ذہین ہوتا ہے، لیکن تجربوں نے اس مفروضے کو بھی غلط ثابت کر دکھایا۔ مثال کے طور پر
روس کے عظیم ناول نویس اور افسانہ نگار ترگنیف کے دماغ کا کل زن دو کلو گرام تھاجبکہ فرانس کے عظیم ناول نگار اناطول
فرانس کے دماغ کا وزن صرف ایک کلو گرام تھا، لیکن یہ دونوں حضرات غیر معمولی تخلیقی صلاحیتوں کے حامل تھے گویا اس بات
کا تعین ابھی تک نہیں ہو سکا ہے کہ انسانی ذہانت کو ناپنے کا سائنسی اصول کیا ہے ؟
انسانی دماغ کو اُس کی حیرت انگیز صلاحیتوں کی بناء پر جدید سائنس میں زندہ کمپیوٹر کا نام دیا گیا ہے۔ تاہم ہے
بات یقین کے ساتھ نہیں کہی جاسکتی کہ انسانی دماغ کمپیوٹر کی طرح کام کرتا ہے لیکن جیسا کہ برطانیہ کے نوبل انعام یافتہ سائمندان
فرانس کرک نے کہا ہے کہ انسانی دماغ کے بارے میں تہاری معلومات
کی نوعیت ابھی تک ایک فریب کے سوا کچھ نہیں
ہے کیونکہ ہم اپنے دماغ میں آنے والے خیالات کا ایک نہایت معمولی حصہ یا د رکھ پاتے ہیں اور اب جبکہ سائنسدان لکھوں
کہکشاؤں کے درست نقشے تیار کرنے میں کامیاب ہو چکے ہیں۔ انسانی دمانع ابھی تک سائنس دانوں کے لیے ناقابل حمل
مسئلہ بنا ہوا ہے چنا نچہ کہا جاسکتا ہے کہ انسانی دمائع کی کارکردگی کے بارے میں ہماری بیشتر معلومات قیاسات کے سوا
کچھ بھی نہیں ہیں۔
البتہ جہاں تک اس بات کا تعلق ہے کہ انسانی دماغ کمپیوٹر کی طرح کام کرتا ہے تو یہ بات بعض ایسے لوگوں نے ثابت
کر دی ہے جو دنیا بھر میں با قاعدہ طور پر اپنی ذہانت اور ذہنی کارکردگی کا مظاہرہ کرتے ہیں۔ ان میں سے بعض لوگوں نے
کمپیوٹر کی کارکردگی کو چیلنج کیا ہے اور نہ صرف یہ بلکہ انھوں نے کمپیوٹر کوشکست بھی دی ہے۔ مثال کے طور پر آج سے
تقریبا بیس سال پہلے ڈیگو برٹ نام کے ایک فرانسیسی نے دعوئی کیا تھا کہ کمپیوٹر جتنے وقت میں صرف سات سوال حل کیے
گا وہ اتنی مدت میں ۔۔۔ دس سوالات حل کر سکتا ہے۔ چنانچہ اس کے اور کمپیوٹر کے درمیان دس سوالات حل کرنے کا مقابلہ
ہوا۔ اور حیرت انگیز طور پر ڈیگو برٹ نے کمپیوٹر سے ایک منٹ ۳۵ سیکنڈ پہلے دس کے دس سوالات حل کر دیے۔
انسانی ذہن کی تیز رفتاری کے ساتھ ساتھ انسانی یاد داشت بھی حیرت انگیز واقع ہوئی ہے۔ سائنسی تجربات سے یہ
بات ثابت ہو چکی ہے کہ آدمی ایک ہفتے میں ایک غیر ملکی زبان سیکھ سکتا ہے اور نہ صرف یہ بلکہ وہ اس زبان کے ایک ہزار
الفاظ بھی ایک بار پڑھ کر یا درکھ سکتا ہے ۔
سائنس دانوں کا کہنا ہے کہ انسانی دماغ بے پناہ حیرت انگیز صلاحیتوں کا حامل ہے اور ابھی ہم نے صرف یہ جاننا
شروع کیا ہے کہ ایک فرد کس قدر قابلیتوں کا حامل ہو سکتا ہے۔ ان کا کہنا ہے کہ انسانی دماغ ایک ایسا جادو بھر صندوق
ہے جس کے تالے کی چابی کھو گئی ہے اور جس دن کسی شخص کو یہ کھوئی ہوئی چابی ہل گئی وہ دن انسانی زندگی میں ایسی
تبدیلیاں پیدا کرے گا جس کا انسان تصور بھی نہیں کر سکتا ۔",1567
P3_1988_07,Ankh Micholi,1988,Magazine,"آپ ہر روز اپنے ہاتھوں سے بہت سارے کام کرتے ہوں گے ۔ لکھتے ہوئے، کھانا کھاتے ہوئے، وضو کرتے
ہوئے اور سب سے بڑھ کر دعا مانگتے ہوئے آپ کی نظر اپنے ہاتھوں پر ضرور پڑتی ہوگی ۔ کبھی آپ نے اپنے ہاتھوں کی
انگلیوں پر بنے ہوئے نشانات اور ان کی ساخت پر غور کیا ہے ۔ یا آپ نے سوچا کہ انگلیوں پر بنے ہوئے ان نشانات
کا کیا مقصد ہے ؟ اس سوال کا ایک جواب تو یہ ہے کہ انگلیوں کے یہ نشانات یعنی فنگر پرنٹس کا ایک مقصد شناخت
کرتا ہے ۔ آپ یقیناً حیران ہوں گے کہ فنگر پرنٹس کا شناخت کرنے کے عمل سے کیا تعلق ہو سکتا ہے ۔ آئیے ہم آپ کو
بتاتے ہیں۔
بظاہر فنگر پرنٹس ایک جیسے نظر آتے ہیں مگر حقیقت ایسا نہیں ہے۔ کسی بھی دوا فراد کے حتی کہ ان لوگوں
کے فنگر پر پیش
بھی ایک جیسے نہیں ہوتے جو جڑواں پیدا ہوتے ہیں۔ فنگر پرنٹس کی تشکیل اسی وقت ہو جاتی ہے جب انسان پیدا ہوتا
ہے۔ اس کے بعد اس کی موت تک یہ لکیریں اس کے ساتھ ساتھ ہوتی ہیں۔
فنگر پرنٹس کی چار قسمیں ہوتی ہیں ۔
اب محراب دار Arch Type اس قسم کے فنگر پرنٹ پوری دنیا میں صرف چھ فیصد کی تعداد میں پائے
جاتے ہیں۔
۲- چھتے دار Loops یہ قسم پوری دنیا میں پچیس فیصد کی تعداد میں موجود ہے۔
- بهنور دار Whorl اس قسم کے فنگر پرنٹس کی تعداد دنیا بھر میں سب سے زیادہ ہے۔ یہ ساتھ سے
پینسٹھ فیصد کی تعداد میں موجود ہیں۔
م - حادثاتی Composites یہ چار فیصد سے لے کر نو فیصد تک پائے جاتے ہیں۔
نگر پرنٹ کی قسمیں اور تعداد معلوم ہو جانے کے بعد مختلف قسم کے جرائم کی تقلیش میں بڑی مدد ملی ہے۔ اس
لیے کہ جرائم کی تفتیش کے دوران سب سے پہلا مرحلہ فنگر پرنٹس کے نمونے حاصل کرنا ہوتا ہے۔ یعنی جرم کے دوران مجرم
کے ہاتھ کے نشانات کی مدد سے اس کی شناخت آسانی سے ہو جاتی ہے۔ فنگر پرنٹ کا نمونہ سب سے پہلے محکمہ
پولیس کے اس شعبے میں بھیجا جاتا ہے۔ جہاں مجرموں کی انگلیوں کے نشانات کا ریکارڈ موجود ہوتا ہے ۔ وہاں معلوم
ہو جاتا ہے کہ جائے واردات سے انگلیوں کے جو نمونے حاصل کیے گئے ہیں وہ کس مجرم کے ہیں ۔ یہ معلوم ہو جانے
کے بعد قانون نافذ کرنے والے ادارے یعنی پولیس اور انٹیلی جنیں کے افراد بہت جلد مجرم کو اپنی گرفت میں لے لیتے
ہیں۔ بعض اوقات ایسا بھی ہوتا ہے کہ جائے واردات سے حاصل کیے گئے نشانات پولیس ہیڈ کوارٹر میں موجود نہیں
ہوتے ۔ اس مسئلے کو حل کرنے کے لیے یہ نمونے دوسرے شہروں کی پولیس کو بھیجے جاتے ہیں۔ تا کہ یہ معلوم ہو سکے کہ وہاں
میں قسم کا کوئی نمود موجود ہے یا نہیں۔ اس سے یہ معلوم کرنے میں آسانی رہتی ہے کہ مجرم کس شہر کا ہے۔ بعض اوقات
ایسا بھی ہوتا ہے کہ کوئی شخص پہلی مرتبہ کی جرم کا ارتکاب کرتا ہے ۔ ایسی صورت میں اس کی انگلیوں کے نشانات حاصل
کرکے فنگر پرنٹ سیکشن میں جمع کر دیا جاتا ہے۔ فنگر پرنٹ سیکشن میں صرف انگلیوں کے نشانات ہی نہیں موجود ہوتے
بلکہ مجرم کے جرائم کا مکمل ریکارڈ بھی ہوتا ہے جس سے یہ معلوم کرنے میں آسانی رہتی ہے کہ مجرم اب تک کتنے جرائم کا
ارتکاب کر چکا ہے ۔
آج سے ہزاروں سال پہلے چینیوں نے بھی مختلف مقاصد کے لیے فنگر پرنٹ کا استعمال کیا تھا لیکن سب سے
پہلے جس شخص نے مجرموں کی شناخت کے لیے فنگر پرنٹ استعمال کیا وہ برطانیہ کے ڈاکٹر ہنری فائنڈ ز تھے ۔ یہ ۶۱۸۸۰
کا ذکر ہے ۔ اس کے بارہ سال بعد ایک اور نامور برطانوی سائنسدان سر فرانس گیلیٹن نے ثابت کیا کہ دو اشخاص کے فنگر پرنٹ
ایک جیسے نہیں ہوتے ۔ اس کے علاوہ انھوں نے پہلی مرتبہ فنگر پرنٹ کا مکمل ریکارڈ جمع کیا۔
امریکہ میں ۶۱۹۲۴ میں فیڈرل بیورو آف انویسٹیگیشن 1 .F. B میں ایک محکمہ شناخت قائم کیا گیا ۔
اُس وقت وہاں آٹھ لاکھ دس ہزار ایک سو اٹھارہ افراد کے فنگر پرنٹ کے نمونے موجود تھے ۔
آج کل ایف بی آئی میں موجود فنگر پرنٹ کے نمونوں کی تعداد دس کروڑ سے بھی زائد ہے ان میں چھوں بڑا کوؤں
قاتلوں اور بین الاقوامی سطح کے مجرموں کے فنگر پرنٹ ہیں۔",734
P3_1989_08,Ankh Micholi,1989,Magazine,"بہت سے لوگ ایسے بھی ہیں جو جنوں اور بھوتوں پر یقین نہیں رکھتے ۔ وہ سمجھتے ہیں کہ ڈرے
ہوئے اور تو تیم پرست لوگوں نے جنوں اور بھوتوں کے وجود کو فرض کر لیا ہے اور جھوٹ موٹ ایسے
اور تو تم
واقعات مشہور کرتے رہتے ہیں۔ جنہیں سن کر لوگ خوفزدہ ہوں ۔ اس مختصر سے مضمون میں ہم آپ
کو یہ بتانے
کی کوشش کریں گے کہ قرآن حکیم اس بارے میں کیا کہتا ہے . قرآن حکیم کتاب ہدایت ہے اور ہمیں ہر
معاملے میں سب سے پہلے اسی سے رجوع کرنا چاہیے .
سورۃ رحمان میں اللہ تعالیٰ کا ارشاد ہے کہ انسان کو اُس نے ٹھیکری جیسے سوکھے گارے سے بنایا
اور جن کو آگ کی لپٹ سے اس آیت سے پتہ چلتا ہے کہ انسانوں کی طرح جن بھی اللہ کی مخلوق ہیں۔
دوسری اہم بات یہ معلوم ہوئی کہ انسان خاکی مخلوق ہے اور جنات آتشیں و جو در کھتے ہیں ۔ جن عربی
زبان کا لفظ ہے ۔ جس کا مفہوم ہے پوشیدہ ہوتا یا غائب ہوتا ۔ اس لفظ کے مادے سے جتنے الفاظ بھی ہفتے
ہیں مثلا من ، جنین، جنون، جنت وغیرہ میں قدرے مشترک یہ ہی ہے کہ یہ سب چیزیں عام طور پہ بر
دیکھنے میں نہیں آتیں۔ چونکہ جنوں کے جسم خالص آتشیں اجزا سے مرکب میں۔ اس لیے وہ انسانوں کو عام
طور پر نظر نہیں آتے ۔ سورۃ اعراف کی یہ آیت اسی طرف اشارہ کرتی ہے ۔ کہ شیطان اور اس کا قبیلہ تم کو ایسی
جگہ سے دیکھ رہا ہے ۔ جہاں تم اس کو نہیں دیکھ سکتے ۔ یہاں پر یہ بھی یاد رہے کہ جنوں کی پیدائش انسانوں
سے پہلے ہوئی ۔ سورۃ کہف میں ارشاد ہے کہ اللہ تعالیٰ نے جب آدم کو پیدا کیا تو فرشتوں سے کہا کہ وہ سجدہ
کریں تو ابلیس کے سوا سب نے سجدہ کیا۔ کیونکہ وہ جنوں میں سے تھا ۔ اور اُس نے اپنے رب
کی نافرمانی
کی ، معلوم یہ ہوا کہ سجدہ کا یہ حکم قام مخلوقات کے لیے تھا۔ تاکہ انسان کی برتری و عظمت کا اعتراف کیا جائے۔
اور اُسے اشرف المخلوقات مانا جائے۔ چونکہ فرشتے حکم الہی سے سرتابی نہیں کر سکتے تھے ۔ لہذا وہ حکم بجالائے۔
جبکہ شیطان جنوں میں سے تھا ۔ اختیار کی آزادی رکھتا تھا۔ لہذا غرور و تکبیر کی وجہ سے اس نے سجدہ کرنے
سے انکار کیا اور خدا کے غضب کا نشان بنا، انسانوں کے مقابلے میں جنات کی طاقت کہیں زیادہ ہوتی ہے۔
سورۂ سیار میں ہے کہ ملک سلیمان میں جنات حضرت سلیمان کے تابع فرمان تھے۔ جو آپ کے حکم
سے بڑے بڑے کام انجام دیتے تھے۔ ارشاد ہے کہ وہ ان کے نئے قصر مجھے اور حوض جیسے بڑے بڑے
لگن اور بھاری جمی ہوئی دیگیں بناتے تھے ۔ سورہ نحل میں ہے کہ حضرت سلیمان نے جب ملکہ سبار کا تخت
طلب کیا ۔ جو اُن کی سلطنت سے ہزاروں میل دور تھا ۔ تو ایک محضریت ردیو ہیکل، جن بولا - کہ میں وہ
تخت آپ کے بیٹھ کر اُٹھنے جتنے وقت میں حاضر کر دوں گا ۔ اس سے اندازہ کیا جاسکتا ہے کہ جنات
کتنی غیر معمولی طاقت رکھتے ہیں۔ بعض لوگوں کا خیال ہے کہ جنات مغیب کا علم رکھتے ہیں۔ مستقبل کی
بات جان سکتے ہیں۔ جبکہ یہ بات بالکل بے اصل اور غلط بات ہے ۔ غیب کا علم صرف اللہ کو ہے
کوئی مخلوق بھی غیب کی بات کو اپنی صلاحیت اور طاقت سے نہیں جان سکتی ۔ سورہ سبار میں ہی ہے
کہ حضرت سلیمان لاٹھی کے سہارے کھڑے جنوں سے کام لینے میں مصروف تھے کہ ان کا انتقال ہو گیا۔
جنوں کو ان کی موت
کا پتہ بھی نہ چلا اور وہ مصروف رہے ۔ یہاں تک کہ ان کی لاٹھی کو جب کیڑے نے
کھایا اور وہ گر پڑے تو جنوں کو معلوم ہوا کہ سلیمان علیہ السلام انتقال کر چکے ہیں۔ البتہ جنات عالم بالا کی
طرف پرواز کر سکتے ہیں مگر ایک خاص حد سے آگے نہیں جا سکتے ۔ اگر وہ اس حد سے آگے بڑھنے کی کوشش
کرتے ہیں تو شہاب ثاقب مارکر اُنہیں بھیگا دیا جاتا ہے ۔ یہ مضمون سورہ حجر میں بیان ہوا ہے ۔
جن انسانوں
کی طرح با اختیار مخلوق ہے۔ جس طرح اللہ نے انسانوں کو عبادت
کا حکم دیا ہے۔ جنوں کی
پیدائش کا مقصد بھی عبادت ہی قرار دیا گیا ہے وما خلقت الجن والانس الا ليعبدونه
لہذا جنوں میں بھی مومن، کافر، فاسق اور گنہ گار ہوتے ہیں حضور نبی کریم صلی اللہ علیہ وسلم سے بھی جنات کی
دومرتبہ ملاقات ثابت ہے ۔ ایک ملاقات کا ذکر سورہ احقاف میں ہے اور دوسری ملاقات کا ذکر سورہ جن میں
ہے ۔ طائف کا مشہور واقعہ ہم سب کے علم میں ہے کہ اہل مکہ کے ایمان نہ لانے اور مسلمانوں کو طرح طرح کی
اذیتیں دینے کی وجہ سے رسول اللہ صلی اللہ علیہ وسلم نے طائف والوں کو اسلام کی دعوت پہنچانے کا ارادہ
فرمایا ۔ طائف والوں نے بھی آپ پر پتھر برسائے ۔ یہ واقعہ ہجرت سے تین سال پہلے نہ نبوی میں پیش
آیا ۔ اس سفر سے والیسی پر آپ نخلہ ایک جگہ پر جا کہ ٹھہرے اس مقام پر رات کو آپ قرآن مجید کی تلاوت
فرمارہے تھے کہ جنوں کے ایک گروہ کا اُدھر سے گزر ہوا انہوں نے قرآن سنا، ایمان لائے اور واپس اپنی قوم میں
جاکر تبلیغ اسلام شروع کر دی ۔ اس
واقعہ کو قرآن نے یوں بیان کیا ہے ۔
اور وہ واقعہ بھی قابل ذکر ہے، جب ہم جنوں کے ایک گروہ کو تمہاری طرف لے آئے تھے تاکہ قرآن نہیں۔
جب وہ اس
وہ اس جگہ پہنچے جہاں تم قرآن پڑھ رہے تھے تو انہوں نے آپس میں کہا۔ خاموش ہو جاؤ ۔ پھر جب وہ
پڑھا جا چکا تو وہ خیر دار کرنے والے بن کر اپنی قوم کی طرف پلئے ۔ انہوں نے جا کر کہا اے ہماری قوم کے لوگو، ہم
نے ایک کتاب سُنی ہے جو موسیٰ کے بعد نازل کی گئی ہے ۔ تصدیق کرنے والی ہے ، اپنے سے پہلے آئی ہوئی
کتابوں
کی رہنمائی کرتی ہے۔ حق اور راہ راست کی طرف ۔ اے ہماری قوم کے لوگو! اللہ کی طرف بلانے والے کی
دعوت قبول کر لو۔ اور تمہیں عذاب الیم سے بچائے گا “ (سورۂ احقاف، آیت نمبر ۲۹، ۳۱٫۳۰)
جنوں سے ہٹ کر بھوت پریت کے الگ سے وجود کا علم ہم نہیں رکھتے ۔ اتنی بات ضرور ہے کہ
جنات لطیف جسم ہونے کی بنا پر اپنے آپ کو مختلف شکلوں میں ڈھال لیتے ہیں ۔ وہ انسان، حیوان چرند
پرند کا روپ بھی اختیار کر سکتے ہیں، تو عین ممکن ہے کہ عام لوگ میں چیزوں کو بھوت پر بیت کے نام سے
جانتے ہوں وہ جنات کی ہی بدلی ہوئی شکلیں ہوں۔ واللہ اعلم۔",1135
P3_1989_09,Ankh Micholi,1989,Magazine,"کم ہی لوگ ایسے ہوں گے جو اس بات کا اقرار کرنے کی ہمت رکھتے ہوں کہ وہ خوفزدہ بھی ہوتے ہیں۔
آپ کسی سے پوچھیے کہ کیا آپ کو ڈر لگتا ہے ۔ وہ بے ساختہ کہ اُٹھے گا ۔ بالکل نہیں ۔ مجھے ڈرور نہیں لگتا ہے
جب آپ دوبارہ سوال کریں کہ اچھی طرح سے سوچ کر بتائیے کہ کیا آپ کبھی نہیں ڈرے ؟ آپ کا سنجیدہ
لہجہ دیکھ کر ایک لمحے کے لیے وہ سوچ میں ڈوب جائے گا اور ممکن ہے اعتراف کر لے کہ اُسے اندھیرے کمرے
میں جانے سے وحشت ہوتی ہے یا وہ رات کے وقت قبرستان کے سامنے سے نہیں گزر سکتا۔ یا اس سے ملتا جلتا
کوئی اور جواب ۔ لہذا اس سوال پر غور کرنے سے پہلے کہ "" ہم کیوں ڈرتے ہیں ؟؟ اس بارے میں سوچنا چاہیئے کہ ہم
ڈرنے کا اعتراف کرنے سے اتنے شرماتے کیوں ہیں ؟ اصل میں اس کی وجہ نفسیاتی ہے ۔ عام طور پر سمجھا جاتا ہے
کہ یا تو نیچے ڈرتے ہیں یا پھر بزدل اور ڈرپوک لوگ۔ اور کون ہے جو خود کو بچہ یا بزدل کہلانا پسند کرے گا . اسی وجہ سے
ایسے لوگ آپ نے مشکل ہی سے دیکھے ہوں گے تو اعلانیہ کہتے ہوں
کہ مجھے تو بیٹی بہت ڈر لگتا ہے، خاص طور پر
اس قسم کے مجھے لڑکوں یا مردوں کے منہ سے تو شائد ہی نکلتے ہوں ۔ اس کے برعکس ایسے سورماؤں سے شاید آپ
واقف ہوں جو خود کو بہت بہادر، جی دار اور بے خوف ظاہر کرتے ہیں لیکن موقع آنے پر پتہ چلتا ہے کہ وہ تو
اندر سے بے حد ڈرپوک نکلے۔ دراصل اس قسم کی بہادری ایک نقاب ہوتی ہے جسے پہن کر اکثر تیس مار خاں
دوسروں پر رعب گا نٹھتے رہتے ہیں ۔
ماہرین نفسیات اس بات پر متفق ہیں کہ خوف یا ڈر ایسی ہی جبلت ہے جیسے خوشی اور غم، محبت اور نفرت
دیرہ۔ سائنس کتنی ہی ترقی کر جائے ۔ علوم کے میدان میں انسان کتناہی آگے بڑھ جائے لیکن خوف کا مادہ اس کے
اندر ہمیشہ موجود رہے گا۔ اس معاملے میں ایک وحشی اور جنگلی انسان اور ایک مہذب
و متمدن انسان میں کوئی فرق
نہیں۔ ہاں یہ ضرور ہے کہ زمانے نے جیسے جیسے ترقی کی ہے بہت سی چیزوں کے متعلق انسانوں کا خوف ماضی
کے مقابلے میں اب کم بلکہ بالکل ختم ہوکر رہ گیا ہے ۔ مثلاً قدیم زمانے کا انسان مظاہر فطرت سے خوف کھاتا تھا۔
مہیب پہاڑ ، خوفناک چٹانیں، بادل کی گرج ، بجلی کی کڑک اور اس قسم کے دیگر عناصر فطرت انسانوں کے لیے ڈراؤنے
تھے ۔ لیکن اب جبکہ سائنس نے ان کی حقیقت کھول کر انسانوں کے سامنے رکھ دی ہے ۔ اس لیے آج کے انسان
نے ان چیزوں سے ڈرنا چھوڑ دیا ہے۔ لیکن آج بھی ایسے لوگوں کی کمی نہیں جو نا دیدہ قوتوں سے خوفزدہ رہتے ہیں۔
اور جنوں اور بدروحوں کے قصوں پر نہ صرف یقین رکھتے ہیں بلکہ اُن کا انجانا خوف انہیں دہلائے رکھتا ہے۔
اب آئیے اس سوال کی جانب کہ ہم آخر ڈرتے کیوں ہیں؟ اس جذبے کا تجزیہ اس لیے مشکل ہے کہ خون
کی ہزاروں شکلیں ہیں۔ خوف انسان کی اندرونی حقیقت ہے ، یہ ذہن کی ایک کیفیت کا نام ہے جو اعصاب کو
متاثر کرتی ہے اور بعض صورتوں میں اُسے معطل کر کے رکھ دیتی ہے۔ دوسرے لفظوں میں جب آپ خوفزدہ
ہوتے ہیں تو آپ کے سوچنے سمجھنے کی صلاحیتیں کام کرنا چھوڑ دیتی ہیں ۔ اور خوف کا جذبہ ان پر حاوی ہو جاتا ہے ۔
یوں تو خوف کی بہت سی قسمیں ہیں لیکن ایک نارمل انسان کے لحاظ سے خوف کی کیفیت کا تجزیہ کیا جائے تو اسے
ہم دو قسموں میں بیان کر سکتے ہیں ۔
الف :- معلوم کا خوف ب یہ نا معلوم کا خوف
معلوم کا خوف .
جب آپ کسی بلند عمارت مثلاً حبیب پلازہ یا بادشاہی مسجد کے مینار سے جھانکیں تو خوف کی ہر آپ کو
اپنی ہڈیوں میں اترتی محسوس ہوگی ۔ کچھ ایسا لگے گا جیسے آپ کے ہاتھ پیر ٹھنڈے پڑتے جارہے ہیں۔ یہ کیفیت
کیوں پیدا ہوتی ہے ؟ بات یہ ہے کہ انتہائی بلندی سے نیچے دیکھنے سے، کسی لیے چاقو کے چمکتے ہوئے پھیل پر
نظر ڈالنے سے یا کسی خونخوار گتے کو اپنے سامنے پاکر اپنی ذات کے غیر محفوظ ہونے کا احساس پیدا ہوتا ہے۔ یعنی
یہ احساس کہ آپ خطرے سے دوچار ہیں۔ لیکن یہ خوف وقتی ہوتا ہے کیونکہ آپ کی عقل تسلی دیتی ہے کہ آپ
چھت سے نیچے نہیں گریں گے اس لیے کہ آپ کے گرد لوہے کی ریٹنگ لگی ہوئی ہے ۔ لمبا چا تو آپ کے بھائی
کے ہاتھوں میں ہے اور وہ آپ پر ہرگز حملہ نہیں کرے گا۔ اور یہ خونخوار گیت تو نقلی ہے اور کسی سنگ تراش
کے فن کا شاہکار ہے۔ اور جو صورتحال اس کے بالکل الٹ ہو تو آپ کا ڈر اس وقت تک برقرار رہے گا جب تک
کہ آپ خود کو محفوظ محسوس نہ کریں۔ معلوم کا خوف کسی صورت حال کے انجام یا اس کے نتیجے سے پہلے ہی آگاہ ہو
جانے سے پیدا ہوتا ہے ۔ ایسی صورت حال میں بہادر وہ لوگ کہلاتے ہیں جو نتیجے کی پرواہ کیے بغیر اپنے
اعصاب
کو قابو میں رکھیں اور اپنی حفاظت کے لیے مفصول قدم اُٹھا ئیں۔
نا معلوم کا خوف .
آپ
کو معلوم ہو گا کہ فطرت کے لگے بندھے قوانین میں جس کی بنیاد پر دنیا کا نظام چل رہا ہے، سائنسدانوں
نے برسہا برس کی غور و فکر اور تحقیق و تفتیش کے بعد ان قوانین فطرت
کو دریافت کیا ہے۔ مثلاً نیوٹن نے کشش
ثقل کا قانون دریافت کیا اور ثابت کیا کہ زمین میں مقناطیسیت پائی جاتی ہے اور وہ ہر چیز کو اپنی طرف کھینچ کر
رکھتی ہے وغیرہ ۔ ان قوانین سے لوگ واقف ہیں۔ لہذا ایسے واقعات جو قوانین فطرت کے خلاف ہوں ہمارے
لیے انوکھے ہوتے ہیں ۔ اور ہمارے اندر ڈر اور خوف
کا جذبہ پیدا ہو جاتا ہے ۔ مثال کے طور پر جب آپ اچانک یہ
دیکھیں کہ آپ جس میز پر بیٹھے پڑھ رہے ہیں وہ خود بخود آہستہ آہستہ ہوا میں بلند ہو کر معلق ہو گئی ہے تو چیخ
پڑیں گے اور خوف کا جذبہ آپ کی رگ رگ میں سرایت کر جائے گا۔ کیوں ؟ اس لیے کہ آپ کو پتہ ہے کہ دنیا میں
علت و معلول ( CAUSE AND EFFECT ) کا نظام قائم ہے۔ یعنی ہر واقعہ جو پیش آتا ہے اس کا کوئی نہ
کوئی معقول سبب ہوتا ہے۔ میز اُس وقت تک نہیں اُٹھ سکتی جب تک کوئی اُسے اٹھا کر ایک جگہ سے دوسری
جگہ نہ رکھ دے ۔ لہذا ایسے تمام واقعات جو قوانین فطرت کی نفی کرتے ہوں اور جن کے پیش آنے کا کوئی سوال ہی نہ ہو۔
... وہ واقعات آپ کے جذبہ خوف کو جگا دیتے ہیں۔
لیکن جب ایسے واقعات کا معقول سبب آپ کے علم میں آجائے تو آپ کا خوف جاتا رہتا ہے ۔ فرض
کیجیے آپ رات کے وقت اپنے کمرے میں اکیلے بیٹھے ہیں یکا یک سامنے کی دیوار پر ایک شخص
کا سایہ پڑنے
ستا ہے ۔ آپ کا دل خوف سے بیٹھ جائے گا، لیکن جب آپ مڑ کر دیکھیں گے کہ یہ تو آپ کے کزن کا سایہ ہے
جو دبے پاؤں پیچھے اگر کھڑا ہو گیا ہے تو آپ ہنس پڑیں گے یا ممکن ہے ناراض ہوجائیں کہ اس نے ایک برا مذاق کیا۔
نامعلوم کا خوف ہمارے اندر بعض اعتقادات اور توہمات کی وجہ سے بھی پیدا ہوتا ہے ۔ عام عقیدہ یہی
ہے کہ انسانوں حیوانوں اور چرند پرند کے علاوہ بعض ایسی مخلوقات بھی پائی جاتی ہیں جو غیر مرئی یعنی نظر نہ آنے
والی ہیں۔ اور ان مخلوقات کو قدرت نے اتنا اختیار بھی عطا کیا ہے کہ وہ انسانوں کو نقصان پہنچا سکتی ہیں۔ چونکہ
عام طور پر ہمیں جنوں اور بدروحوں سے واسطہ نہیں پڑتا اور ہم ان کی اصلیت و حقیقت سے پورے طور پر آگاہ بھی
نہیں ہیں اس لیے کسی مقام پر بھی ان کی موجودگی ہمارے لیے خوف کا باعث بن جاتی ہے ۔ یہ نوت اکثر ذہنوں میں
اتنی شدت سے موجود ہوتا ہے کہ وہ تو ہم پرست ہو جاتے ہیں اور کسی بھی معمولی واقعے کو اپنی توہم پرستی سے بغیر
معمولی بنا دیتے ہیں۔
اس تو تیم پرستی کی بنیادی وجہ یہ ہوتی ہے کہ وہ کمزور اعصاب کے مالک ہوتے ہیں ۔ چونکہ عور توں کم مصراب
مردوں کے مقابلے میں کمزور ہوتے ہیں اس لیے وہ تو ہم پرست زیادہ ہوتی ہیں ۔
پس پتہ یہ چلا کہ اگر اعصاب مضبوط ہوں اور ہر حالت میں ہم اپنے ہوش و حواس پر قابونے کی صلاحیت
رکھتے ہوں تو ہم اس نا معلوم کے خوف پر پاکستانی سے قابو پا سکتے ہیں جو اکثر اوقات ہمارے لیے پریشانی کا
باعث بن جاتا ہے۔",1478
P3_1989_10,Chand Sitaray,1989,Magazine,"سبھی لوگ سکول میں پڑھتے
ہیں اور کبھی کی خواہش
ہوتی ہے ۔ کہ اپنے مضمون میں اتنی مہارت
پیدا کر لیں کہ اس پر فخر کر سکیں ۔ دوسرے لفظوں
میں آپ یہ کہ میں کہ سب بچوں کی خواہش ہوتی
ہے کہ ٹیسٹ میں یا امتحان میں اچھے نمبر لیں یا
فسٹ آئیں مگر ایک دو بچے ہی بہت اچھے
نمبر لیتے ہیں۔ کچھ لوگ واجبی سے نمبر لیتے ہیں اور
صرف پاس ہو جاتے ہیں مگر کچھ ایسے بھی ہوتے
ہیں جو اچھے نمبر نہیں لے سکتے اور فیل ہو جاتے
ہیں ۔ آپ لوگ بتائیے کیا فیل ہونے والے
بچے بالکل محنت نہیں کرتے ؟ بہت سے ایسے
بچے ہوتے ہیں جو دن رات پڑھتے ہیں مگر پاس
نہیں ہوتے۔ بہت سے ایسے بھی ہوتے ہیں
جو بہت کم محنت کرتے ہیں مگر کلاس میں پوزیشن
لے جاتے ہیں۔ آپ نے سوچا تو ہو گا کہ ایسا
کیوں ہوتا ہے ہے بھئی اگر آپ کو سمجھ نہیں
آیا تو آپنے ہم آپ کو بتائے دیتے ہیں کہ
ایسا کیوں ہے۔
دیکھیے ہر کام کا ایک اصول یا طریقہ ہوتا
ہے ۔ جس طرح ایک مخصوص طریقے سے قلم پکڑ
کر لکھا جاتا ہے۔ قیچی پکڑنے کا ، سائیکل چلانے
کا اور کبھی کام کرنے کا ایک طریقہ ہوتا ہے ،
بالکل اسی طرح مطالعے کا بھی ایک طریقہ ہوتا
ہے وہ بچے جو اس طریقے کو سمجھتے ہیں، وہ کم محنت
کر کے بھی اپنا علم بڑھا سکتے ہیں، کیوں نہ آج
سب بچوں کو وہ اچھی طرح سمجھا دیا جائے تاکہ
اگلی بار جب آپ لوگوں کا ٹسٹ یا امتحان ہو
تو آپ بھی خوب اچھے نمبر لے سکیں اس مضمون
میں میں آپ
کو دنیا بھر کے ماہر تعلیمات کے وہ
اصول بتاؤں گی جو انہوں نے اچھے مطالعہ کے لیے
مرتب کیے ہیں۔
مطالعے کے لیے سب سے زیادہ ضروری چیز
مپنی ہے ۔ آپ مطالعے سے دلچسپی پیدا کیجیے۔
ضروری نہیں کہ آپ صرف اپنے کورس کی کتابیں
پڑھیں ۔ جو مضمون آپ کو پسند ہے پڑھنے مطالعے
کے دوران جو مقولہ ، جو جملہ یا جو مضمون آپ کو
پسند آئے یا معلوماتی معلوم ہوا سے اپنے پاس
نوٹ کر لیجیے ۔ جب کبھی آپ فارغ ہوں ان
نوٹ کی ہوئی چیزوں کو بھی پڑھے اس طرح آپ
کو اپنی بات کہنے کا فن آجائے گا مضمون وعشر
خود سے لکھنے کی کوشش کیجیے اور یہ بات ضروری
نہیں کہ جو کچھ آپ کی نصاب کی کتابوں میں ہے
آپ اپنے ٹیسٹ اور امتحان میں وہی یاد کر کے
دھرا دیں بلکہ عام زندگی میں رسالوں ، اخباروں یا
کتابوں میں آپ جو کچھ پڑھیں، اسے اپنے مضامین
میں شامل کرنے کی کوشش کیجئے ۔
مطالعے کے لیے دوسری ضروری چیز تو جہ ہے۔
وہ لوگ جنہیں تو جہ کیسا تھ مطالعہ کرنا آجاتا ہے،
وہ ریلوے اسٹیشن بس سٹاپ یا ایسی دوسری
جگہوں پر بڑے اطمینان سے مطالعہ کر سکتے ہیں۔
توجہ مرکوز کرنے کا مطلب یہ نہیں کہ آپ خوب نظریں
جھا کر پڑھیں تو توجہ حاصل ہو گی۔ آپ اپنے ہین
سے تمام تفکرات اور پریشانیاں نکال دیجئیے۔ یہ
مت سوچیے کہ جو کچھ پڑھ رہا ہوں مجھے سمجھ نہیں آ
سکتا ایسا سوچیں گے تو کبھی بھی سمجھ نہیں سکیں گے)
اگر آپ زبانی یاد کر رہے ہیں تو اونچی آواز سے
پڑھیے اس طرح شور و غل آپ کی توجہ ہٹا نہیں
سکے گا۔ ایسی جگہ بیٹھ کر پڑھنے کی کوشش کیجیے ۔
جہاں بار بار آپ کی توجہ مطالعے سے بہت جائے۔
شروع میں تو آپ کو بہت مشکل ہوگی ، بالکل مجھے
نہیں آئے گا ، لیکن ایک دو روز بعد مطالعے سے
آپ کی توجہ ہٹنا کم ہو جائے گی اور زیادہ سے
زیادہ پندرہ روز کی مشق کے بعد آپ بھی پاک
ریل گاڑی یا دوسری شور و غل والی جگہوں پر
اطمینان سے مطالعہ کر سکیں گے ۔
بہت سے بچے ایسا کرتے ہیں کہ سوال
کا ایک حصہ آج یاد کیا اور دوسرا تحل تیسرا اس
کے بعد یہ طریقہ غلط ہے۔ ماہرین وڈور تھ اور
بار ٹکٹ نے تجزیوں سے یہ ثابت کیا ہے کہ
آپ جو کچھ یاد کر رہے ہیں ، وہ ایک ہی بار
یاد کیجیے اور یاد کرنے کے بعد زبانی دوتین
بار پڑھا جائے تو یہ چیز لمبے عرصے تک یاد رہے
گی ۔
اگر آپ نے ایک چیز اچھی طرح یاد کر لی تو
دوسری اس کے فورا بعد شروع نہ کریں اس سے
پہلی یاد کی ہوئی چیز اور دوسری چیز دونوں آپس
میں گڈمڈ ہو جائیں گی ۔ بہتر ہے کہ ایک چیز
یاد کرنے کے بعد کم از کم دس منٹ تک کچھ نہ
یاد کیجیے اس طرح یاد کی ہوئی چیز دیر تک یاد ہے
گی۔ اس بارے میں آپ نے مشاہدہ کیا ہو گا کہ
سونے سے پہلے جو چیز یاد کی جائے وہ دیر تک
یا د رہتی ہے ۔ یاد کرنے کے بارے میں ایک
اور بات جو بہت اہم ہے وہ یہ کہ جو کچھ یاد
کریں اسے زبانی لکھیں، اس طرح تحریر بھی خوشخط
ہوگی سبقی اچھی طرح یاد ہو گا اور لکھنے کی رفتار
بھی تیز ہو جائے گی ۔ جو بھی کچھ یاد کریں، اس کے
بارے میں اپنے آپ سے چھوٹے چھوٹے سوال
پوچھیں اس طرح آپ اہم باتیں نہیں بھولیں گے۔
سبق میں سے غیر ضروری باتیں چھوڑ دیں۔ تعریفیں
اچھی طرح یاد کریں ۔ بات اپنے الفاظ میں لکھیں
اور چھوٹے چھوٹے پیراؤں میں لکھنے کی کوشش
کریں ۔ یاد کرنے کے بعد بار بار پڑھتے رہیں کہ
بے عرصے تک یاد رکھ سکیں ۔ آپ نے اپنی کتابوں
میں نقشے، گراف اور گوشوارے وغیرہ ضرور
دیکھے ہوں گے یہ بہت محنت سے تیار کیے
جاتے ہیں ان سے مدد لیجیے اور اچھی طرح سمجھیے۔
یہ مطالعے میں آپ کی بہت مدد کریں گے ۔
WHIPPLE ایک مشہور ماہر تعلیم ہے۔ آخر
میں میں آپ کو وہ اصول بتاتی ہوں جو وہیل نے
اپنی کتاب مطالعہ کس طرح کیا جاتا ہے۔ میں بیان
کیسے ہیں ۔ ان اصولوں کی تعداد ۳۸ ہے اور دنیا
بھر میں یہ اصول مستند سمجھے جاتے ہیں۔
ا۔ اپنی جسمانی صحت کا خیال رکھیے۔
جسمانی بیماریوں ، نظر کی کمزوری، دانتوں اور
معدے کی خرابی کا فورا علاج کروایئے۔
۔ مطالعے سے پہلے روشنی ، ہوا ، بیٹھنے کی
جگہ وغیرہ کا صحیح انتظام
۴۔ ایک جگہ جم کر مطالعہ کرنے کی عادت ڈالیے۔
ایک مخصوص وقت پر مطالعہ کیجیے ۔
4۔ سبق سے پہلے اس کا مطالعہ کرنے کی
عادت ڈالیے ۔
اپنا کام فورا شروع کیجیے ۔
پورے انہماک سے کام میں مشغول ہو جائے۔
و اس انہماک کو پریشانی اور وہم نہ بننے
دیں ۔
۱۰۔ اپنی توجہ کو منتشر نہ ہونے دیں ۔
۔ اپنا کام سیکھنے اور یاد کرنے کے ارادے
سے شروع کریں۔
۱۔ اپنے کام کے لیے کوئی (MOTIVE)
تلاش کریں ۔",1125
P3_1988_11,Chand Sitaray,1988,Magazine,"انبیاء کرام کا شکار رہا ہے ہمارے
پیارے نبی حضرت محمد صلی اللہ علیہ
وسلم نے اپنے ہاتھ سے کام کرنے کو کبھی عار نہیں
گردانا ۔ آپ جو تمام کائنات کے لیے رحمت
بناکر مبعوث کیے گئے، اپنے تمام کام اپنے دست
مبارک سے کیا کرتے تھے ۔
آپ نے بحریاں چرائیں اور اپنے جوتے خود
مرمت کیے ۔ اپنے کپڑے خود دھو لیتے تھے۔ کپڑوں
پر پیوند بھی خود لگاتے تھے ۔ بلکہ آپ تو دوسروں کے
کام بھی کر دیا کر تے تھے مسجد نبوی کی تعمیر کے موقعے
پر آپ نے تمام صحابہ کرام کے ساتھ مل کر کام کیا ۔
آپ گا را اٹھا کر صحابہ کو پکڑاتے تھے ۔
ایک مرتبہ سفر کے دوران
کھانا پکایا جانا تھا۔
صحابہ نے آپس میں کام بانٹ لیے۔ آپؐ نے فرمایا :
جنگل سے لکڑیاں میں لاؤں گا ۔
ایک بار صحابہ کرام سے ایک چٹان نہیں ٹوٹ
رہی تھی ۔ آپؐ نے یہ دیکھ کر فرمایا کہ اسے میں
توڑوں گا ۔ یہ کہ کہ آپ نے ایک ہی وار سے وہ
چٹان توڑ دی ۔
آپ کے علاوہ دیگر انبیاء کرائم بھی محنت
مزدوری کیا کرتے تھے ۔
کسی نے کھیتی باڑی کی ، تو کوئی تجارت کے
یشے سے منسلک تھا۔ عرض کہ کسی نے محنت کو بڑا
نہیں سمجھا۔ اب ہم اپنا مشاہدہ کر لیں کہ ہم میں سے
کتنے ہیں جو اپنا کام خود کر کے خوش ہوتے ہیں ۔
آج امریکہ، روس، چین، برطانیہ وغیرہ اس
لیے ترقی یافتہ کہلاتے ہیں کہ انہوں نے محنت کو اپنا
لیا ہے اور ہم نے ان کا دامن تھام لیا ہے۔ اپنے
ہاتھ سے کام کرنا گویا ہمارے لیے باعث گناہ ہے۔
یہی وجہ ہے کہ آج چالیس سال گزر جانے کے باوجو
ہم پس ماندہ ہیں ۔ ایک وہ زمانہ تھا جب مسلمان حقیقت
میں مسلمان تھے اور اپنے ہاتھوں سے کام کرنا اپنے
لیے باعث افتخار جانتے تھے مگر آج کا مسلمان محض
نام کا مسلمان رہ گیا۔ وجہ یہ ہے کہ اس نے اپنی روایات
کو یکسر فراموش کر دیا ہے ۔ ایک وہ دور تھا جب مسلمانوں
کا خلیفہ اپنے ہاتھوں سے دوسروں کے کام کرتا تھا مگر
آج ایک معمولی مزدور بھی اپنے ہاتھ سے اپنا کام نہیں
کرتا۔
یہ حقیقت
تسلیم شدہ ہے کہ محنت کے بغیر
کوئی قوم ترقی نہیں کر سکتی۔ نبی پاک صلی اللہ علیہ وسلم کا
ارشاد ہے کہ اللہ تعالیٰ محنت کش کو دوست رکھتا ہے۔
محنت کی عظمت کا اندازہ اس واقعے سے کیا جاسکتا ہے۔
ایک مرتبہ آپ تشریف فرما تھے ۔ آپ صلی اللہ
علیہ وسلم کے پاس ایک شخص حاضر ہوا، اس کے ہاتھ
بہت سخت تھے۔ پوچھنے پر پتا چلا کہ وہ شخص اپنے
گھر والوں کے لیے بہت محنت کرتا ہے ، اس
لیے اس کے ہاتھ اتنے سخت ہو گئے ہیں۔ آپ
نے یہ سن کر اس شخص کے ہاتھ چوم لیے اور فرمایا:
اس کے ہاتھ اس قابل ہیں کہ پیغمبر انہیں بوسہ
دے ""
آپ کو اندازہ ہوا ، محنت کیا ہے ؟",499
P3_1988_12,Chand Sitaray,1988,Magazine,"4 اگست ۱۹۴۵ء کو جاپان کے چھوٹے
سے شہر مہیروشیما پر دنیا کا پہلا
سے
ایٹم بم گرا ، اور تین روز بعد ناگا ساکی پر دوسراغم گرا۔
نتیجہ یہ ہوا کہ جاپان نے ہتھیار ڈال دیئے اور دوسری
عالمگیر جنگ ختم ہوئی۔ آج تک ان دونوں شہروں کے
نام اسی لیے مشہور ہیں ۔
مادے کے چھوٹے سے چھوٹے ذرے کو توڑ
کہ اس کی ظاہری قوت سے کام لینے کا خیال نیا تھا۔
طبیعات کے ماہر مدت سے اس کام میں لگے ہوئے
تھے ۔ آئن سٹائن نے بعض ایسے نظریات قائم کیے
جن کے مطابق عملی تجربوں سے ایٹم بم تیار کرنے
کی صورت نکل آئی۔ آئن سٹائن ہی نے پریذیڈنٹ
روز د لمبیٹ کو اس بات پر آمادہ کیا تھا کہ اس کام کے
لیے جتنا بھی روپیہ
ہو سکے ، بے دریعے خرچ کیا جائے ۔ اس
ہیے کہ مہلہ کے سائنس دانوں کو شکست دینے کی اس کے
سوا کوئی صورت نہ تھی ، چنانچہ سائنس دانوں کی ایک
جماعت کو اس کام پر لگا دیا گیا۔ ان
کی مجموعی گوششوں
سے ذرے کو پھاڑنے کی ترکیب کامیاب رہی اور
توت کا خوفناک ذخیرہ ہاتھ آ گیا ۔
ایٹم بم تیار ہو گیا ، لیکن اسے استعمال کرنے کا
فیصلہ امریکہ کے صدر میری ٹرومین پر موقوت تھا اور
اس کے استعمال کرنے کے لیے کوئی معقول وجہ در کار
تھی۔ جاپان کی بحری اور ہوائی قوت پوری طرح تباہ
ہو چکی تھی ، لیکن اس کی بری قوت بدستور قائم تھی
جب تک جاپان پر حملہ کر کے اس کی تبری قوت کو ختم
نہ کیا جاتا ، جنگ ختم نہ ہو سکتی تھی ۔ خدا جانے اس
میں کتنی دیر لگتی اور جاپان کے علاوہ خود اس کے ساتھی
ملکوں
کو کتنا کثیر جانی نقصان برداشت
کرنا پڑتا، چنانچہ
امریکی صدر ٹرومین نے ایٹم بم کے استعمال کی اجازت
دے دی اور ایٹم بم پہلے ہیروشیما اور پھر ناگا ساکی پر
گرایا گیا۔
ہیروشیما میں ایک ہم نے جو قیامت برپا کی اس
کا سرسری اندازہ یوں ہو سکتا ہے کہ کم و بیش ڈیڑھ لاکھ
افراد مارے گئے یا زخمی ہوئے یا پاگل ہوتے اور کوئی
نہیں کہ سکتا کہ جو لوگ بچے ان کی اگلی نسلوں پر اس ہم
کے مہلک اثرات کن کن صورتوں میں رونما ہوں گے،
جب کہ آج کے ماہرین کہتے ہیں کہ یہ ہم آج کے
ایٹم بم کے مقابلے میں محض ایک پٹانے کی حیثیت
رکھتا تھا۔ اور جب اس پٹاخے سے اتنی تباہی ہوئی
تو آج کے ایٹم بم سے ہونے والی تباہی کا تو ہم
اندازہ بھی نہیں کر سکتے ۔
خدا اس خوبصورت دنیا کو ایسی تباہی سے
محفوظ رکھے، آمین",440
P3_1988_13,BACHCHON KA MAHNAMA UMANG,1988,Magazine,"انسانی زندگی کے لیے یوں تو غذا بھی اہم ہے اور
پانی بھی لیکن ان میں ہوا کی تولیت مسلم ہے۔ اگر ہوا نہ پہلے
تو چند لمحوں میں زندگی ختم ہو سکتی ہے اور اگر ہوا کم ہوجاتے
تو ہر لمحے اس کمی کا احساس ہو تا رہتا ہے۔ لیکن یہ بات بھی
اپنی جگہ درست ہے کہ یہ جس قدر عظیم تحفہ قدرت کا ہے
اسی قدر کم شعور اس کے فائدوں اور نعمت کا ہے ۔
جس طرح ہماری خواہش ہوتی ہے کہ جو پانی ہم پیتے
ہیں وہ صاف ہونا چاہیے۔ اسی طرح جس ہوا میں ہم سانس
لیتے ہیں وہ بھی صاف ہونا ضروری ہے ۔ اگر پانی میں غلاظت
نظر آتی ہے تو ہمارا دل قبول نہیں کرتا مگر ہوا میں کثافت
ہو تو جی نہیں گھبراتا ۔
شہر کے لوگ جس ہوا میں سانس لینے کے عادی ہو گئے
ہیں وہ صرف دھواں ، سیاہی، گیس گاڑیوں اور مشینوں
سے نکلے ہوئے غلیظ ابخرات اور غلاظت کا مجموعہ ہے جس کو
ہم بعض دفعہ نہ جانتے ہوئے اور بعض دفعہ بادل ناخواستہ
اپنے اندر جذب کیے جارہے ہیں اور اس طرح شہر میں
رہنے کی قیمت ادا کر رہے ہیں ۔ جس طرح ہم صاف پانی کا
تقاضا کرتے ہیں، اگر پانی میں ذرا آلودگی کا شبہ بھی
ہو جاتے نو سراپا احتجاج ہو جاتے ہیں لیکن ہوا میں کثافت
ہو تو ہم پر ذرا بھی اثر نہیں ہوتا اور اس کو اپنا مقدر سمجھ کر
برداشت کیے جاتے ہیں۔
کچھ لوگ تو حالات کی وجہ سے مجبور ہیں کہ وہ کثیف ہوا
میں سانس لیں جس طرح شہروں کی مصروف سڑکوں کے
آس پاس رہنے والے لیکن زیادہ تر ایسے لوگ ہیں جو اپنی
مرضی سے ہوا اور آکسیجن کی کمی میں مبتلا ہیں اور یہ وہ
لوگ ہیں جن کی عمر گزرگئی اور وہ دفتروں
کی کوٹھڑیوں میں
بیٹھے بیٹھے اٹھے اتھلے سانس لے کر جان بخش آکسیجن سے
محروم رہتے ہیں ۔ یہ لوگ بغیر کوشش کے صرف اس قدر ہوا
اندر لیتے ہیں ہر زندہ رہیں، حالاں کہ چاہیے تو یہ کہ گہرے
سانس کے ذریعے سے اس قدر ہوا اندر کھینچیں کہ پھیپھڑوں کے
دور دراز تاریک گوشوں تک میں ہوا پہنچ کر صفائی کر دے
تاکہ آئندہ پھیپھڑوں کی تکلیف سے مامون اور محفوظ رہیں۔
ایک پرانی ضرب المثل ہے ہر روز دس گہرے سانس
لینے والا تپ دق سے محفوظ رہتا ہے ۔ ممکن ہے یہ کہاوت
پوری طرح صحیح نہ ہو لیکن یہ بات بلا خوف تردید کی جاسکتی
ہے کہ جو شخص دن میں کئی مرتبہ اس قدر گہرے اور مجھے
سانس لیتا ہے کہ پھیپھڑے پوری طرح ہوا اور آکسیجن سے
بھر جاتے ہیں، وہ اپنے خون کو پوری طرح آکسیجن کے ذخیروں
سے مالا مال کرتا ہے اور پھیپھڑوں کے ان تاریک گوشوں کو
جو جراثیم کی آماجگاہ ہیں، صاف کر لیتا ہے ۔ یہ بات دل چسپ
ہے کہ ہم میں سے اکثر کو گہرے سانس لینے کی خواہش نہیں ہوتی
اور وجہ اس کی یہ ہے کہ ہم ورزش نہیں کرتے ۔ اگر سارا دن
دفتر ، گھر میں گزر جاتے تو نہ بھوک لگے گی اور نہ گہرے سانس
لینے کی خواہش ہوگی ۔ اگر کوئی شخص صبح سویرے گھر سے نکل کر
دوڑ لگالے تو اس کو دس ہیں سانس لینے کی ضرورت نہیں
ہوگی کہ خود ہی سانس اس قدر پھول جاتے گا کہ ہوا پھیپھڑوں
میں چلی جائے گی اور کاربن باہر آجائے گی ۔ اس طرح اگر
تیز قدمی سے چلا جائے، یا تیراکی کی جائے، کوئی اور کھیل کھیلا
جائے یا باغ بانی کی جائے تو اسی طرح کا فائدہ ہوگا، مگر شرط
یہ ہے کہ محنت اس قدر پر زور ہو کہ پسینا آجاتے یا سانس
پھول جائے تو پھیپھڑے اچھی طرح ہوا سے صاف ہو جائیں گے
اور خون میں آکسیجن کی فراوانی ہو جائے گی (اگر عم ۳۵ سال
سے زیادہ ہے اور ورزش کی عادت نہیں ہے تو بغیر طبیب
کے مشورہ کے اس قدر زور دار محنت نہ کریں)۔
جسم کے فعل کو مناسب طریقہ پر انجام دینے کے لیے
جسم کے چھوٹے چھوٹے خانوں
کو بھی آکسیجن کی ضرورت ہوتی
ہے تھکن خستگی ہستی کی وجہ یہ بھی ہے کہ جسم اور دل و دماغ
کو مناسب مقدار میں آکسیجن نہیں پہنچ سکے کہ گہرے سانس لینے
کی عادت نہیں ہے ۔ جب بھی آپ
کو تھکن معلوم ہوتو با نیت کر
گہرے سانس لے کر اپنے جسم، دل و دماغ کو مفرح کریں کہ
جس طرح روشن دانوں سے ہوا اگر فرحت کا احساس پیدا
کر دیتی ہے اسی طرح گہرے سانس لے کر پورا جسم ہوا دار ہوتا
ہے۔ یہ محرومی قسمت ہے کہ ہوا کی نعمت جس فیاضی سے
قدرت نے عطا کی ہے، اس مناسبت سے ہم فائدہ نہیں
اٹھاتے اور سست رہتے ہیں۔",790
P3_1988_14,BACHCHON KA MAHNAMA UMANG,1988,Magazine,"چاندی سفید رنگ کی چمکیلی دھات ہے جو صدیوں
سے سکوں اور زیورات کی شکل میں استعمال ہوتی چلی آرہی ہے۔
کہا جاتا ہے کہ سب سے پہلے چھ سو چالیس سال قبل مسیح میں
ایشیائے کو چک کی لینڈ یا حکومت نے چاندی کے سکے ڈھال
کر ان کا چلن شروع کیا تھا۔ یورپ میں آج سے تقریباً چھ سو
سال قبل اس دھات کے چھے بنانے کا رواج شروع ہوا تھا
مگر ایشیائی ممالک میں ہزاروں سال سے چاندی کے برتن
اور زیورات استعمال ہوتے رہے ہیں ۔ !
چاندی کو سونے کے بعد سب سے قیمتی دھات تصور
کیا جاتا ہے ۔ دنیا کے بڑے اور ثروت مند افراد کی بیویاں
سونے کی بہ نسبت چاندی
کو حقیر سمجھتی تھیں ۔ اور چاندی کے
زیورات پہننا اپنے لیے باعث عار خیال کرتی تھیں۔ عورتیں
اسی طرح سوچتی ہیں مگر انڈسٹری کی دُنیا میں چاندی کے
بڑھتے ہوئے استعمال نے چاندی کو اہمیت کے لحاظ سے سونے
سے زیادہ قیمتی دھات بنا دیا ہے۔ دنیا کے جن ملکوں میں
صنعت و حرفت نے زیادہ ترقی کی ہے جیسے جاپان وغیرہ
وہاں چاندی کے بھاؤ بہت زیادہ بڑھ چکے ہیں بنگر ہندوستان
میں یہ دھات آج بھی اتنی مہنگی نہیں ہے ۔۔!!
چاندی کا سونے سے زیادہ قیمتی ہونا ایک عجیب بات
معلوم ہوتی ہے۔ لیکن حقیقت یہ ہے کہ دنیا میں سائنس اور
ٹیکنالوجی کی ترقی اور بجلی کی صنعت کے کمال پر پہنچ جاتے ہیں
چاندی کا بہت بڑا ہاتھ ہے ۔ مثال کے طور پر چاندی کے بغیر
فلم انڈسٹری کا وجود میں آنا مشکل تھا۔ اسی طرح چاندی نہ
ہوتی تو آپ ٹیلیفون پر گفتگو نہیں کر سکتے تھے۔ چاندی کے بغیر
پر
بجلی سے روشنی حاصل ہونا نا ممکن تھی ۔ دُنیا میں جتنے بھی
بجلی کے پلانٹ ہیں ان سب میں چاندی کی ملاوٹ سے
بناتے ہوتے آئے ہی استعمال ہوتے ہیں ۔ کیوں کہ بجلی کی تیز
رفتاری کے لیے چاندی سے زیادہ معاون کوئی اور دھات
ابھی تک دریافت نہیں ہوتی ہے ۔ چاندی کے بغیر آپ کا
ریفری جریٹر چل نہیں سکتا ۔ اسی طرح ٹیلی ویژن میں چاندی
استعمال نہ کی جائے تو ہم کوئی تصویر نہیں دیکھ سکیں گے اور
چاندی کے نہ ہونے سے آپ کا ٹی وی سیٹ کسی اندھے کی
طرح نظر آئے گا!
موجودہ دور میں چاندی کے مرکب سے زخموں کا علاج
بھی ہونے لگا ہے ۔ بڑے بڑے ڈاکٹروں نے اب آپریشن کے
بعد چاندی کے ہین تاروں کو ٹانکے لگانے کے لیے استعمال
کرنا شروع کر دیا ہے۔ ہڈیوں کے جوڑنے میں اور انسانی کھوپڑی
کے ضائع ہو جانے والے حصوں میں پلیٹ لگانے کے لیے اب
چاندی ہی ترقی یافتہ ممالک میں استعمال کی جاتی ہے ۔
اسپتالوں میں ایکسرے مشین بھی اس دھات کی بڑی حد تک
محتاج ہے، میراثیم کو مارنے کے لیے بھی چاندی استعمال کی
جانے لگی ہے ۔ دس ملین گیلن پانی کے ٹینک میں تھوڑی سی
چاندی کی راکھ ڈال دینے سے تمام جراثیم فنا ہو جاتے
ہیں۔ ایک چمچہ بھر چاندی کا سفوف چھبیس ہزار ملین لیٹر پانی
کو صاف اور شفاف بنا دیتا ہے۔ نوزائیدہ بچوں کی آنکھوں
میں سلور نائٹریٹ ( SILVER NITRATE) کی معمولی
سی مقدار ڈالنے سے آئندہ کے لیے آشوب چشم - CON)
(JUCTIVITIS - اور آنکھ کی بہت سی بیماریوں سے
حفاظت ہو جاتی ہے۔ سینے میں کینسر جیسے موذی مرض کی پہچان
میں بھی چاندی سے مدد لی جاتی ہے۔ !!
فضائی ٹیکنا لوجی میں بھی چاندی بہت کام آتی ہے۔
جیٹ جہازوں کے انجن چاندی کے بغیر نہیں چل سکتے چاندی
کی بیٹریوں کی مدد سے ہی خلا باز چاند یا دیگر سیاروں پر
گھومنے پھرنے اور آکسیجن لینے میں کامیاب ہوتے ہیں۔ ان
بیٹریوں کے بغیر خلا بازوں کا خلا میں زندہ رہنا ممکن نہیں
ہے چاندی کی انھیں بیٹریوں کی مدد سے چاند پر پہنچائی گئی
خلائی گاڑیاں چلتی ہیں اور انھیں کے ذریعے ٹی وی پر چاند
سے رنگین تصویریں زمین تک پہنچائی جاتی ہیں ۔ امریکہ اور
روس کے خلائی سائنس دانوں کا متفقہ خیال ہے کہ چاندی
نہ ہوتی تو ہم شاید کبھی چاند تک نہ پہنچ پاتے چاند اور
چاندی کے ان نازک رشتوں کے انکشاف نے ہی اس
دھات کو سونے سے زیادہ قیمتی اور اہم بنا دیا ہے !!
فوٹو گرافی بھی چاندی کی محتاج ہے ۔ یہ کیمرے میں بھی
استعمال ہوتی ہے اور خام فلموں میں بھی ! ایک ٹرائے اونس
چاندی سے تقریباً دو ہزار تصویریں بنائی جاسکتی ہیں۔۔۔!
المونیم اور فولاد کو جوڑنے میں بھی چاندی ہی کا استعمال
کیا جاتا ہے۔ موٹر کاروں کی بیٹریوں میں اگر جہت کے
بجائے چاندی استعمال کی جائے تو ان کی طاقت اور کارکردگی
بیس گنا بڑھ جاتی ہے۔ اسی طرح کمپیوٹر میں بھی بعض اہم ترین
پرزے چاندی سے بناتے جاتے ہیں !
موجودہ دور میں چاندی
کا استعمال حیرت انگیز
کارنامے انجام دے رہا ہے ۔ اور رفتہ رفتہ اس کی اہمیت
سونے سے زیادہ ہوتی جا رہی ہے۔ اور شاید وہ دن دور
نہیں جب کہ چاندی قیمتوں کی دوڑ میں سونے کو کہیں پیچھے
چھوڑ جاتے گی !!",836
P3_1987_15,BACHCHON KA MAHNAMA UMANG,1987,Magazine,"آج سے تیس برس پہلے کا وہ سال ہمیشہ یادر ہے گا جب
سردیوں کی ایک شام کو لوگ سڑکوں پر جمع تھے اور آسمان پر
چھاتے ہوئے اندھیرے میں ان کی آنکھیں کچھ تلاش کر رہی تھیں۔
انھیں ایک نئے ستارے کا انتظار تھا جو آسمان پر طلوع ہوا تھا
اتنا ہی روشن جیسے ہزاروں دوسرے ستارے تھے ۔ وہ دوسرے
ستاروں کی طرح ایک جگہ ٹھہرا ہوا نہیں تھا بلکہ آہستہ آہستہ
چلتا ہوا آسمان کو پار کر رہا تھا۔ لوگ ایک دوسرے سے پرجوش
انداز میں کہہ رہے تھے ۔ یہ اسلو تنگ ہے"" اور بغیر کسی ترجمے کے
ساری دنیا کے لوگ اس روسی لفظ کا مطلب سمجھ چکے تھے۔
اکتوبر ۱۹۵۷ء میں پہلا زمینی سیارہ خلا میں بھیجا
گیا تھا۔ تکنیکی اقدام کی حیثیت کے اعتبار سے جو ۲۰ ویں صدی
میں کئی بار اٹھائے گئے تھے، اس پہلے زمینی سیارے کے
سگنلوں کی اہمیت کہیں زیادہ تھی۔ اس سے پہلے کبھی کبھی زمین
کی کشش سے باہر نہیں نکلا جا سکا تھا، اور نہ ہی خلا کے
بیکراں سمندر میں انسان کے بناتے ہوتے سیارے کو بھیجا گیا۔ آج
تو ہزاروں کی تعداد میں مصنوعی سیارے مدار میں گردش کر رہے
ہیں اور مہینوں تک خلا باز اس میں رہتے اور کام کرتے ہیں
مگر ۳۰ برس پہلے ہم اس کا تصور بھی نہیں کر سکتے تھے جب
پہلا زمینی سیارہ مدار میں بھیجا گیا تھا۔
خلائی دور کی ابتدا میں تقریباً گہر کامیاب مہم حیرت انگیز
ثابت ہوئی ۔ ۱۹۵۶ء میں لونا کے ذریعے قوت کشش پر قابو
پالیا گیا اور وہ پہلا مصنوعی سیارہ بن گیا ۔ یہ اب بھی خلا میں
نظام شمسی میں گردش کرتا ہوا کہیں نہ کہیں موجود ہوگا۔ اس
کے بعد اسی سال سوویت نشانات چاند پر پھینکے گئے اور لوگوں
نے پہلی بار ہمارے واحد قدرتی سیارے کا تاریک حصہ دیکھا۔
ساتویں دہائی کے اوائل میں پہلی بار انسان بردار اڑانیں شروع
ہوئیں اور مشتری اور مریخ کے لیے بین سیارہ جاتی اسٹیشن
بھیجے گئے ۔
اس ابتدائی دور میں نئے افقوں کی تلاش کا تعلق انسان
کے آگے بڑھنے اور اوپر جانے کی خواہش سے تھا۔ اس تلاش
میں جیسے جیسے قدم آگے بڑھتے گئے ویسے ویسے حوصلہ مندروں کو
خیال ہوا کہ چاند ، مریخ اور دوسرے سیاروں اور چھوٹے ستاروں
پر انسان بردار مهم بھیجی جا سکتی ہے۔ آج اس وقت کی بہت سی
پیش گوئیاں یاد کی جاتی ہیں۔
اس وقت سیاروں کے مابین مہم کو منظم کرنے کی شکلات
کو بھی پوری طرح نہیں سمجھا گیا تھا۔ آج بھی وہ انسانی طاقت
سے باہر ہیں ۔ اس کی تمام ترظاہری دل کشی کے باوجود مریخ
بین الا قوامی مہم کے خیال کو مستقبل قریب میں عملی جامہ نہیں
پہنایا جا سکتا یہ خواب حقیقت کبھی بن سکتا ہے جب سائنس
اور تکنالوجی میں ایک نئی سطح حاصل کر لی جائے ۔ پھر اس پر
لاگت بھی زبردست آئے گی ۔
مصنوعی سیاروں نے جتنے کام انجام دیے ہیں ان سب
کو پیش کرنا مشکل ہے ۔ زرعی ماہرین ان کا استعمال زیر کاشت
آراضی کا تخمینہ لگانے اور فصلوں کی پیش گوئی کے لیے کرتے
ہیں ۔ جنگلات کے محافظوں کو جنگلات، استیپی کے جنگلوں اور
اس کی آگ کی صورت حال پر کنٹرول رکھنے کا ایک موثر طریقہ
حاصل ہو گیا ہے ۔ جہاز چلانے والے اب جہاز رانی کے
مصنوعی سیاروں کے بغیر کام نہیں کر پاتے ، بحر منجمد کے
راستے جانے والے جہازوں کے کارواں کو اطلاعاتی سیاروں کے
ذریعے راستے کی برف کے بارے میں مطلع کیا جاتا ہے ۔ ماہی گیری
کی کشتیوں کو اس جگہ کی اطلاع فراہم کرنے میں جہاں سمندر ہیں
مچھلیاں جمع ہوں، سیاروں کے استعمال کے سلسلے میں تجربے کیے
جارہے ہیں ۔ سیاروں سے دستیاب معلومات شاہرا ہوں، بجلی
کے تار لگانے ، تیل اور گیس کی پائپ لائنیں بچھانے اور آبپاشی
کی نہریں بنانے کا نقشہ تیار کرنے اور ان کی تعمیر میں بہت مفید
ثابت ہوئی ہیں۔
مصنوعی سیارے بے شک اہم ہیں لیکن مدار میں قائم
انسان بردار اسٹیشن بھی بے انتہا اہمیت کے حامل ہیں ۔ ان
میں سے پہلا 14 سال پہلے مدار میں بھیجا گیا تھا۔ فروری ۶۱۹۸۷
میں نئی قسم کا کثیر معلوماتی آٹھواں میر نامی خلائی جہاز خلامیں
روانہ کیا گیا تھا ۔ سوویت یونین، امریکہ، فرانس، ہندوستان
اور شام کے درجنوں خلا باز مدار میں رہے اور کام کر چکے ہیں۔
ان لوگوں نے ان اسٹیشنوں پر مجموعی طور پر تقریباً ۴ سال
گزارے ہیں ۔
خلا میں انسانی سرگرمیوں کا آہستہ آہستہ رائج ہو جانا
یقینا لازمی ہے، لیکن اس بات کی پیش گوئی کرنا مشکل ہے کہ
اس کی مخصوص نوعیت کیا ہوگی ۔ ہمیں اس بات کا یقین ہے
کہ ہماری آنے والی نسلیں تکنالوجی کی اپنی بڑھی ہوئی طاقت
سے چاند، مریخ اور ممکن ہے کہ مشتری کو ایسی دنیا میں تبدیل
کر سکیں گی۔ جہاں انسان اچھی طرح رہ سکے۔ اس بات سے
بھی انکار نہیں کیا جا سکتا کہ خلا میں ""ستاروں کے شہر""
آباد ہوں گے جن کی پیش گوئی سیلکو وسکی نے کبھی کی تھی۔",833
P3_1970_16,Naunehal,1970,Magazine,"ج : آسمانی بجلی بادلوں کے اندرینم وار ذرات کی رگڑ سے پیدا ہوتی ہے۔ زمین کا گرد و غبار آسمان
پر چڑھ جاتا ہے۔ ان ذروں پر ابخرات بیٹھ جاتے ہیں. ایسے بے شمار ذرات مل کر بادل بن جاتے
ہیں۔ بادلوں کے اندر یہ ذرات مستقل طور پر حرکت کرتے رہتے ہیں۔ ان کی آپس کی رگڑ سے پورا
بادل چارج ہو جاتا ہے۔ کسی بادل پر ثبت اور کسی پرمنفی بجلی پیدا ہو جاتی ہے ۔ جب ایسے دو بادل
ایک دوسرے کے قریب آجاتے ہیں تو منفی بجلی مثبت بجلی کی طرف لپکتی ہے۔ بیچ میں ہوا مزاحمت
کرتی ہے اس لیے زبر دست کڑا کا پیدا ہوتا ہے اور چمک بھی ۔ یہ ہے آسمانی بجلی۔
جب کوئی بار بردار بادل زمین کے قریب آجاتا ہے تو اس کا چارج زمین میں اترنے کی کوشش
کرتا ہے، کیوں کہ زمین بجلی کی بہت اچھی موصل ہے۔ مکان ، درخت، انسان، جانور وغیرہ بھی بجلی کے
اچھے موصل ہوتے ہیں، اس لیے کوئی بھی چیز آسمانی بجلی کے لیے واسطہ یا سہارا بن جاتی ہے اور وہ
اس سے گزرتی ہوئی زمین میں اتر جاتی ہے۔ اسے ہم بجلی کا گرنا کہتے ہیں ۔ وہ واپس نہیں جاتی، بلکہ زمین
میں چلی جاتی ہے اور جو چیز بھی اس کے لیے واسطہ یا سہارا بنتی ہے ، وہ جل کر راکھ ہو جاتی ہے، کیوں کہ
بادلوں میں زبر دست چارج پیدا ہو جاتا ہے۔ ہم اونچی عمارتوں کو بجلی سے بچانے کے لیے ان پر
لوہے کی سلاخ اور سلاخ کے ساتھ نیچے زمین تک دھات کی ایک چوڑی پتری لگاتے ہیں ۔
چوں
کہ دھات اینٹ پتھر کے مقابلے میں بجلی کی بہتر وصل ہوتی ہے اس لیے بجلی اگر عمارت کے
قریب آتی بھی ہے تو خاموشی سے اس دھاتی سلاخ اور تیری سے گزر کر زمین میں اتر جاتی ہے،
عمارت کو نقصان نہیں پہنچاتی ۔
س: کہکشاں کسے کہتے ہیں ؟ ذرا اچھی طرح سمجھائیے۔
دعلی حیدر، کراچی)
ج : سینکڑوں سال ہوئے، یعنی گیلیلیو کے دور مین ایجاد کرنے سے پہلے ، لوگ رات کے
وقت آسمان پر ستاروں کے بہت سے جھرمٹ پہچانتے تھے اور انھیں روشنی کے بادل کہتے
تھے۔ دور میں ایجاد ہونے کے بعد ایسے بہت سے جھرمٹوں کا پتا لگا ہے۔
ستاروں کا علم جاننے والے سائنس داں ماہر فلکیات"" یا "" ہیئت داں کہلاتے ہیں
وہ کہتے ہیں کہ آسمان پر ستاروں کے بے شمار جھرمٹ یا مجمو عے موجود ہیں ۔ ہر ستارہ اپنی جگہ
ایک سورج یا اس سے بھی بڑا ہے۔
آسمان کے بیچوں بیچ ایک دودھیا راستہ نظر آتا ہے جسے ہم گاہ کشاں یا کہکشاں کہتے
ہیں۔ یہ بھی ستاروں کا ایک بہت بڑا مجموعہ ہے ۔ ہمارا سورج بھی ان میں شامل ہے۔ چوں کہ
یہ ستارے ہم سے بہت ہی دور نہیں ، اس لیے وہ نہیں الگ الگ نظر نہیں آتے ، بلکہ ایک دوسرے
سے لیے ہوئے معلوم ہوتے ہیں۔ اس طرح ہمیں یہ محسوس ہوتا ہے جیسے ہم کوئی دودھیا راستہ
دیکھ رہے ہیں۔
کاہ فارسی میں سوکھی گھاس کو کہتے ہیں۔ چوں
کہ کاہ کشاں اس طرح معلوم ہوتی ہے جیسے
کوئی راستے میں گھاس گھسیٹتا ہوا چلا گیا ہے اور نشان پڑ گئے ہیں، اس لیے اسے کاہ کشاں
یا کہکشاں کہنے لگے۔
انگریزی میں کہکشاں کو ملکی وسے (MILKY WAY) کہتے ہیں اور عربی زبان میں کہا
رات کے وقت کہکشاں آنکھوں کو بھلی لگتی ہے۔",565
P3_1970_17,Naunehal,1970,Magazine,"یہ ایک ایسا سوال ہے جس کا صحیح جواب دینے کی انسان صدیوں سے
کوشش کر رہا ہے اور اس مدت میں بہت سے طریقے اس نے جواب
کے نکالے ہیں اور ابھی تک اسی دھن میں لگا ہوا ہے۔
بہت پرانے زمانے کا قدیم انسان اس سوال کا جواب سورج کی
طرف دیکھ کر دیتا تھا پھر اس کی اولاد میں سے کسی نے اس سے
زیادہ صحیح جواب دینے کا ایک اور طریقہ درختوں کا سایہ دیکھ کر وقت بتانے
کا نکالا۔ اس کے بعد دھوپ گھڑی ظہور میں آئی جو پہلے تو بے ڈھنگی
اور بھونڈی سی چیز تھی، مگر رفتہ رفتہ خاصی خوب صورت چیز بن گئی ، پھر
ریت گھڑی نکلی جس سے زیادہ تر جہازوں میں کام لیا جاتا تھا ۔ آخر ۱۳۰۰ ء
میں اٹلی نے پرزوں سے ترتیب دی ہوئی میکانکی گھڑی بنائی۔
وقت کو ناپنے کے یہ بے ڈھنگے طریقے اس وقت تک خاصا کام
دیتے رہے جب تک ہمارے وہ اجداد جو بحری مسافر تھے ، ساحلوں
سے آگے نہ بڑھے ۔ مگر جب انھوں نے سمندروں کی نا معلوم وسعتوں
میں دور و دراز کے سفر اختیار کرنے کی ہمت کی تو انھیں سخت مشکلات کا
سامنا ہوا۔
بات یہ تھی کہ عرض البلد کا ناپنا یا خط استوا سے جنوبی یا شمایی فاصلے
کا ناپنا تو زیادہ دشوار نہ تھا ، مثالاً شمانی سمندروں میں افق کے اوپر قطب
تارنے کی اونچائی آسانی سے ناپی جا سکتی ہے ، لیکن طول البلد کا معلوم کرنا
یعنی کسی دینے ہوئے نقطے سے مشرق یا مغرب کا فاصلہ معلوم کرنا آسان
نہیں ہے ۔ جہازوں کے کپتان قطب نما اور بحری نقشے استعمال کرتے تھے
اور ہر روز جتنا فاصلہ طے کیا جاتا تھا ، اٹکل سے اس کا اندازہ کر لیتے تھے
لیکن اس کا تخمینہ وہ نہیں لگا سکتے تھے کہ سمندر کی لہروں اور ہواؤں نے
رگاه آب سے کتنی دور انھیں دھکیل دیا ہے۔ اس کا نتیجہ یہ ہوتا تھا
کہ جتنے فاصلے پر وہ سمجھتے تھے کہ وہ ہیں۔ اس سے سیکڑوں میل دور پہنچ
جاتے تھے۔ اس طرح ہزاروں جہانہ اس زمانے میں تباہ ہو گئے ۔
بحر نورد قوموں نے فیصلہ کیا کہ اس قسم کے حادثوں سے بچنے کے لیے
طول البلد کے متعین کرنے کا بے کم و کاست صحیح طریقہ معلوم کرنا ضروری
ہے۔ ششماء میں ایسین کے بادشاہ فلپ سوم نے اس
شخص کو جو
طریقہ معلوم کرلے، ایک لاکھ کراؤن دایک سکہ) انعام دینے کا اعلان کیا
ولندیزوں نے اس انعامی رقم میں دس ہزار فلون (ایک سکہ) کا اضافہ کیا ۔
برطانیہ بھی ہیں ہزار پونڈ اس رقم میں شامل کر دیے ۔ اسی طول البلد کی
گشتی کو سمجھانے کے لیے بادشاہ چارلس دوم نے ۱۹۷۵ ء میں گرین
وچ میں ایک رصد گاہ قائم کی ۔ گرین وچ انگلستان کے صوبہ کینٹ کا
ایک شہر ہے۔
یہ بات واضح ہے کہ طول البلد کے متعین کرنے کے معنی ہیں صحیح
وقت متعین کرنا ۔ زمین کی گردش کا ایک مکمل دور ۳۶۰ ڈگری - ۲۴ گھنٹے
کا ہوتا ہے ۔ اسی طرح زمین ہر گھنٹے ۱۵ ڈگری سے گزرتی ہے۔ فرض کرو کہ
ایک جہاز لزبن سے اس وقت چلا جب سورج اپنے سمت الراس پر تھا
اور فرض کرو کہ جہانہ میں ایک گھڑی بھی تھی جو لزبین کا وقت بتا رہی تھی۔
اگر لزبین
سے روانہ ہو نے کے تیسرے دن جہاز کا کپتان زاویه دار
فاصلوں کی پیمایش کرنے والے آلے سے اس وقت ناپتا ہے جب
سورج انتہائی بلندی پر ہے اور اسے معلوم ہوتا ہے کہ از بن کے وقت
ہیں اور جہاز کے وقت میں ٹھیک ایک گھنٹے کا فرق ہے تو وہ سمجھ
لے گا کہ میں نے پندرہ ڈگری فاصلہ طے کیا ہے ۔ اس طرح اسے اپنا طول
البلد معلوم ہو جائے گا۔
پس جہاز رانوں کو ایسی گھڑی کی ضرورت تھی جو بالکل صحیح وقت بتائے۔
داس نہ ماننے کی سے اچھی گھڑیاں لٹکن دار گھر ماریں تھیں جو سمندر
میں کام نہیں ہے سکتیں یہ کام ایک ایسے شخص نے انجام دیا، جس
سے اس کی کسی کو توقع نہیں ہو سکتی تھی۔ لنکن شائر کے ایک چھوٹے
سے گاؤں میں ایک نوجوان بڑھی رہتا تھا جس کا نام جان ہیرلین تھا ۔
مشغلے کے طور پر اس نے ایک گھڑی بنائی تھی۔ شرکاء میں اس
نے جو گھڑی بنائی تھی ، بالکل صحیحیح وقت بتائی تھی۔ زیادہ سے زیادہ چند
سیکنڈ کا فرق ہوتا تھا۔ اب اسے ایک ایسی گھڑی بنانے کا خیال آیا جو
سمندر میں بھی بالکل صحیح وقت بتائے ۔ وہ ساری عمر اسی دھن میں
لگا رہا۔ میں ہزار پونڈ کا انعام حاصل کرنے کے لیے اسے ایک ایسی
ٹھیک وقت بتانے والی گھڑی بنانی تھی جو انگلستان سے ویسٹ انڈیز
تک کے بحری سفر کی نا ہم واری اور اونچ پہنچ کی مزاحمت برداشت کر سکتے
اور اسی طرح واپس آسکے اور اس میں اتنی صلاحیت ہو کہ درجہ حرارت
اور رطوبت کے تغیرات میں خود کو حسب ضرورت حالات کے مطابق و
موافق بنا سکے اور اس کی رفتار اتنی صحیح ہو کہ آدھی ڈگری کے اندر اندر
طول البلد کو صحیح طور پر متعین کر سکے ۔ اپنی پہلی کوششوں میں ایک
ایسا وقت پیما یا گھڑی تیار کی جس کا وزن ۷۲ پونڈ تھا۔ یہ بحری گھڑی
خاصا کام دیتی تھی، مگر اس میں پھر بھی کچھ کسر تھی۔ کہ میں اپنی چوتھی
کوشش میں اس نے ایک بحری گھڑی تیار کی جس کا قطر پانچ اینچ
.
تھا۔ یہ گھڑی جہاز رانی کی تاریخ کا ایک یادگار واقعہ تھا۔
جان ہیریسین ۶۸ برس کی عمر میں بہت سخیف اور بوڑھا ہو گیا تھا، اس
لیے وہ اپنی گھڑی کے امتحانی بحری سفر پر نہ جا سکا ۔ اس نے ڈیلیٹ فورڈ
جہاز میں جو نومبر ۱۷۶۱ ء میں پورٹ ماؤتھ سے جمیکا کے لیے روانہ ہوا ، اپنے
لڑکے ولیم کو بھیجا۔ دو مہینے بعد جب یہ جہاز جمیکا پہنچا تو ہیریسین کی عجیب
و غریب گھڑی صرف پانچ سیکنڈ کا فرق دکھا رہی تھی ، لیکن انعامی بورڈ کا فیصلہ
یہ تھا کہ یہ کام یابی محض اتفاقیہ تھی۔
جب ہیریسن کی عمر اسی برس کی ہو گئی تو بادشاہ جارج سوم نے اصرار کیا
کہ اس بوڑھے آدمی کو اپنے دور آفریں کار نمایاں کا صلہ ملنا چاہیے۔ اس
وقت سے برابر دنیا کے بڑے بڑے جہاز راں زمین کے چاروں طرف
پھرنے کے لیے ہیریسن کے وقت پیما کی نقلیں استعمال کر رہے ہیں ۔
میرین کی بنائی ہوئی سب اصلی بحری گھڑیاں برطانیہ کے قومی عجائب گھر میں
محفوظ ہیں اور اب تک بالکل صحیح وقت بتا رہی ہیں۔
سمندروں کا معاملہ تو طے ہو گیا ، لیکن زمین پر وقت کی اُلجھنیں ابھی
باتی تھیں۔ ہر اہم شہر میں اپنا وقت کا نظام علاحدہ تھا جس کو ریلیوں کے
چلنے سے پہلے تک کوئی اہمیت حاصل نہیں تھی۔ اس سے بھی زیادہ وقت
طلب بات یہ تھی کہ پچھلی صدی کے آخر یک دنیا میں تیرہ علاحدہ علاحدہ
سمت الراس تھے ، یعنی وہ مقام جہاں سے یہ فرض کر لیا گیا تھا کہ وقت
شروع ہوتا ہے ۔ صرف ممالک متحدہ امریکا میں ستر معیاری وقت رائج
تھے۔
اس دشوار مسئلے کو حل کرنے کے لیے ۱۸۸۴ء میں چوہیں قوموں
کے نمائندے واشنگٹن میں جمع ہوئے۔ اس اجتماع میں امریکا کے
نمائندے نے یہ تجویز پیش کی کہ برطانیہ کے ایک مقام گرین وچ کو
ساری دنیا کے وقت کا محافظ اور نگراں مقرر کر دیا جائے ۔ برطانیہ کو یہ
حق اس لیے حاصل ہے کہ ساری دنیا میں سب زیادہ بحری جہازوں
زیادہ جہاز رانی کے نقشے اسی نے بناتے ہیں
کا مالک وہی ہے ۔
ہو۔
اور سب سے پہلے بحری وقت پیا اسی نے تیار کیا ۔ نمائندوں کی اکثریت
اس رائے پر متفق ہو گئی۔ ایک معاہدے پر سب کے دستخط ہو گئے ۔
ساری دنیا کو گرین وچ کے مشرق اور مغرب میں وقت کے منطقوں میں
ر کر دیا گیا۔ اس طرح نیو یارک کا وقت گرین وچ کے وقت سے پانچ
ہو گا۔ سین فرانسسکو کا آٹھ گھنٹے ، نوم کا گیارہ گھنٹے ، بغداد کا
وقت گرین وچ کے وقت سے تین گھنٹے زیادہ ہو گا ، ٹوکیو کا نو گھنٹے
زیادہ ہو گا۔ گھنٹوں کی یہ کمیاں اور زیادتیاں بحرالکاہل کے درمیان میں
بین الاقوامی خطہ پر ملیں گی جس سے ہر شخص معلوم کر سکے گا کہ کہاں کیا
وقت ہوا ہے۔
پہلے عبوری دور بین سے دیکھتے تھے کہ کسی وقت گرین وچ کے نصف
انہار کے اوپر سے گزرتے ہیں۔ معمولی سا حساب لگا کر ستارے کے وقت
کو گرین وچ رجی ، ایم ٹی کے وقت میں بدل لیتے تھے ۔ ۱۹۵۷ ء میں
عملی کام ہرسٹ مالیو( HERSTM ONCE UX) میں انجام پانے لگا جو سیکس
(SUSSEX) میں ایک قلعہ ہے اور لندن کی راتوں کی چمک دمک اور
دھویں سے کافی فاصلے پر ہے ۔ وہاں تقریبا تمیں ایسے ستاروں کے جو اپنی
جگہ پر قائم ہیں، اس وقت فوٹو لیے جاتے ہیں جب وہ نصف النہار سے گزرتے
ہیں اور مشاہدات کا اوسط نکال کر ٹھیک وقت متعین کیا جاتا ہے۔
یئتی مشاہدات کے دوران نہایت غیر معمولی مشینوں کی مدد سے وقت
کا حساب رکھا جاتا جو وقت کو ایک سیکنڈ کے لاکھویں حصے تک ناپ
لیتی ہیں۔ ان مشینوں سے بھی زیادہ عجیب ایمٹی گھڑتی ہے جو اپنی صورزی
کی مدد سے ایک دن میں ایک سیکنڈ کے کروڑویں حصے تک وقت تھے
جود اپنی شونیزی
فرق کو ناپ لیتی ہے ۔
مگر نہیں ابھی اتنے زیادہ صحیح وقت کی ضرورت نہیں ہے۔ ہماری
ضرورتوں کے لیے ایک سیکنڈ کے ہزارویں حصے تک فرق معلوم کر لینا
بھی بہت کافی ہے ۔",1593
P3_1971_18,Naunehal,1971,Magazine,"ا کے جنگلوں میں ہزاروں قسم کے جانور پائے جاتے ہیں ۔ شکاری اور شوقین لوگ شکار کرنے
اور جانوروں کو دیکھنے اور ان کی تصویریں لینے کے لیے ان مقامات کے سفر کرتے ہیں ۔ آج کچھ جنگلی جانوروں
کا دل چسپ حال بیان کیا جاتا ہے۔
آپ نے بارا سنگھے کا نام ضرور سنا ہوگا۔ شاید کسی چڑیا گھر میں دیکھا بھی ہو۔ آپ یہ بھی جانتے ہیں کہ
اس کے سینگوں میں بارا شاخیں ہوتی ہیں جس سے وہ بہت خوب صورت معلوم ہوتا ہے ۔ اسی وجہ
سے اس کو بارا سنگھا کہتے ہیں۔ اس کی آواز بہت اونچی ہوتی ہے اور یہ بہت شور کرتا ہے ۔ جب
بارا سنگھوں کو کسی خطرے کا احساس ہوتا ہے تو ان کا غول کا غول مل کر زور زور سے آوازیں نکالنا
شروع کر دیتا ہے ۔ ان کی معمولی آواز گدھے کی آواز سے ملتی جلتی ہے ، لیکن ذرا باریک ہوتی ہے۔
باراسنگھے گھنے جنگلوں میں رہتے ہیں۔ بار اسنگھے کی نظر کم زور ہوتی ہے، لیکن سونگھنے کی قوت بڑی تیز
ہوتی ہے ۔ چار سو گز کے فاصلے تک انسان کی بو سونگھ لیتا ہے ۔ بہت دور تک تیزی کے ساتھ نہیں
دوڑ سکتا۔ اس کا قد عام طور پر ۴۷ اینچ ہوتا ہے ۔ سینگوں کی لمبائی ۳۵ اینچ تک ہوتی ہے۔
ایک جنگلی جانور چوسنگھا ، بھی ہوتا ہے ۔ اس کو چکارا بھی کہتے ہیں۔ یہ ہرن کی نسل کا سب سے
چھوٹا جانور ہے۔ اس کے سر پر چار سینگ ہوتے ہیں، اسی لیے اس کو چوسنگھا کہا جاتا ہے۔ دو
سینگ بڑے اور دو چھوٹے ہوتے ہیں۔ اِس کی مادہ کو بھیڑ کی، کہتے ہیں جس کے سینگ نہیں ہوتے۔
یہ چپانی یا میدانی علاقے میں پایا جاتا ہے چوسنگھا پہاڑ کے دامن میں پانی کے چشمے کے قریب
گھاس کے میدان میں رہتا ہے۔ زیادہ شریر اور میل جول والا نہیں ہوتا ، بلکہ اسے تنہائی اچھی
لگتی ہے اور شرمیلا جانور سمجھا جاتا ہے ۔ جونگھے کا وزن دس سے لے کر بیس پچیس میٹر تک ہوتا ہے۔
قدرو نیٹ سے زیادہ اور سینگ دو سے پانچ انچ تک لمبے ہوتے ہیں۔
ہرن کی ایک قسم سانبھرا بھی ہوتی ہے جس کو بعض علاقوں میں روج بھی کہا جاتا ہے ۔ یہ ہرن
کے خاندان کا سب سے بڑا جانور ہے۔ یہ بہت چالاک جانور ہے۔ جیسے ہی کوئی خطرہ دیکھتا ہے ،
تیزی سے رفو چکر ہو جاتا ہے اور کئی فرلانگ تک مڑ کر نہیں دیکھتا۔ گنجان جھاڑیوں اور گھنے جنگلات میں
رہتا ہے۔ جہو نے بہت شوق سے کھاتا ہے۔ لمبی لمبی رسیلی گھاس چو چشموں اور تالابوں کے کنارے
اگتی ہے، وہ بھی خوشی سے کھاتا ہے۔ میدانی علاقے میں بہت کم جاتا ہے۔ اس کے کان بہت تیز ہوتے
ہیں ۔ اس کی مادہ دو تین سال میں ایک بار بچہ دیتی ہے ۔ اس کا بچہ ڈیڑھ سال تک صرف ماں کے دودھ
پر رہتا ہے۔ سانبھر کوئی سچاس پچپن ان ہوتا ہے۔ سینگوں کی لمبائی پانچ انچ تک ہوتی ہے۔
آپ نے گائے کے علاوہ نیل گائے کا نام بھی سنا ہوگا ، لیکن اس کی شکل گائے کے بجائے
گھوڑے سے زیادہ ملتی ہے۔ گئے بہت شوق سے کھاتی ہے ۔ یہ اکیلی نہیں رہتی ، بلکہ عغول کے ساتھ
رہتی ہے۔ یہ ایسی جگہوں پر رہتی ہے، جہاں کھیت قریب ہوں۔ اس کا قد بہت بڑا اور وزن بہت
زیادہ ہوتا ہے ۔ اس کا شکار کرکے گوشت
بڑے شوق سے کھایا جاتا ہے ۔
اب کچھ باتیں بلی کے بھانجے یعنی شیر کی
بھی ہو جائیں۔ آپ نے شاید اس کو بھی کسی چڑیا گھر
میں دیکھا ہوگا۔
یہ جنگل کا
بادشاہ کہلاتا ہے اور اس کی بہادری اور طاقت کی مثال دی جاتی ہے ۔ آپ نے بھی کسی بہادر اور
با ہمت آدمی کو شیرا کہا ہوگا ۔ آپ خود بھی شیر کی طرح بہادر نے کی کوشش کیجیے۔ سلطان ٹیپو شہید نے
کہا تھا :
شیر کی ایک دن کی زندگی گیدڑ کی سوسال کی زندگی سے اچھی ہے “
شیر، پاکستان ، ہندستان ، برما، ملایا ، لاؤس، سماترا، سائبیریا اور تھائی لینڈ میں پایا جاتا ہے۔
اس کی آنکھیں کم زور ہوتی ہیں، لیکن کان تیز ہوتے ہیں۔ سونگھنے کی قوت بھی تیز نہیں ہوتی ، یعنی
یہ بہت دور سے خوش بو یا بد بو نہیں سونگھ سکتا ۔ یہ تو آپ کو معلوم ہوگا کہ اس قوت کو شامہ کہتے ہیں۔
شیر کا بچہ پیدائش کے وقت بلی کے بچوں کی طرح ہوتا ہے اور پند را بیس دن میں اس کی آنکھیں
کھلتی ہیں ۔ وہ ماں کا دودھ پیتا ہے اور دو مہینے میں ماں کے ساتھ اپنی کچھار دشیر کے رہنے کی جگہ)
سے باہر آجاتا ہے ۔ سولھویں جینے میں شکار کرنا سیکھنا شروع کر دیتا ہے۔ پانچ سال میں جوان ہو کر
پورا شیر بن جاتا ہے۔ شیر کی عمر کم و بیش تیس سال ہوتی ہے ۔ اس کا وزن ساڑھے چارمن سے لے کر
ساڑھے سات من تک ہوتا ہے ۔ اس کی لمبائی آٹھ فیٹ سے لے کر دس گیا را فیٹ تک ہوتی ہے۔
شیر بہت تیز نہیں دوڑ سکتا، اس لیے اس کو اپنا پیٹ بھرنے کے لیے جانوروں کا شکار
کرنے میں کافی محنت اور کوشش کرنی پڑتی ہے۔ جنگلی جانور اس سے زیادہ چالاک ہوتے ہیں
اور تیزی سے بھاگ دوڑ سکتے ہیں، اس لیے شیر کو عمو گا کئی کئی بار کوشش کرنے کے بعد شکار میتر
آتا ہے۔ اس طرح اس کی عمر کا زیادہ حصہ غذا کی تلاش میں گزرتا ہے۔
اگر شیر کو بہت دن تک بڑے جانور نہ ملیں تو وہ بھوک سے مجبور ہو کر جنگی پرندوں ، مینڈکوں
بندروں وغیرہ سے ہی پیٹ بھر لیتا ہے ۔ مجبوری سب کچھ کراتی ہے۔ پیٹ کے لیے تو انسان بھی رہے
کام کرنے لگتا ہے ۔
بڑے جانور کا شکار کرنے کے بعد شیر اپنے شکار کو اس کے پچھلے پیروں یعنی رانوں کی طرف سے
کھانا شروع کرتا ہے اور پیٹ کی اندرونی آلائش وغیرہ نہیں کھاتا۔ جب تک ایک جانور کا پورا گوشت
نہ کھالے، دوسرے شکار کی کوشش نہیں کرتا۔ بعض ماہر شکاریوں کا اندازہ ہے کہ ہر سال تقریبا سو
جانور شیر کا شکار اور اس کے منجھے کا نوالہ بن جاتے ہیں۔
شیر رات کے وقت پندرا ہیں میل کے علاقے میں گھومتا پھرتا ہے۔ اس کی رفتار دو تین میل
فی گھنٹے سے زیادہ نہیں ہوتی ۔ شیر گرمی اور پیاس کو برداشت نہیں کرسکتا ۔ دن میں وہ کسی گھنے درخت
یا جھاڑی کے سائے میں آرام کرتا ہے ۔ وزن زیادہ ہونے کی وجہ سے درخت پر نہیں چڑھ سکتا۔
صبح اور شام کو اپنے گھر دکھار سے نکل کر کسی قریب کے چشمے باندی پر پانی پینے جاتا ہے۔
یہ تھا چند جنگلی جانوروں کا ذکر خیر ۔ آیندہ کبھی دوسرے جنگلی جانوروں کا حال سنائیں گے۔",1135
P3_1971_19,Naunehal,1971,Magazine,"صبح جب اس کی آنکھ کھلی تو کافی دیر ہو چکی تھی۔ دفتر کا وقت بہت کم تھا اور اُسے ابھی
بہت سے کام کرنے تھے ، مگر اُسے کوئی فکر نہ تھی۔ ایک مشین جو اُس کے پلنگ کے قریب
ہی رکھی تھی، اُس کے لیے بہت سے کام کر سکتی تھی۔ اُس نے مشین کا ایک بٹن دبایا جس کے
دبانے سے مشین نے اُس کا ناشتہ تیار کرنا شروع کر دیا۔ ذرا ہا تھ بڑھا کر اس نے پچھلی رات
کی مختصر خبریں ایک آلے میں ڈالیں تاکہ وہ معلوم کر سکے کہ موسم کے متعلق جو الیکشن ہوا اس
کا نتیجہ کیا رہا۔ اس نے چلیپش کے رہنے والوں نے زیادہ تر ووٹ اس بات کے حق میں
ڈالے ہیں کہ دن کے وقت آسمان صاف رہے ۔ درجہ حرارت ملکا ر ہے اور پونے چار بچے
ایک ہلکی سی بارش ہو جائے
آتا کہ درختوں وغیرہ کو پانی پہنچ جائے ۔ اس دوران اس نے اپنا
تاکہ
دس بٹنوں والا سوٹ پہن لیا۔
خبریں ختم ہوگئیں۔ اب اگلے روز سے سائنس دانوں کو اسی پروگرام کے سخت موسم کنٹرول
کرنا پڑے گا ۔ جیسے ہی اس نے مشین کا دوسرائین دبایا ، اس کا ناشتہ تیار ہوکر باہر آ گیا ۔ یہ جانتے
ہوئے بھی کہ ناشتے میں جو چیزیں ہیں ، وہ اصلی نہیں۔ وہ اس سے خوب لطف اندوز ہوا ۔
انڈا ایک خاص قسم کی سمندری گھاس سے تیار کیا گیا تھا۔ اسی طرح دوسری چیزیں بھی مصنوعی
طور پر بنائی گئی تھیں۔
ناشتہ ختم کر کے اس نے اپنے ایک آنکھ والے روبوٹ (مشینی آدمی ) کو جو اس کی چھڑی
اور ٹوپی لیے دروازے پر اس کا منتظر تھا، الوداع کہا اور اپنی برقی گاڑی میں بیٹھ کر دفتر
روانہ ہو گیا۔ دوسرے لوگوں کی طرح اس کو مفتے میں صرف تین روز کام کرنا پڑتا ہے ۔
جب اس کی عمر ۳۹ سال ہو جائے گی تو وہ ریٹائر ہو جائے گا۔ اس کے بعد وہ قطعی
آزاد ہوگا۔ یہ سوچتے ہوئے پریشان ہو گیا کہ اس کے بعد وہ اپنے دن کس طرح گزارے گا۔ مگر جیسے
ہی وہ اپنے زمین دوز گیراج میں داخل ہوا ،تمام خیالات اس کے دماغ سے غائب ہو گئے۔
تھوڑی دیر بعد وہ اپنے زمین دوز دفتر کے باہر روشن جنگل میں آہستہ آہستہ چہل قدمی
کرتے ہوئے اس دن کے پروگرام کے مطابق سوچنے لگا۔ سامنے ایک جگہ لگے ہوئے بہت
سے ٹینوں کو اس نے دبانا شروع کیا اور آہستہ آہستہ بے حس و حرکت کھڑے ہوئے
بہت سے فولادی مشینی آدمیوں نے فیکٹری میں کام کرنا شروع کر دیا۔
تم حیران تو ہو گے کہ یہ آخر یہ کون صاحب ہیں اور یہ سب کیا گورکھ دھندا ہے ؟ کہیں
یہ خواب تو نہیں ہے ؟ ایسا تو کبھی سننے میں آیا نہیں ۔
آؤ ہم تمھیں سمجھاتے ہیں۔ ہاں تو یہ صاحب اب سے صرف تیس سال بعد کے ایک انسان
ہیں اور یہ تمام باتیں ۲۰۰۰ شمسی کی ہیں۔ سائنس دانوں کا خیال ہے کہ یہ تمام باتیں جو آج
ہمیں صرف خواب معلوم ہو رہی ہیں ، صرف تمہیں سال کے اندر اندر حقیقت بن جائیں گی۔
یہ صرف خیال ہی نہیں ہے، بلکہ ان پر بڑے زور شور سے تجربات ہو رہے ہیں۔ بہت سی
چیزیں تو آج کل بھی موجود ہیں۔ ان کے متعلق معلومات تم لوگوں کے لیے بہت مفید ہوسکتی
ہیں ، کیوں کہ مسلہ شمسی تک تم میں سے تقریبا تین چوتھائی ضرور اس وقت کے حالات
اپنی آنکھوں سے دیکھیں گے ۔
سائنس دانوں کا خیال ہے کہ سنت یہ شمسی تک اس زمین کی موجودہ تین ارب
آبادی سے دگنی ہو جائے گی۔ ہم اگر سوچیں تو یہ ہمارے لیے بہت ہی پریشان کن خیال ہے
مگر سائنس دانوں کا خیال ہے کہ اس وقت زندگی بہت پرسکون ہو جائے گی۔ امیر ممالک
امیر تر ہو جائیں گے اور غریب ممالک بھی صنعتوں میں کافی ترقی کر جائیں گے ۔
آخر سائنس داں کس طرح ایسا اندازہ لگا لیتے ہیں۔ وہ طریقہ کار کیا ہے ؟ یہ ہیں وہ
سوالات جو ہمارے ذمن میں ابھرتے ہیں۔
وہ ماضی کا بہت غور سے مطالعہ کرتے ہیں۔ اس کے بعد حال پر غور کیا جاتا ہے۔ وہ
اچھی طرح یہ دیکھتے نہیں کہ آج کل کیا کیا طریقے کسی چیز کو استعمال کرنے کے لیے کیے جارہے
ہیں۔ یا کیا کیا نئی ایجادات ہو رہی ہیں۔ ان تمام چیزوں کو سامنے رکھ کر وہ سوچتے ہیں کہ
آئیندہ مستقبل میں کن کن چیزوں کے امکانات ہیں ؟ کیا کچھ ہو سکتا ہے ؟ یہ تمام چیزی انسان
کی آجکل کی ضرورتوں پر نظر رکھتے ہوئے سوچی جاتی ہیں۔ ذیل میں ہم چند اہم چیزوں کے تعلق
بتاتے ہیں۔
سطح زمین کے شہر
۱۲۰۰۰ شمسی تک آبادی اس قدر بڑھ جائے گی کہ شہر آپس میں مل جائیں گے اور مشترکہ شہر
کہلائیں گے اور ان تمام کے نام بھی اسی لحاظ سے ہوں گے ۔ مثلاً ہو سواہ جو بوسٹن سے واشنگٹن
تک پھیلا ہوا ہو گا۔ سینٹ جو شکاگو سے پٹسبرگ کے درمیان ہوگا ، سان سن ، سان فرانسیسکو
سے سان دیگو تک ہو گا۔ جاپان کی کافی آبادی اوساکا ٹوکیو کے مشترکہ شہر جس کا نام اوسٹوک
ہو سکتا ہے، میں ہوگی۔ بہت سے انسان بالکل نئے قصبوں میں آباد ہوں گے۔
بہت سے سائنس دانوں کا خیال ہے کہ اس وقت تمام دفاتر ، گیراج ، اسٹورز وغیرہ
زمین دوز سرنگوں میں منتقل: جائیں گے۔ مکانات قصبوں سے بہت دور بنائے جائیں گے
اور قصبوں کے درمیان بڑے بڑے پارک و تفریح گاہیں بنائی جائیں گی ، تاکہ لوگ اپنا چھپٹی
کا دن وہاں گزار سکیں ۔
سمندری شهر
زمین کی سطح پر اس طرح بننے کے باوجود بھی بہت سے انسانوں کو جگہ نہ ملے گی جس کی وجہ سے
بہت سے شہر سمندر کی تہہ میں آباد کیے جانے کا امکان ہے۔ ان میں ہر طرح آرام و آسائیش
مہیا کی جائیں گی ۔ خوب صورت مکانات ، باغات اور کھیت وغیرہ سبھی تو موجود ہوں گے جن
کی ایک انسان کو ضرورت ہو سکتی ہے۔
یہ شہر بلاشک کے بہت بڑے بڑے گولوں میں آباد کیے جائیں گے ۔ ان
کا درجہ حرارت
اور موسم بھی بہت ہی مناسب رکھا جائے گا۔ کسان سمندری پودوں اور گھاس وغیرہ کی کاشت
کریں گے اور ان سے خوراک حاصل کی جائے گی۔
جب لوگ آبدوزوں میں ایک شہر سے دوسرے شہر جائیں گے تو راستے میں اس
اس قدر خوش نما مناظر دیکھنے میں آئیں گے کہ وہ حیران رہ جائیں گے۔ اگر ان کا دل
چاہے گا تو وہ زمین پر اپنی چھٹیوں کے چند روز یا چند ہفتے گزارنے کے لیے باہر آجائیں گے۔
آمد و رفت کے ذریعے
اب دوبارہ زمین پر آجائیے۔ گاڑیاں اس وقت بھی ہوں گی ، لیکن آج کل کی گاڑیوں
سے بہت مختلف - کاریں بجائے پٹرول کے برقی رو سے چلا کریں گی۔ یہ کاریں برقی سٹرکوں
پر بہت تیزی سے سفر کریں گی ۔ اس وقت لوگوں کو کاروں کے لیے تیل وغیرہ کے استعمال کی
فکر سے نجات مل جائے گی۔
بہت سے سائنس دانوں کا خیال ہے کہ اس وقت کی کاریں، آجکل کے ہو در کرافٹ
سے بہت مشابہت رکھتی ہوں گی جو ہوا میں زمین سے کچھ اوپر تیرتی پھرتی ہوں گی۔
عام پبلک کے لیے کچھ اور ہی قسم کی گاڑیاں ہوں گی ۔ یہ چھوٹے چھوٹے ہوائی جہازوں
کی طرح ہوں گی جو ہوا میں سیدھی اوپر اٹھیں گی اور کسی خاص سمت ہیں ۲۰۰ میل فی گھنٹہ
کی رفتار سے سفر کر سکیں گی ۔ جو لوگ اُڑنے کو ناپسند کریں گے ، ان کے لیے خاص قسم کی زمینی
گاڑیاں ہوں گی جو برتی ہیں اور ہو اور کرافٹ کا مجموعہ ہوں گی ۔
موسم پر قابو
۲۰۰۰
سائش والوں کا خیال ہے کہ ستہ شمسی تک وہ اس قابل ہو جائیں گے کہ بادلوں
میں مصنوعی مجلی کی لہروں سے حرارت پیدا کر کے ان کو ہر سا دیں۔ اگر کسی جگہ جہاں بادل نہ
ہوں ، پانی برسانا چاہیں گے تو وہ اس کے لیے بادل کسی ایسی جگہ سے ، جہاں وہ زیادہ
مقدار میں ہوں گے اور جہاں ان کی زیادہ ضرورت نہ ہوگی، اڑ اکر اس خاص جگہ پر لے
جائیں گے ۔ ریگستانوں میں بھی کھیتی باڑی آسانی سے ہو سکے گی ۔
یہ خیال کیا جاتا ہے کہ آج سے تیس سال کے اندر اندر سائنس داں اس قابل ہو
جائیں گے کہ سمندری پانی سے نمک بہت کم خریح پر اور بہت آسانی سے بہت زیادہ
مقدار میں حاصل کر سکیں گے۔ اس طرح پانی کی کمی جو نہیں ریگستانوں کو سیراب کرنے میں
حائل ہے ، دور ہو جائے گی، کیوں کہ صاف شدہ سمندری پانی وہاں استعمال کیا جاسکے گا۔
دوائیں
سائنس دانوں کو یقین ہے کہ ۲۰۰۰ شمسی تک وہ موجودہ تمام پجاریوں پر پوری
طرح قابو پا لیں گے ، بینی معمولی زکام سے لے کر کینسر جیسے مہلک مرض تک کا علاج
بآسانی ہوسکے گا۔
معالج اس قابل ہو جائیں گے کہ انسانی اعضا ، مثلاً دل گردے ، پھیپڑے حتی کہ
معدہ تک آسانی سے بدل سکیں، بالکل اسی طرح جس طرح کہ آج کل گلے کے غدود
آسانی سے نکال لیے جاتے ہیں۔ لیکن اس کے ساتھ ساتھ ہی کچھ سائنس دانوں کا یہ
بھی خیال ہے کہ ان بیماریوں کے علاوہ کچھ اور نئی بیماریاں بھی جب تک وجود میں آچکی",1549
P3_1972_20,Naunehal,1972,Magazine,"عالمی ادارہ صحت
کی یہ تعریف صحت در حقیقت اتباع ہے قول رسول کا ، کیونکہ لفظ عافیت صحبت ذہنی پر حاوی
ہے، اور سماجی فلاح و بہبود سامان غذا و خوراک
کے بغیر مکن نہیں ہے ۔ تو ساری دنیا کے ماہرین صحت نے سر جوڑ کر بیٹھ کر محف
کی جو تعریف آج کی ہے ہمارے آقائے دو عالم نے سب سے پہلے ہمیں یہی بات بتادی تھی ۔ نہ صرف یہ بلکہ اس تعریف صحت میں
درس صبر و قناعت بھی دے دیا تھا، اور یہ بھی ہم پر واضح کر دیا تھاکہ یہ اللہ تبارک و تعالیٰ کا سب سے بڑا انعام ہے ۔ در اصل
صیحت
کی مکمل اور صحیح تعریف اس کے بغیر کی جاتی ممکن نہیں ہے کہ ہم اسے تسلیم کریں
کہ اللہ ہی صحت دینے والا ہے اور صحت
اُس کا سب سے بڑا عطیہ ہے۔
بات
پر اس طرح غور فرمائیے کہ اگر آپ صحت مند نہیں ہیں تو آپ اپنا کون سا کام ٹھیک کر سکتے ہیں ؟ اگر آپ کے دل و
دماغ صحیح کام نہیں کر رہے ہیں تو آپ فلاح و فکر کا بتائیے کونسا کام اچھی طرح کر سکتے ہیں ؟ اگر آپ کے جسم میں خون کم ہے تو آپ
اپنی زمین میں ہل اور ٹیکیٹ کیسے چلائیں گے ؟ اگر آپ کی تو تیں ضعیف ہیں تو کیئے آپ پاکستان
کی تعمیر و ترقی میں حصہ لیں گے ؟
سچ یہ ہے کہ صحت کے بغیر آپ کوئی کام نہیں کر سکتے !
اس صورت حال کی روشنی میں ہرانسان کا سب سے پہلا کام صرف یہی ہو سکتا ہے کہ وہ منشائے الہی کی تعمیل میں
اپنی صحت کی حفاظت کرے اور اسے قائم ودائم رکھنے کے لیے نفطرت کے مقررہ اصولوں پر عمل کرے ۔ فطرت کے خلاف
جنگ کر کے انسان صحت وعافیت کے ساتھ نہیں رہ سکتا۔
صحت کے بارے میں ہر قوم اپنا کوئ نہ کوئی مقولہ اور نظریہ ضرور رکھتی ہے اور اکثر اقوام نے صحت کا دولت سے موازنہ
کیا ہے ۔ چنانچہ صحت دولت ہے ۔ مہلتھ از دولتھ ۔ ایک بڑا مشہور مقولہ ہے ، مگر میری رائے میں صحت کو دولت
جیسی اونا چیز سے تو لنا مقام صحت کو کم کرنا ہے۔ میں یہ کہتا ہوں کہ صحت سب کچھ ہے۔ اگر صحت نہیں ہے تو دنیا کی ہر جز بے کار
ہے اور دنیا کی ہر شے بے وقعت ہے اور بے وزن ہے صحبت حاصیل زندگی ہے ۔ اگر زندگی کی تنگ درد سے صحت حاصل نہیں
ہوتی تو اس کا صرف ایک ہی مطلب ہے اور وہ یہ ہے کہ ہم نے سب کچھ پاک سب کچھ کھو دیا ہے۔ اگر آپ صحت مند نہیں ہیں اور صحت
سے آپ
محروم ہیں تو میں آپ سے یہ کہوں گا کہ یہ دنیا کی سب سے بڑی محرومی ہے۔ پھر سارا دھن اور دولت بے کار ہے ساری
تگ و دو اور ساری بھاگ دوڑ بے نتیجہ ہے ، دولت سے آپ دنیا کی شاید ہر چیز خرید سکتے ہیں اور ہر شے کا بھاؤ کر سکتے ہیں مگر
دولت سے آپ صحت نہیں خرید سکتے ۔ تو جو لوگ دولت حاصل کرنے کے لیے صحت جیسی انمول شے خرچ کر رہے ہیں غور کیجیے
کہ وہ کس قدر گھاٹے کا سودا کر رہے ہیں ! بے شک ایسے لوگ سخت نقصان میں ہیں ۔
صحت کی سچی او حقیقی تعریف یہ ہے کہ صحت اللہ تعالیٰ کا سب سے بڑا انعام ہے کہ جو اس نے انسان کو عطا فرمایا ہے صحت
دولت نہیں ہے، صحت انعام خدا ہے ۔ اس انعام کا ہم میں قدر شکر یہ ادا کریں کم ہے اور ہم اس انعام خدا کی جس قدر تو تیر اور
اور حفاظت کریں بجا ہے بلکہ فرض ہے ۔ فرض اس لیے ہے کہ اللہ تعالیٰ فرماتا ہے کہ اپنی صحت کی حفاظت کرو۔ یہ انعام بالائے
انعام ہے، یہ کرم بالائے کریم ہے، قدرت صحت عطا کرتی ہے اور پھر اس کی حفاظت کے لیے راستے بھی بتاتی ہے اور راہیں بھی
متعین کر دیتی ہے اور اپنے سارے خدا نے انسان کے لیے کھول دیتی ہے۔
صحت اور کامرانی تاریخ عالم میں جو قوم اپنے منتہائے کمال
کو پہنی ہیں ان کی کام یا ہوں اور کام رانیوں اور ان کے
صحت اور کامرانی کمالات
کی تاریخ سے صحت کو کسی طرح خارج نہیں کیا جاسکتا۔ بلاشبہ کامران وکام یاب اقوام ومل
نے صحت سے اپنا رشتہ ہمیشہ مربوط و مضبوط رکھا ہے اور صحت ہی سے مضبوطی رشتہ کی بدولت وہ سرفراز اور سر بلند رہی ہیں ۔
وہ اقوام و مل کر جن کی آزادیاں سلب اور ضبط ہوئیں اُن میں بدرجہ مشدید الخطاطات آئے ۔ ان کے اسباب الخطاط
میں نقص صحت سرفہرست رہا ہے ۔ آزادی کی ضبطی اور غلامی اپنے ساتھ اور اپنے جلو میں جہالت لائی ہے اور یہ جہالت حسن وقح
میں فرق و امتیاز کرنے کی صلاحیت سے
محروم کر دیتی ہے اور ایک غلام اور آزادی سے محروم انسان نہ صرف مسائل ملک و
بیت سے غافل ہو جاتا ہے بلہ وہ خود اپنے مقام کو فراموش کر دیتا ہے۔
ہر
شخص جانتا اور ہر شخص سمجھتا ہے کہ قرآن حکیم امت مسلمہ کا دستور حیات ہے اور آئین
قرآن کریم اور حفظ صحت زندگی ہے۔ قرآن ایک مکمل ضابطہ حیات ہے جس میں ہر شعبہ زندگی کے لیے نہایت
زندگی قرآن ہے جس میں کے لیے
واضح اور کمل ہدایات موجود ہیں۔ ہمیں یہ دیکھنا اور سمجھنا ہے کہ قرآن حکیم نے صحت کے باب میں بنی نوع انسان کی کس طرح
رہنمائی کی ہے جب ہم قرآن حکیم کا اس نقطہ نظر سے مطالعہ کرتے ہیں تو ہم پر یہ بات منکشف اور واضح ہو جاتی ہے کہ قرآن حکیم
اصول حفظ صحت کے لحاظ سے تمام کتب سماوی میں میز اور نماز ہے۔ قرآن حکیم نے صحت اور حفظ صحت سے متعلق واضح
احکام اور قوانین اپنے ماننے والوں پر فرض کیے ہیں۔ میں نہایت یقین کے ساتھ اور نہایت وثوق کے ساتھ کہ سکتا ہوں
کہ تمام کتب سمادی میں قرآن حکیم کو خاص امتیاز حاصیل ہے ۔ اگر ہم حفظ صحت کے متعلق ان شاندار مگر سادہ اصولوں پر غور
کریں جو قرآن حکیم میں مذکور ہوئے ہیں اور پھر اس پر غور کریں کہ اُن کی پابندی کرنے والوں کو جس ثواب واجہ کا ستحق قرار دیا
گیا ہے تو یہ بات ہم پر روشن ہو جاتی ہے کہ اگر صحیفہ آسمانی اور کلام ربانی نیا کو نہ ملتا تو اس دنیا میں صحت کے نام کی کوئی
چیز نہ ملتی بلکہ یہاں بیماریوں کا دور دورہ ہوتا اور ہر طرف بیس تاریخی ہی تاریخی ہوتی ۔
جب ہم یہ کہتے ہیں کہ اسلام میں اصول حفظ صحت کا احاطہ کیا گیا ہے اور اصول حفظ صحت کو وضاحت کے ساتھ
بیان
کیا گیا ہے تو اس کا مطلب یہ ہے کہ صفائی اور طہارت کی ضرورت اور کھانے پینے کے اصول و آداب، سونے اور جاگنے
کے ضابطوں سے لے کر جسم وروح کی حفاظت اور مضرات صحت کے بارے میں واضح احکامات تک سب کچھ اس میں موجود ہے کوئی
ایسا اصواع اور کوئی ایسا ضابطہ نہیں ہے جس کا ذکر اسلامی تعلیمات میں نہ کیا گیا ہو۔
اور جب قرآن مجید فرقان حمید لوگوں کے لیے قانون بنا اور یہ کتاب رشد و ہدایت نازل ہوئی تو یہ وہی لوگ تھے
جن پر سلمان اور مومن کی تعریف صادق آتی ہے اور پھر یہ امت مسلمہ اور امت مومنہ صحرائے عرب سے اٹھی اور دیکھتے ہیں
دیکھتے افطار عالم پر چھا گئی اور دنیا کے ہر تاریک گوشے کو اس نے روشن اور منور کر دیا۔ اس کے پاس نہ زرد جواہر تھے
اور نہ دولت کے انبار تھے، نہ دوسری اقوام کے مقابلے میں سامان جنگ تھا اور نہ دنیا دی رعب اور دبدبہ اس امت کے
پاس کتاب وسنت کے سوا در حقیقت کچھ نہ تھا ، مگر حق یہ ہے کہ ان کے پاس جب کتاب وسنت تھی تو ان کے پاس سب کچھ تھا۔
یہ ایک صحت مند انت تھی جو دینہ منورہ میں پیدا ہوئی۔ یہ جمانی اور دماغی اعتبار ہی سے صحت مندامیت نہ تھی بلکہ اس امت کے
تمام افعال
اور تمام اعمال صحت مند تھے۔ یہ امت احکام قرآنی کی پابند تھی اور سنت نبوی کی پر تھی جس امت میں یہ دو
بلندیاں ہوں، جس امت میں یہ اعلا دار فع خصوصیات ہوں کوئی تعجب کی بات نہیں کہ اُس نے ساری دنیا سے اپنا لوہا منوا لیا
اور ساری دنیا کو نہایت سخت تاریکیوں سے نکال کر اسے نور آشنا بنا دیا اور صحت سے ہم کنار کر دیا۔
صحت اور طہارت جب تک اسلام کی روشنی پہنچی تھی خود یورپین قوموں کا یہ حال تھا کہ وہ غسل کرنے، پاک وصاف رہنے،
ناخن ترشوانے اور طہارت
و پاکیزگی کے دوسرے لوازم کے تصور سے نا آشنا تھیں ۔ ان حالات میں مسلمان اللہ کا پیغام لے کر پہنچے
اور انھیں بتایا کہ فاطهر واران الله يحب المتطهرين -
رپاکی حاصل کرو، خدا پاک صاف لوگوں کو پسند کرتا ہے )
اس میں کون شک کر سکتا ہے کہ طہارت اور پاکیزگی کو جزو ایمان بنانے میں کس قدر عظیم صلاحتیں پیش نظر تھیں جہاں
تک صحت کا تعلق ہے طہارت صفائی اور پاکیزگی کے بغیر صحت حاصل ہی نہیں ہو سکتی ۔ ایک شخص جو غسل نہ کرے، صاف ستھرے
کپڑے نہ پہنے صاف و پاک ہواپانی کو اہمیت نہ دے، وہ کیسے صحت مند رہ سکتا ہے ؟ بات واضح ہو جاتی ہے۔ کتاب وسنت
کی رو سے اسلام میں صفائی اور طہارت کو سب سے بلند مقام ومرتبہ حاصل ہے۔ قرآن حکیم میں بار بار طہارت پر زور دیا گیا ہے۔
ایک جگہ ارشاد ہے: اِنَّ اللهَ يُحِب التَّوَّابِينَ وَيُحِبُّ الْمُتَطَهِّرِينَ
( خدا کو وہ لوگ پسند ہیں کہ جو تو یہ کرتے ہیں اور وہ لوگ پسند ہیں کہ جو پاک رمان رہتے ہیں)
پھر ایک جگہ سورہ مدثر میں حضرت محمدمصطفے صلی اللہ علیہ وسلم کو تاکید فرمائی :
وثيابك فطهر والرجز فاهجر
دلاپنے کپڑے (لباس)، صاف ستھرے اور پاک صاف رکھا کرو اور ہر قسم کی غلاظت اور گندگی سے کلیتہ پر ہی کی
عربی زبان
اتنی فصیح و بلیغ ہے کہ دنیا کی کوئی زبان اس کا مقابلہ نہیں کرسکتی۔ ایک ہی لفظ میں صرف ایک دوحرف کی
کمی بیشی اُس کے معانی و مطالب میں بہت بڑی تبدیلی اور وسعت پیدا کر دیتی ہے۔ اسم نکرہ پر صرف الف لام لاکر اس کے معانی
اتنے دینے کر دیے جاتے ہیں کہ وہ اس چیز کی ہر قسم ہر حالت اور ہر مقدار پر حاوی ہو جاتے ہیں۔ والرجز فاهجر میں حرف رحمہ
پر الف لام کے آنے سے مراد تمام قسم کی رجز یعنی نجاست، روحانی ہو یا جسمانی انفرادی ہو یا اجتماعی، لباس سے متعلق ہویا
خوراک سے مکان میں ہو یا گلی کوچے میں، کثیر جدی قلیں، اس سے بچنے کی تاکید کی گئی ہے اور اس سے بچنے کا حکم دیا گیا ہے۔
اللہ اکبر! ایک جملے میں کتنے مطالب و معانی پنہاں ہیں اور صحت مند رہنے کا کس قدر بڑا سبق ہے ! قرآن حکیم میں ایک اور
جگہ ارشاد باری تعالیٰ اس طرح ہے کہ وَاَنْزَلْنَا مِنَ السَّمَاء مَاء طهورا ( اور ہم نے آسمان سے پانی اتارا جو تمہیں طاہر کرتا
ہے، پاک
کرتا ہے)
قرآن حکیم صحیفہ آسمانی اور کلام ربانی ہے اور امت مسلمہ کا دستور زندگی ہے ۔ اسے پڑھنا اس کی تلاوت کرنا اس کی
سورتوں اور آیتوں کو سمجھنا اور ان سے استفادہ کرنا مسلمان کے لیے ضروری ہے اور فرض ہے ۔ پاکی اور طہارت
کا اور صفائی
کا جب حکم آتا ہے تو قرآن پاک کو صرف وہی لوگ ہاتھ لگا سکتے ہیں جو پاک صاف ہوں ۔
جہاں تک میں مطالعہ کر سکا ہوں اس کا حاصل یہ ہے کہ اسلام سب سے پہلا مذہب ہے اور سب سے پہلا ضا بطہ
حیات ہے جس نے صحت اور صفائی کو لازم و ملزوم قرار دیا ہے اور میں نے صفائی اور صحت کے رشتے کو مربوط کیا ہے۔
قرآن مجیدا در شارع اسلام علیہ التحیتہ والسلام نے انسانی صحت و ثبات سے متعلق ایسی تعلیم دی ہے اور ایسی رہنمائی عطا کی ہے کہ
کیسی دوسری شریعت یا مقتدا مذا ہب نے نہیں دی۔ اس سے کسی طرح انکار نہیں ہے کہ دوسرے مذاہب ومل میں کبھی پاکیزگی
اور صفائی کا خیال تھا مگر وہاں اس کی حیثیت عمومی اور ثانوی تھی۔ اسلام نے سب سے ممتاز مورگرا اصول حفظ صحت کو ایک نظم و
ربط کے ساتھ پیش کیا اور سب سے بڑا اور میز کام یہ کیاکہ حفظ صحت اور طہارت کو ہم معنی اور سہم مفہوم کر دیا اور اس طرح حیات
انسانی کو ایک ایسا تخیل دیا اور ایک ایسا راستہ بتایا جس نے مسلمانوں پر کام رابیوں کے دروازے کھول دینے اور پھر انھوں
نے ان ابواب کو سائے عالم ارضی پر واضح کر دیا اور صحت وطہارت کا وہ مفہوم اقوام عالم کو دیا جس سے اسلام سے پہلے انسان
نا آشنا ئے محض تھا۔ اسلام کی روحانی تعلیم میں طرح عدیم النظیر اور عدیم المثال ہے اسی طرح صحت وطہارت کی اسلامی تعلیم کبھی
بے مثل اور بے عدیل ہے ۔
ایک ہوا کو لیجے ۔ کیا اس خزانہ قدرت کا کوئی حساب ہے ! ہم خوب جانتے ہیں کہ قدرت کا یہ خزانہ ہے
ہوا اور صحت
حساب
اور بے اندازہ ہے اور بے کراں ہے ۔ ہوا ہماری زندگی کے لیے لازمی ہے ۔ ہوا کے بغیر ہم زندہ
نہیں رہ سکتے۔ غور کیجے کہ جو شے لازمہ حیات ہے قدرت کے ہاں اُس کی افراط ہے اور اس پر کسی کا قابو ہے نہ اختیار۔ انسان
بے حساب اسے استعمال کر سکتا ہے ۔ یہاں ایک بات سمجھ لینی چاہیتے اور وہ یہ ہے کہ ہوالا زمہ حیات ہے اور تازہ ہوا لازمہ صحت
ہے ۔ اگر آپ نے صاف اور تازہ ہو کی اہمیت کو نظر انداز کیا اور اس سے صرف نظر کیا تو لازمی طور پر آپ کی صحت خراب ہو جائے گی۔
گرد و غبار دھواں، باریو، تلفن یہ تمام چرمیں ہوا کوخراب اور گندہ کرتی ہیں۔ ہمیں چاہتے کہ ہم اس کا خیال رکھیں اور اس
کا اہتمام
کریں کہ ہوا جس میں ہم سانس لیتے ہیں گندی نہ ہو۔ انسان نے ترقی کے نام پر اور پر گریں کے عنوان پر اپنے لیے جہاں بے
اندازہ مسائل پیدا کر لیے ہیں اُن میں ایک یہ بھی ہے کہ اس نے اُس ہوا کو نا صاف کر دیا ہے جو اس کی حیات اور اس کی صحت
کے لیے ایک لازمہ اور ایک ضرورت قطعی کی حیثیت رکھتی ہے۔ آج ساری دنیا کے ماہرین صحت کے لیے یہ سب سے اہم مسئلہ ہے۔
ہر انسان اس معاملے میں اپنی مدد کر سکتا ہے۔ اُسے اپنی اور دوسروں کی مدد کرنی چاہیتے اور ایسے حالات پیدا
کرنے چاہیں کہ گرد و غبار کم سے کم ہوا میں ملے ۔ دھواں کم سے کم ہوا میں شریک ہو ۔ چیزیں اُس کے ماحول میں نہ سٹریں اور
تعفن نہ پیدا ہو۔ اگر ہر انسان اپنی جگہ محتاط ہو جائے اور اپنے فرائض کا صحیح احساس
کرلے تو کوئی مسلہ نہیں ہے کہ جو حل
نہ ہو سکے ۔ موٹر چلانے والے اپنی موٹروں کے انجنوں کو درست حالتوں میں رکھنے کا فیصلہ کرلیں تو ان سے دھواں نکلنا بند
ہو جائے گا اور صرف یہی ایک چیز ہمیں بے اندازہ نقصان صحت سے محفوظ کر سکتی ہے۔
تازہ اور صاف ہوا میں نیسم یعنی او کیجن بکثرت ہوتی ہے اور یہی اوریجن جب ہمارے پھیپھڑوں کے ذریعے سے خون
میں جذب ہوتی ہے تو خون صاف ہو جاتا ہے اور اس کی سرخی بر قرار رہتی ہے، اور ایسا خون جسم انسانی کو صحت اور توانائی
بخشتا ہے، تازگی اور شادابی کا سبب بنتا ہے ۔ اس کے برعکس جن لوگوں کے پھیپھڑوں میں گندی اور ناصاف ہو جاتی رہتی ۔
ہے اور جولوگ بند کمروں میں رہتے ہیں اور تازہ ہوا کو گزرنے سے روکتے ہیں ان کے چہرے ہمیشہ پر مردہ اور درد رہتے ہیں ۔
اُن میں کوئی تازگی ہوتی ہے اور نہ بشاشت ، اُن کے ذہن بھی گند ہو جاتے ہیں، کاموں سے وہ دل چراتے ہیں ۔
یاد رکھیے !
تازہ اور صاف لازمہ صحت ہے، بلکہ یوں سمجھنا چاہتے کہ حفظ صحت کا اولان اصول ہے اور تندرست رہنے
کا سب سے پہلا سیتی ہے ۔ اس بات کو آپ خود بھی سمجھے اور دوسروں کو بھی سمجھائیے، اچھی باتیں دوسروں تک پہنچا نا بھی
آپ
کا فرض ہے ۔ اس فرض کو اپنے لیے خوش گوار بنائیے ۔
ایک معمولی انسان کو گرمیوں میں ۸ - ۹ گلاس سے کم پانی نہیں پینا چاہتے ، کیونکہ گرمیوں میں
صحت اور پانی پینے اور بھاپ کے ذریعے سے جسم سے اتنا پانی خارج ہو جاتا ہے کہ اس کا بدل جسم میں اگر نہ پہنچایا
جائے تو جسم طرح طرح کی تکلیفوں میں مبتلا ہو سکتا ہے۔ پانی صاف ہونا چاہیئے ممکن ہو تو پانی ابال کر ٹھنڈا کر کے پینا چاہیئے۔
ورزش
جسم کو ترو تازہ رکھنے کے لیے ورزش بہت ضرورہی ہے۔ اگر آپ کا کام اس نوعیت کا ہے کہ آپ کو دن بھر رہیں
بیٹھنا ہی پڑتا ہے یا آپ و ماغی کام کرتے ہیں یا صبح سے شام تک موٹروں میں پھرتے ہیں تو سمجھ لیجیے کہ آپ
ہی خصوصیت کے ساتھ وہ انسان ہیں کہ جسے جسمانی ورزش کی بہت ضرورت ہے ۔ ہاتھ پر ہایئے، جسم کو حرکت دیجیے قبل
اس کے کہ یہ جسم سو جائے اور آپ کو کئی بیماریوں میں مبتلا کر دے ۔
آپ کی صحت کی عالی شان عمارت جن ستونوں پر کھڑی ہوئی ہے اب ان پر آپ
کو غور کرنا چاہیئے ۔
صحت کے ستون میں اس سلسلے میں آپ کو چندار شادات رسول صلی اللہ علیہ وسلم) بتاتا ہوں ۔ ان پر آپ غور کیجیے:
بلا شبہ اللہ پاک ہے اور پاک کو دوست رکھتا ہے اور ستھرائی رکھنے والے کو دوست رکھتا ہے۔ اللہ کریم
ہے اور کریم کو دوست رکھتا ہے۔ اللہ بخشش کرنے والے کو دوست رکھتا ہے یہیں پاک صاف رہا کرو اور
پاک صاف رکھا کرو اپنے گھر والوں کو اپنے صحنوں اور اپنی دہلیزوں کو ۔
مناسب ہے کہ معدے کے تین حصے کیے جائیں : ایک حصہ غذا کے لیے، ایک حصہ پانی کے لیے اور ایک
حصہ سانس کی آمد و رفت کے لیے ۔
مسلمان اس وقت میں نہیں کھاتے جب تک مجھوک نہ لگے اور جب کھاتے ہیں توسیر ہو کر نہیں کھاتے ۔
اپنے دستر خوان کو سبز چیزوں سے زینت دیا کرو۔
سیال غذاؤں میں سب سے اچھا دورہ ہے ۔ یہ اللہ کی بڑی نعمت ہے۔
گوشت سب سالنوں کا سردار ہے۔ گوشت میں کر دڈال لیا کرو۔
ٹھنڈا اور شیریں پانی پسندیدہ ہے ۔ پانی کے برتنوں کو ڈھک دیا کرو کھلے پانی میں بیماری اور بلائیں
داخیل ہو جاتی ہیں ۔
رات کا کھانا کھاتے ہی فورا نہیں سونا چاہیتے ۔
دو پر کو کھانے کے بعد تھوڑی سی نیند لینی چاہیئے۔
جو شخص پیٹ بھرنے سے پہلے ہاتھ روک لے اس کے بدن کا تغذ یہ عمدہ طور پر ہوتا ہے، اس کی صحت
اچھی رہتی ہے اور اس کا ذہن صحت مند رہتا ہے۔
صبح کو جلد اٹھنا چاہیے اور رات کو جلوہ ہونا چاہیئے ۔
دین کی بنیاد پاکیزگی اور طہارت پر ہے ۔
کم زور اور ناتوان مومن کے مقابلے میں قوی اور توانا مومن اللہ تعالیٰ کو زیادہ پسند ہے ۔
صحت اور حفظ صحت کے بارے میں کتاب وسنت میں بڑے واضح احکام موجود ہیں ۔ یہ چندار شاداتِ رسول
ہیں ، اگر آپ ان پر خوب غور کر لیں اور ان پر پھر اور عمل کریں تو درحقیقت ان ہی پر آپ
کی صحت کی عالی شان عمارت تعمیر
ہو سکتی ہے اور یہ بھی غور کر پیچھے کہ ان پر عمل کیسے بغیر آپ ہرگز صحت مند نہیں رہ سکتے ۔ آج دنیا کے بڑے بڑے ماہرین صحت
اور صحت کے عالمی ادارے جن اصول وضوابط پر صحت کی بنیاد رکھتے ہیں ان میں سے کوئی ایک بات کبھی ایسی نہیں ہے جو
رسول اکرم صلعم کے ارشادات و ہدایات میں موجود نہ ہو۔ مسئلہ صرف یہ ہے کہ ہم کب اور کس طرح غور و فکر کرتے ہیں ۔
رو فرائض آپ کی صحت آپ کے لیے ضرتعالی کا دیا ہو ایک ایا علی ہے اورایک ایسا نام ہے کہ وہ علیہ پر وزن اور پرانعام
پر بھاری ہے۔ خدا تعالیٰ آپ کو ہرچر عطا کر دیتا اور آپ کو ہر چیز سے نواز دیتا مگر صحت نہ دیتا تو آپ خود غور کر سکتے
ہیں اور آپ
کو غور کرنا چاہتے کہ صحت کے بغیر کیا آپ کسی انعام سے لطف اندوز ہو سکتے تھے پہ صحت کے بغیر آپ دین و دنیا کا کون ساکام
انجام دے سکتے ہیں صحت کے بغیر آپ اپنا کوئی کام نہیں کر سکتے جب ایسی بات ہے اور ضرور ایسی بات ہے تو آپ پر دو فرائض عائد ہوتے ہیں۔
ایک فرض یہ کہ آپ حق تعالیٰ جل شانہ کا شکر ادا کریں کہ اس نے آپ
کو دنیا میں صحت مند بناکر بھیجا اور اس صحت
کی حفاظت کے تمام راستے بتا دیے اور صحت کی اہمیت آپ پر خوب واضح کر دی۔
دوسرا فرض آپ پر یہ عائد ہوتا ہے کہ آپ اپنی صحت کی حفاظت کریں اور قدرت اور فطرت کے بتائے ہوئے راستوں
پر چلیں اور اپنی تمام تو جب اس پر صرف کریں کہ صحت جو عطیہ خدا وندی ہے اس
کی پوری پوری قدر کریں ۔
صحت انسان کے لیے ایک اہم متاع زندگی ہے اور اس کے بارے میں مختصر یہی کہ سکتا ہوں کہ صحت اور زندگی کو
ایک دوسرے سے جدا نہیں کیا جا سکتا۔ اگر صحت نہیں ہے اور انسان صحت سے محروم ہے تو یقین کر لینا چاہتے کہ کوئی شخص
کام شن و صحت اور خوبی کے ساتھ انجام نہیں دے سکتا۔ اگر صحت نہیں ہے تو علم اور عقل دونوں کچھ نہیں کر سکتے صحت کے بغیر
ہر طاقت غیر موثر تمام دولت بے کار اور فصاحت و بلاغت بے اثر ہو جاتی ہے حقیقت یہ ہے کہ وہ تمام باتیں جن پر انسان نخر
کر سکتا ہے وہ صرف صحت ہی کی بدولت حاصل ہوتی ہیں۔ تن درست آدمی کبھی محتاج نہیں ہو سکتا، کیوں کہ اس میں زندگی کی
تمام مشکلات کو حل کرنے کی قدرتی اور طبعی قوت ہوتی ہے صحت مند آدمی کی ہمت ، طاقت، شرافت اور اس کا استقلال ہر
موقع پر اس کا ساتھ دیتے ہیں ۔
اس تمام گفتگو کا حاصل یہ ہوا کہ زندگی بالکل بے معنی اور فضول چیز ہے اگرتن درستی نہ ہو۔ لہذا ثابت یہ ہوا کہ صحت اور
تن درستی سب سے بڑی چیز ہے اور یہ سب سے اہم متنارع زندگی ہے جس کی ہمیں ہرشے سے زیادہ حفاظت کرنی چاہیتے۔
آپ کی صحت کے بارے میں آپ
کو دوباتیں اور بتانا چاہتا ہوں :
دو اہم نکتے ایک یہ کہ آپ کی صحت آپ کی ذات کے لیے اور آپ کے افراد خاندان کے لیے ضروری ہے۔ آپ صحت مند
ہوں گے تو آپ نہ صرف اپنے لیے مفید ہوں گے بلکہ اپنے بال بچوں کی صحت اور ان کی تعلیم وتربیت کے لیے وہ سب کچھ
یہ یا درکھنا نہایت ضروری ہے کہ ہر قسم کی خارجی املاک خواہ وہ رومال ہویا
صحت کو فوقیت کیوں حاصل ہے ۔ غیر منقول جائداد ی سب چیزیں کسی وقت بھی غائب ہوسکتی ہیں ، اس کے برعکس جو
دولت آپ اپنے جسم کو بہتر بنا جمع کرتے ہیں اور اسی کے ساتھ فطری طور پر آپ کا دماغ بھی بہتر ہو جاتا ہے ،اس دولت کی
بدولت آپ
کی زندگی ایک اعلا سطح اختیار کر لیتی ہے حقیقی صحت اور توانائی ایک ایسی اندرونی دولت ہے جو ماتری
املاک کی طرح تباہیوں کا شکار نہیں ہوتی جس شخص کو زندگی کی حقیقی دولت حاصل ہوتی ہے اُسے اگر مادی دولت کا نقصان
اُٹھانا بھی پڑتا ہے تو وہ اس شخص کی طرح پاش پاش نہیں ہوتا جس کی صحت خراب ہے ۔ وہ معاشی مشکلات
کا مقابلہ کرسکتا
ہے اور اُن سے نجات بھی حاصل کر سکتا ہے، بلکہ بعض اوقات تو وہ پہلے سے بھی زیادہ مال و دولت حاصل کر لیتا ہے اور اگر
اُس کی مالی حالت پہلے کی سی بھی ہو سکے تب بھی اُس کے نظریہ حیات میں کوئی خاص تبدیل نہ ہوگی اور وہ حسب سابق زندگی
سے لطف اندوز ہوتا رہے گا۔ وہ اپنی اندرونی خوبیوں کی بدولت ہر طرح کی معاشی سطح پر یہی خوشی زندگی گزار سکے گا۔ اس
کی توانائی اس کی زندگی کو ہمیشہ سر سبز و شاداب رکھے گی، کیوں کہ اس میں ایک ایسی صلاحیت باقی رہ جائے گی جو سب سے
زیادہ اہم ہے یعنی کام یابی حاصل کرنے کی قابلیت اور زندگی کی مولی سے معمولی و قیمتی سے قیمتی چیزوں سے لطف اندوز
ہونے کی صلاحیت ، انسان میں جب زندگی سے لطف اندوز ہونے کی صلاحیت نہیں رہ جاتی تو وہ اس
کی زندگی کا انتہائی تبا کن
حادثہ ہوتا ہے پھر وہ بالکل برباد ہو جاتا ہے۔ یادرکھیے مستقبل پر ان ہی لوگوں کا حق ہے، جو تن درست ہیں ۔
ہمارے بزرگوں کی پرورش صحت بخش اور مقوی غذا پر ہوئی تھی اور د صحت کے سلسلے میں
نظر یہ صحت کی تبدیلی صحیح و غلط کا امتیاز کرتے تھے۔ تاریخ کے قوانین کبھی متبدل نہیں ہوتے صحت مندی اور
نیکی کی بدولت ایک قوم کام یاب ہوتی ہے۔ خود غرضی اور بیماری اُسے تباہی کے کنارے لگا دیتی ہے ۔ آج ہسپتالوں، حکیموں
اور ڈاکٹروں کی تعداد میں اضافے کے باوجود جسمانی اور دماغی امراض برابر بڑھتے چلے جا رہے ہیں ۔ آج بیماریوں کے لیے دواؤں
کے جتنے انبار لگے ہوئے ہیں اتنے پہلے کبھی نہ تھے لیکن اس کے باوجود شفایاب ہو جانے والوں کے لیے بھی آج جتنے
ہسپتالوں کی ضرورت ہے اتنی پہلے کبھی نہ تھی۔ دواؤں کے پہاڑ برابر لگتے چلے جارہے ہیں اور ہسپتالوں کی ضرورت روز
بور زبڑھتی جارہی ہے ۔ معالجین کی قلت بھی ہو رہی ہے اور علاج پر اس قدر خرچ کرنا پڑتا ہے کہ ایک عام
آدمی کا علاج
خیال بھی نہیں
کرسکتا۔ ظاہر ہے کہ ایسے حالات میں صحت اور بیماری کے مسئلے پراز سر نو غور کرنے کی شدید ضرورت ہے۔
پاکستان جیسے ترقی پذیر ملکوں کے لیے یہ ضروری ہے کہ وہ عوام کو بتی سہولتیں فراہم کریں ۔ بعض
طبی تعلیم کی ضرورت تلاقوں کے لوگ ابھی تک ان حالات میں زندگی بسرک رہے ہیں جو ائی اور انسدادی تباہی کی
دریافت سے پیشتر کے حالات
کی طرح ہیں۔ اگر ہم جیسا ملک ڈاکٹروں کی تربیت پر یا انھیں دوسرے ممالک سے بلانے پر رپید
خرچ کرے گا یا بڑے بڑے صنعتی ادارے قائم کرے گا تواس سے قومی صحت میں کوئی خاص تبدیلی نہ ہوگی لیکن اگر ہم اس سے کہیں
ارزان طریقے پر وبائی امراض کی روک تھام کرنے کی کوشش کریں اور لوگوں کو اس انکشاف کی اہمیت ذہن نشین کرا دیں کہ جراثیم
کی وجہ سے متعدی بیماریاں پھیلتی ہیں تو پھر ہم یہ امید کر سکتے ہیںکہ تھوڑے ہی عرصے میں ہمارے ملک کے لوگ بھی انتہائی ترقی
یافتہ ممالک کے لوگوں کی طرح کافی عرصے تک زندہ رہ سکیں گے ۔ لہذا آئیے ان فلک بوس عمارتوں کی دل کشی کی طرف سے
اپنی نظریں ہٹانے کی کوشش کریں کیوں کہ ان کی وجہ سے ہم یہ بھول بیٹھے ہیں
کہ ہمارا بنیادی کام سے اپنی قوم کی صحت کو
درست کرنا ۔ ہمارا سب سے پہلا فرض یہ ہے کہ اپنے عوام کی صحت کا خیال کریں اور اس کام سے فراغت حاصل کرنے کے بعد
ایسے دوسرے کام کریں جو خالص علمی نوعیت کے ہیں یا جن کی بدولت مسترت انکشان حاصل ہوتی ہے اور مالی فوائد
حاصل ہوتے ہیں۔
شہریوں کی شرکت ادارۂ صحت و تحقیقات طبيه کا کردار - اخبارات کی اطلاعات سے ظاہر ہوتا ہے کہ
قومی صحت کے مسائل اس قدر بڑھ گئے ہیں کہ اُنھوں نے قومی بحران کی شکل اختیار کرلی ہے۔
روزانہ ہمیں شہری زندگی کی مشکلات اور دیہی آبادی کی تباہی تصویروں میں دکھائی جاتی ہے ۔ اس قسم کی خبروں سے
عوامی ضمیر کچھ متاثر ہوا ہے اور لوگوں کو اب اس مسئلے کا فوری حل تلاش کرنے کا احساس پیدا ہو گیا ہے۔
ادارہ صحت و تحقیقات طبیہ نیشنل ہیلتھ کمیٹی کی مشورت سے اس کوشش میں مصروف ہے کہ انسانی صحت کے
بنیادی اصولوں کو پیش کر کے قوم پر بیماریوں کا جو بار پڑنے والا ہے، اس میں کمی کرے اور اس طرح سے لوگوں میں شعور حفظ صوت
پیدا کرے۔ ہماری کوشش ہے کہ لوگ بہت بڑی تعداد میں قومی صحت اور عوامی بہبود کے کام میں شریک ہوں ۔ اس اصول کو عملی
جامہ پہنانے کے لیے ہیں نوجوانوں کالج کے طلبہ اور تجارت وصنعت سے تعلق رکھنے والے حضرات کے تعاون کی ضرورت
ہے۔ اسی کے ساتھ ساتھ نہیں غریب بستیوں کے رہنے والوں اور ریٹائر ڈ اور بین رسیدہ حضرات ، مریضوں اور ان کے خاندان
والوں کی بھی ضرورت ہے، تاکہ اُن سب کو صحت کے سلسلے میں تربیت دی جاسکے ۔
میں اپنے طویل تجربے کے بعد اس نتیجے پر پہنچا ہوں کہ ایک عام آدمی اچھی صحت کے معنی یہ سمجھتا
تعمیر صحت کی ضرورت ہے کہ وہ صاحب فراش نہ ہوجائے اور اپنی روزی کمانے کے لیے اسے جو کام کرنے ہیں انھیں
کسی کسی طرح گر پڑ کر انجام دے لے، لیکن صحت کی اس سے
اعلا بھی ایک سطح ہے اور یہ صرف ان ہی لوگوں کو نصیب ہوتی
ہے جو یہ سمجھتے ہیں کہ اسے حاصل کیا جا سکتا ہے اور جو بہ خوشی اسے حاصل کرنے کے لیے محنت کرتے ہیں ۔
حقیقی صحت کے معنی یہ ہیں کہ انسان کے جسم میں اتنی طاقت و توانائی ہو کہ وہ ہر حالت میں خوش رہے، یعنی کام کے
وقت بھی اتنا ہی خوش رہے جتنا کہ تفریح یا آرام کے وقت ۔ پورے طور پر صحت مند ہونے کا مطلب یہ ہے کہ انسان میں بیماریوں
کے مقابلے کی طاقت ہو۔ اکثر اوقات صحت کی بنا پر انسان اپنے کام میں کامیاب یا نا کام ہوتا ہے ۔ لہذا خود اپنے آپ سے یہ
سوال کیجیے کہ آیا آپ کی صحت اتنی اچھی ہے یا نہیں ؟ اگر نہیں ہے تو یہ بات ذہن نشین کر لیجیے کہ آپ کی صحت بھی نہایت اچھی
ہو سکتی ہے، بشرطیکہ آپ اس کے لیے کوشش، محنت اور توجہ کرنے کو تیار ہوں ۔ آپ
کو صرف اتنا ہی کرنا ہوگاکہ قوانین صحت کو
سمجھ لیں اور ان پر عمل کریں ۔ ان میں خاص خاص باتیں یہ ہیں کہ آپ
کو معلوم ہونا چاہیے کہ کونسی چیزیں کھائیں اور
اور کب کھائیں یہ اسی طرح آپ کو یہ بھی معلوم ہونا چاہیے کہ جسم کو کس طرح ورزش ملتی رہے
کہ بہترین نتائج برآمد ہوں ۔
مزید یہ کہ آپ کو سانس لینے کے طریقے معلوم ہونے چاہئیں اور اسی کے ساتھ ساتھ آرام کرنے اور سکون حاصل کرنے
کے طریقے بھی معلوم ہونے چاہتیں ۔
ادارہ صحت و تحقیقات پلیہ کو قائم کرنے کا مقصد یہ ہے کہ عوام کو اس علم سے آگاہ کیا جائے اور صحت کے جن
ابتدائی اصولوں کی نشاندہی ابھی کی جاچکی ہے اُن پر عمل کرنے کی تلقین کی جائے ۔ یہ ادار مسلسل یہ کوشش کرتا یہ ہے گا
کہ لوگ اس شاہ راہ پر گامزن ہوں جس کے ذریعے انھیں مکمل صحت حاصل ہو سکتی ہے ۔ اس ادارے
کی یہ کوشش بھی
رہے گی کہ لوگوں کو غذا، ورزش اور صحت مند عادات کے بارے میں اس قدر معلومات حاصل ہو جائیں کہ اگر د صحت مند ہیں
تو ان کی صحت برقرار رہے اور جو لوگ ناواقفیت ، غفلت یا غلط علاج کی وجہ سے صحت مند نہیں ہیں، انھیں
سبھی صحت کی فطری راہ دکھائی دینے لگے۔
تحریک صحت ملی کے مقاصد مختصرا یہ ہیں :
تحریک صحت بلی کے مقاصد اگر ناول کی صفائی اور متعدد بہاریوں کے بارے میں اخبارات اجتماعات
سمعی و بصری امانات، تقریر و تصویر، ریڈیو اور ٹیلے وژن کے ذریعے سے شعور پیدا کیا جائے ۔
صحت کے بارے میں جو سرکاری اور نجی ادارے تربیت دے رہے ہیں ، اُن کی مدد در سنجائی کی جائے ۔
ختر اور ریاض حضرات کے پاس پہنچا جائے اور ان سے درخواست کی جائے کہ وہ قومی صحت کو ہر بنا نے
کے لیے اپنے سرمائے کا کچھ حصہ صرف کریں ۔
۔ حکومت کو صحت کی پالیسیاں صحیح خطوط پر مرتب کرنے میں مدد دی جائے ۔
اس سلسلے میں سب سے
پہلا قدم یہ اُٹھایا گیا کہ معاشرے کے مختلف طبقات کی نمائندگی کرنے والے پر جوش اور
پر پرستنا
پر خلوص اصحاب پر شکل نیشنل ہیلتھ کمیٹی بنائی گئی۔ قومی صحت کو بہتر بنانے کے پروگرام میں شہریوں کی یہ شرکت بہت
اچھی رہی ۔
صحت انسانی کو مختلف خطرات درپیش رہتے ہیں، مثلاً جہالت، غربت، شور وغل، ہوا کی آلودگی اور شعاع
افشانی و غیره . ان خطرات کی تعداد آئی زیادہ ہے کہ نہ توان کو نظرانداز کیا جا سکتا ہے اور نہ انھیں اُن چند اداروں پر
چھوڑا جا سکتا ہے جو سر دست پاکستان میں موجود ہیں۔ اس بات کی وضاحت پہلے ہی کی جاچکی ہے کہ کون سی باتوں کو
فوقیت دی جائے، لہذا ہمیں نہایت عالی حوصلگی کے ساتھ اپنی منزل کی جانب گامزن ہو جانا چاہیئے۔
اس صدی کی آٹھویں دھائی کے پہلے سال (۱۹۷۱ش) کو
مستقبل کے حقدار صرف صحت مند لوگ ہیں سال صحت قرار دے کر اُسے قومی صحت کی بہتری کے لیے وقت
کر دیا گیا۔ چناں چہ اس سال انسان کے جسمانی نظام کے بارے میں مزید غور کیا جائے گا اور اس بات کا احساس بھی دلایا
جائے گا کہ صحت جسم کے اندر ہوتی ہے۔ انسان خواہ کتنا ہی ہوشیار اور عالم فاضل کیوں نہ ہو جائے اس سے اس کی
صحت
کبھی اچھی نہ رہ سکے گی اور کبھی کامیاب نہ ہو گا، کیوں
کہ اچھی صحت صرف قوانین صحت پر عمل کرنے ہی سے حاصل
ہوتی ہے۔ ہم کو یہ یا درکھنا چاہتے کہ پاکستان کی سب سے بڑی اور حقیقی ضرورت قومی صحت ہے، اور یہ اسی صورت
میں حاصل ہو سکتی ہے جب کہ ہم سب جسمانی اور ذہنی دونوں اعتبار سے صحت مند ہوں۔ ہمارا جسم خوب طاقت ور
ہو اور ہمارے دلوں میں اُمنگیں ہوں ۔ ہمارے ذریے بہت سے قومی فرائض ہیں، انھی میں سے ایک فرض یہ بھی ہے کہ
ہم اپنے آپ کو پوری طرح صحت مند رکھیں ۔ جب صحت اچھی ہوگی تو کام کرنے کا شوق بھی پیدا ہوگا اور اس کے بعد پھر
کارنامے انجام دینے کی باری کبھی آجائے گی ۔
اگریم باقاعدگی سے اپنی صحت
کی نگرانی اور صحت کے قواعد کی پابندی کرتے رہیں تو ہماری صحت بھی بہتر ہو سکتی
ہے اور ہماری مسرتوں میں بھی اضافہ ہو سکتا ہے۔ اس کے لیے صرف اتنا کرنے کی ضرورت ہے کہ باقاعدگی سے ورزش
کرتے رہیں، رات کے پہلے ہی حصے میں سو جائیں اور صبح تڑکے اُٹھ جائیں۔ کھانے کے سلسلے میں یہ احتیاط کریں کہ متوازن
سادہ اور متنوع غذا استعمال کریں ۔ علاوہ ازیں جسم کی استراحت کا خیال رکھیں اور تازہ ہوائیں سائنس ہیں اور پھر شویح
کو اپنے اوپر چکنے دیں، تاکہ آپ بھی پاکستان کے افق پر آفتاب کی طرح درخشاں ہو سکیں۔
آیئے ہم سب اپنے آپ کو تن درست و توانا بنائیں تاکہ پاکستان بھی توانا ہو جائے ۔ آئیے ہم سب اپنی دنیا کو مزید
خوشگوا را در صحت مند بنانے کے لیے آگے بڑھیں۔ یاد رکھیے کہ مستقبل صرف اسی کا ہے، جو تن درست و توانا ہے۔",5892
P3_1973_21,Naunehal,1973,Magazine,"انسان کی تخلیق میں قدرت نے اپنی
گوناگوں صناعیاں بڑی فیاضی کے ساتھ
صرف کی ہیں۔ اس عجیب و غریب اور حیرت
انگیز انسانی مشین میں جو پرزہ جس جگہ فیٹ
کر دیا گیا ہے وہ اس جگہ کے لیے اس قدم ندیں
اور اہم ہے کہ وہاں سے ہٹایا نہیں جا سکتا ہے۔
ہمارے دانت بھی اس مشین کا ایک اہم حصہ
ہیں۔ اگر سچ کہا جائے تو دانت چہرے کی خوب صورتی اور زیب و زینت کا سامان ہیں ۔ جس
طرح لمبی متوازن ناک اور بڑی بڑی سرمئی آنکھیں خوب صورت معلوم ہوتی ہیں اسی طرح
موتیوں جیسے سفید چمک دار دانت چہرے میں کشش پیدا کرتے ہیں۔ ہفتے مسکراتے اور
بولتے وقت اس کا بخوبی اندازہ کیا جا سکتا ہے۔
عام طور پر ہم دانتوں کو اتنی اہمیت نہیں دیتے جتنی اہمیت کے وہ متقی ہیں۔ مشہور ہے
قدر نعمت بعد زوال، یعنی نعمت کی قدر اس وقت ہوتی ہے جب وہ چھین جاتی ہے ۔
بوڑھوں سے کوئی دانتوں کی قدر و قیمت پوچھے ۔ بچارے کچھ کھا نہیں سکتے اور جو کچھ کھا لیتے
میں وہ نہ چلنے کی وجہ سے اچھی طرح ہضم نہیں ہوتا ، اس لیے مختلف بیماریوں کا شکار ہو
جاتے ہیں۔
صحت خدا کی عظیم نعمت ہے اور عظیم امانت تھی۔ اس کی حفاظت میں کبھی لا پرواہی
زبر تھے ۔ ایک بار جب صحت بگڑ جاتی ہے تو پھر بڑی مشکل سے بنتی ہے۔ صحت کی طرف
سے غفلت اور اس کی حفاظت سے کوتاہی کرنا عبرت ناک بے حسی اور مہربان خدا کی ناشکری
ہے ۔ مسرت اور صحت کا تعلق اس قدر قریبی ہے کہ گویا دونوں ایک ہی ہیں۔ روح میں
جب مسرت داخل ہوتی ہے تو جسم کو صحت نصیب ہوتی ہے۔ قلب کا سکون اور اطمینان جسم
کو قوت و توانائی عطا کرتا ہے ۔
دانتوں کا تن درستی سے بہت گہرا تعلق ہے۔ یوں کہیے کہ تن درستی اور صحت مندی کے
زینے کی سب سے پہلی سیڑھی آپ کے منھد سے شروع ہوتی ہے۔ متھے مہضم غذا کا سب سے پہلا
برش
اس طرح کا
ھونا چاھتے
مرحلہ ہے ۔ اس مرحلے میں زیادہ
دانتوں کو کام کرنا پڑتا ہے۔ دانتوں
ہی سے غذا کو چائے کاٹنے اور
کرنے کا کام لیا جاتا ہے ۔ دانت
اعضائے مہم میں شمار کیے جاتے ہیں
کیوں کہ یہ عظیم معدہ کے لیے زبر دست
معاون ہیں صحت کا دار مدار معدے
کی صحت مندی پر ہے ۔ اچھی طرح چبا یا ہوا کھانا معدے پر سے بار کم کرتا ہے ۔ غذا آسانی
سے مقیم ہو جاتی ہے اور پھر آنتوں اور جگر وغیرہ سے گزرتی ہوئی خون بن کر جسم کے اعضا تک
اس میں شک نہیں کہ دانتوں کی دیکھ بھال پر توجہ کرنی بڑی اچھی بات ہے، لیکن یہ بھی
حقیقت ہے منھ کے اہم ترین اعضا میں غالبا مسوڑھے دانتوں سے بھی زیادہ توجہ کے محتاج
ہیں ۔ دانتوں اور مسوڑھوں کا رشتہ بہن بھائی سے بھی زیادہ قریب ہے۔ پودے کو زمین سے جو
تعلق ہے وہی دانتوں کا مسوڑھوں کے ساتھ ہے۔ زمین خراب ہوتی ہے تو پودے کی نشو و نما نہ
صرف ٹرک جاتی ہے، بلکہ غذا نہ ملنے سے پودا سوکھ جاتا ہے ۔ بالکل اسی طرح مسوڑھے خراب ہیں
تو دانت کبھی اچھے نہیں رہ سکتے ، بلکہ اکثر گر جاتے ہیں اور آدمی وقت سے پہلے پوپلا ہو جاتا ہے۔
اس پر بس نہیں کہ دانتوں کے گرنے سے چہرہ بے ڈھنگا اور بد زیب ہو جاتا ہے، بلکہ ان کے بغیر صحیح
تلفظ کے ساتھ بات نہیں کی جا سکتی۔ نہ پھونک ماری جا سکتی ہے اور سیٹی بجائی جا سکتی ہے۔
دانت کتنے ہی اچھے کیوں نہ ہوں اگر مسوڑھے تندرست نہ ہوں تو ان کا گر جانا یقینی ہے،
اس لیے دانتوں کی صحت کے لیے مسوڑھوں کا صحت مند رکھنا ضروری ہے۔
سوال پیدا ہوتا ہے کہ آج کل دانت جلد خراب کیوں ہو جاتے ہیں جب کہ ہمارے بزرگ
بڑی عمر کے باوجود اپنے دانت قبرمیں لے جاتے تھے۔ تجربات سے یہ ثابت ہو چکا ہے کہ دانتوں
کے جلد خراب ہونے کا خاص سبب سفید شکر اور اس سے تیار کی ہوئی مٹھائیوں کا کثرت سے استعمال
ہے۔ اس کے علاوہ زیادہ مقدار میں ترشی کا استعمال بھی دانتوں کے لیے سخت نقصان رساں ہے۔
دانتوں کی دیکھ بھال ابتدا ہی سے کرنی چاہیے۔ بچوں کی صحت کے لیے ہوئے بنیاد کا درجہ
رکھتی ہے وہ ان کی خوراک ہے ۔ بچوں کے دانتوں کی افزائش کے لیے اچھی غذا اور صحیح خوراک کا
ہونا لازم ہے۔ میٹھی چیزوں کا کثرت سے استعمال دانتوں کو نقصان پہنچاتا ہے ۔ کیک ، پیٹریاں
سیکٹ، چوسنے کی مٹھائیاں اور دوسری مٹھائیاں جو چینی اور میدے سے بنائی جاتی ہیں بچوں
کی صحت کے لیے خاص طور پر مضر ہیں ۔ ان کا اثر لازما دانتوں پر پڑتا ہے ۔
انسانی زندگی کا اصل جو تہر ایمان اور اخلاق ہے اور ان چیزوں کا تعلق جسمانی صحت سے
بہت گہرا ہے۔ کم زور اور مریض جسم میں عقل و دماغ بھی مریض اور کم زور ہوتے ہیں بے رونق
زندگی جسم ناتواں کے لیے وبال جان بن جاتی ہے ۔ معدے کا فساد صحت کا بد ترین وقسمن ہے۔
اور معدہ مقیم غذا کا سب سے پہلا مرحلہ ہے اور اس مرحلے میں دانت سب سے اہم کام انجام
دیتے ہیں ، لیکن افسوس کہ بہت کم لوگ ان کی اس اہمیت سے واقف ہیں۔ اس ناواقفیت
کی وجہ سے ان کی مناسب دیکھ بھال نہیں کرتے اور نہ ان کے افعال سے واقف ہیں جس کی وجہ
سے صحت پر ناگوار اثر پڑتا ہے اور جسم کی کار کردگی میں خلل پڑتا ہے ، لہذا اگر آپ
کو تن درستی
عزیز ہے ، آپ خود کو تن درست و توانا بنانے کی تمنا رکھتے ہیں ، خوشی کی زندگی بسر کرنا چاہتے
ہیں تو دانتوں کی صفائی اور حفاظت کا انتظام کیجیے ۔ دانتوں کو صاف رکھنے سے فرحت حاصل
ہوتی ہے ، ہاضمے پر اچھا اثر پڑتا ہے اور دانت بیماریوں سے محفوظ اور مضبوط رہتے ہیں۔
معمولی اور سادہ احتیاطوں سے دانتوں کو درست حالت میں رکھا جا سکتا ہے۔ اگر ہم ان
کی حفاظت کریں تو وہ ہمیشہ ساتھ دیتے ہیں اور ان کی دل لبھانے والی چمک بھی برقرار رہتی ہے۔
کھانا کھانے کے فورا بعد دانتوں کا صاف کرڈالنا ایک اچھی عادت ہے ۔ اس عادت
سے دانتوں میں خستگی پیدا نہیں ہوتی اور ان میں موتیوں کی سی چک باقی رہتی ہے۔ دانتوں
کو صاف رکھنے کے لیے ضروری ہے کہ انھیں صبح اور رات کو سوتے وقت مسواک یا برش سے
صاف کیا جائے۔ کھانا کھانے کے بعد سیب کا ٹکڑا یا گا جر جیانا بہت مفید ہوتا ہے۔ اس
کے علاوہ دانتوں پر اچھی طرح انگلیاں پھیریں ، تاکہ مسوڑھوں کی بھی ورزش ہو ۔ دانتوں کے
لیے جو برش استعمال کیا جائے اس کا سر کھوتا ہونا چاہیے اور اس کے بالوں کی پچھیاں دور
دور ہوں اور سخت نہ ہوں ۔ مسواک کی ضرورت اور اہمیت کے پیش نظر ہمارے پیارے
رسول نے بھی اس کو استعمال کرنے کی تاکید کی ہے ۔ آج کل بعض دقتوں کے پیش نظر مسواک
کا کام بریش سے لیا جاتا ہے ، لیکن جو فوائد قدرتی تازہ مسواک میں ہیں ، برش میں وہ بات
نہیں ہوتی ۔
دانتوں میں خستگی کا عمل کھانا کھانے کے چند منٹ بعد ہی شروع ہو جاتا ہے، اس لیے
کھانا کھانے کے بعد باتوں میں لگے بغیر جلدی سے اٹھ کر دانتوں کو صاف کر لینا چاہیے اور
دونوں وقت کھانوں اور ناشتے کے بعد خاص طور پر صاف کرنا چاہیے۔ سونے سے پہلے
اور سو کر اٹھنے کے بعد دانتوں پر اچھی طرح انگلی پھیر کر کلیاں کر لینے سے منھ میں تازگی آجائی
ہے ۔ اگر دانتوں کو صاف کرنے کے لیے اس پر عمل کیا جائے تو اس سے مسوڑھوں کی ساخت
کو تحریک ہوتی ہے اور ان کی مزید مالش بھی ہو جاتی ہے۔ ہر چھے ماہ بعد کسی ماہر دنداں سے
دانتوں کا معائنہ کر الینا چاہیے ، تاکہ وہ دانتوں میں خستگی کی ابتدائی علامات کا سراغ لگا کر آپ
کے دانتوں کو ضائع ہونے سے بچائے ۔
جدید تحقیقات سے دانتوں کے لیے ایسی غذائیں مفید ثابت ہوتی ہیں جن میں حیاتین
ج پائے جاتے ہیں۔ یہ حیاتین دانتوں کی ساخت پر خصوصیت کے ساتھ اثر کرتے ہیں۔
یہ ان کو مضبوط بناتے اور بیماریوں سے بچاتے ہیں۔
حیاتین ج کی محرومی سے انسان دانتوں سے بھی محروم ہو جاتا ہے۔ ان میں مرض اسکروی
پیدا ہو جاتا ہے۔ مسوڑھے سوج جاتے ہیں ، پہلے پڑ جاتے ہیں۔ ان سے خون بہنے لگتا ہے اور
مجھ سے بدبو آنے لگتی ہے ۔ یہ حیاتین لیموں ، سنگترہ ، نازیگی ، سیب ، رس بھری، ناشپاتی
انگور، امرود وغیرہ میں پایا جاتا ہے ۔
دانت گندے رہنے سے طرح طرح
کی بیماریاں پیدا ہوتی ہیں۔ حضور اکرم صلی اللہ علیہ وسلم
کا معمول تھا کہ جب آپ نیند سے بیدار ہوتے تو مسواک سے اپنا منھصاف فرماتے اور آپ جب
بھی باہر سے گھر میں تشریف لاتے تو مسواک کرتے تھے۔ آپ کا ارشاد ہے کہ اگر میں اپنی امت
پر گراں نہ جانتا تو ان
کو ہر نماز کے وقت مسواک کرنے کا حکم دیتا۔
اگر آپ کو اپنی تن درستی عزیز ہے اور دانتوں جیسی نعمت کو رکھنا منظور ہے تو ان کو
نقصان پہنچانے والی چیزوں سے پر پنیر کیجے۔ کھانا کھانے کے بعد منھ اور دانتوں کو اچھی طرح
صاف کیجئے ۔ سونے سے پہلے ان کو صاف کر لیجیے ۔ روزانہ نیند سے بیدار ہونے کے بعد مسواک
کھے یا منجن میے ۔ اس سے آپ کے دانت ہی محفوظ نہیں رہیں گے ، بلکہ آپ کی عام صحت
پر بھی خوش گوار اثر ہو گا اور بینائی کو تقویت حاصل ہوگی۔
یاد رکھیے ! دانتوں کی صحت آپ کی عام صحت اور مسرت کے لیے ضروری ہے۔ دانتوں
کی صحت کا انحصار ان کی صفائی پر ہے ۔ آپ جب بھی کوئی چیز کھائیں فورا دانت صاف کیجیے۔
ہاتھ کی انگلی سے مسوڑھوں کی صفائی کیجیے اور مسواک یا برش سے دانتوں کی رینوں میں
سے کھانے کے رینڈ سے اچھی طرح نکال دیجیے۔ مسواک یا برش ہمیشہ اوپر سے نیچے اور نیچے
سے اوپر کی جانب کیجیے ۔
دانتوں کی خرابی کا اثر پوری صحت پر پڑتا ہے۔ دانت سے آنت تک ایک سلسلہ ہر
جس پر آپ کی صحت کا دارو مار ہے ۔",1724
P3_1973_22,Naunehal,1973,Magazine,"برقیاتی محافظ کتا
بعض لوگ اپنے گھر کی حفاظت کے لیے کتے پالتے ہیں اور ان کی خوراک اور دیکھ بھال
پر خاصی رقم خرچ کرتے ہیں کتوں
کی موجودگی میں چوروں کا خطرہ نہیں رہتا۔ جیسے ہی کوئی
اجنبی دروازے میں قدم رکھتا ہے وہ ایک حرف تو آنے والے کو خوف زدہ کر دیتے نہیں ،
دوسری طرف مالک کو خبر دار کر دیتے ہیں ۔ امریکا کے ایک آدمی نے ایک ایسا طریقہ ایجاد کیا
ہے جس سے گھر کی حفاظت کے لیے کتنے پالنے کی ضرورت نہیں رہے گی ۔ اس آدمی نے ایک
ٹیپ ریکارڈر میں کتنے کی آواز بھر کر اس کو ایک تار کے ذریعے دروازے پر برکھے ہوئے
پا انداز سے جوڑ دیا اور "" یا انداز میں اس کا بٹن لگا دیا ۔ جیسے ہی کوئی شخص پا اندازہ
پر پیر رکھتا ہے ٹین دب جاتا ہے اور ٹیپ ریکارڈ سے کتے کے بھونکنے کی خوفناک آواز آنے
لکتی ہے ۔ یا انداز ٹاٹ وغیرہ کے اس ٹکڑے کو کہتے ہیں جو دروازے کے باہر جوتوں میں
لگی ہوئی کیچڑ وغیرہ صاف کرنے کے لیے بچھا دیا جاتا ہے ۔ اس ٹیپ ریکارڈر کے بعد کتوں
کے خریج اور گندگی سے چھٹکارا مل جائے گا۔
سینگ یا بالوں کا گچھا
( مرسله : خالد مسعود برکاتی ، کراچی)
گینڈا جیسا انوکھا جانور ہے اسی طرح اس کا سینگ بھی ہے اور اس سینگ کی ساخت
مجیب و غریب ہے ، اس لیے کہ اس سلنگ سی بڑی نہیں ہوتی، بلکہ وہ صرف بالوں کا گچھا ہوتا
ہے ۔ اس کی ناک پر لمبے لمبے اور انتہائی موٹے بال ایک لعاب دار مادے سے چپک جاتے ہیں اور اس
پر کھال چپک جاتی ہے اور وہ سیٹنگ کی شکل اختیار کر لیتی ہے ۔ عموما یہ سینگ چند این لیا ہوتا
ہے۔
گینڈے کے اس عجیب و غریب سینگ سے زمانہ قدیم میں پیالے وغیرہ بنائے جاتے
تھے اور یہ بہت قیمتی ہوا کرتے تھے ، اس لیے کہ ان پیالوں میں کوئی زہر ڈالا جائے تو وہ فوراً
اہل کر نکل پڑتا ہے ، اسی لیے اس زمانے کے بادشاہ ایسے پیالے اپنے ساتھ رکھا کرتے تھے۔
شہنشاہ بابر نے بھی مہندستان آنے کے بعد ایسے پیالے بنواتے تھے۔
مینڈک کی جلد کے جوتے
جاپان کے شہر کو بے میں ایک ڈیپارٹمنٹل اسٹور میں فروخت کے لیے اچھوتے جوتے
رکھے گئے ہیں ۔ یہ جوتے مینڈک کی جلد سے بنائے گئے ہیں۔ یہ جوتے بہت زم اور پیدل
چلنے میں بہت ہی زیادہ آرام دہ ہیں ، مگر ان کی قیمت بہت زیادہ یعنی ۵۶ ہزار ین ا تقریبا
ڈیڑھ ہزار روپے ہے ۔ اسٹور کے مالک کا کہنا ہے کہ ایک جوڑی جوتے بنانے کے ہم مینڈکوں
کی جلد کی ضرورت ہوتی ہے ۔ اسٹور کے مالک نے یہ بھی کہا ہے کہ وہ آئندہ اس سے بھی اچھوتے
جوتے تیار کریں گے ۔",474
P3_1974_23,Naunehal,1974,Magazine,"مری کا نام آپ نے سنا ہوگا ، کتنا حسین اور خوش نما مقام ہے۔ ملک کے گوشے گوشے
سے لوگ اس کے خوب صورت پہاڑ دیکھنے آتے ہیں اور یہاں کے روح افزا موسم سے کہ
سے لطف اندوز
ہوتے ہیں۔ مری پاکستان کے خوب صورت تفریحی مقامات میں شمار کیا جاتا ہے۔ پہاڑوں پر راستے اس
طرح بنائے گئے ہیں کہ ہزاروں فیٹ بلندی پر پہنچنے کے بعد یہ احساس تک نہیں ہوتا کہ ہم کسی
اوپنی جگہ آگئے ہیں، مگر او پر پہنچ کر چاروں طرف نظر دوڑائیں تو نیچے زمین پر بنے ہوئے بنگلے اور
عمارتیں گڑیوں کے گھر معلوم ہوتے ہیں۔ مری کے پہاڑ خوش نمائی اور دل فریب موسم کے لیے تو مشہور
ہیں ، لیکن بلندی کے لیے نہیں ۔ کوہ ہمالیہ کا نام آپ نے سنا ہو گا۔ یہ دنیا کا سب سے اونچا پہاڑ ہے۔
اس کی ایک چوٹی ماؤنٹ ایورسٹ انتیس ہزار دو ( ۲۹۰۰۲) فیٹ بلند ہے ۔
ہماری زمین بھی بڑی دل چسپ جگہ ہے ۔ کہیں آسمان سے باتیں کرتے ہوئے پہاڑ نظر آتے ہیں تو
کہیں میلوں پھیلے ہوئے ہموار میدان یہی نہیں بلکہ اس دنیا میں ہزاروں فیٹ گہرے سمندر بھی ہیں۔
بحر الکاہل سب سے گہرا سمندر ہے۔ ایک مقام پر اس کی گہرائی ۴۰۰ ۳۵٫ فیٹ ہے ۔ تم نے دیکھا کہ
ہماری زمین کہیں اوپنی ، کہیں ہموار اور کہاں کی ہے۔
شاید تم سوچ رہے ہو کہ ہماری زمین جب سے بنی ہے اسی حالت میں ہے اور اس میں کوئی تبدیلی
نہیں ہوئی ۔ حقیقت یہ نہیں ہے ، بلکہ ہماری زمین میں ہرلمحہ تبدیلیاں ہوتی رہتی ہیں ۔ آج تم میں جگہ پہاڑ
دیکھ رہے ہو ہو سکتا ہے ایک مدت بعد ان پہاڑوں کی جگہ چٹیل میدان نظر آئیں ۔ یہ بھی ممکن ہے کہ ہموار
میدانوں کی جگہ اونچے اونچے پہاڑ بن جائیں ۔ ایسا بھی ہو سکتا ہے کہ آج جس جگہ خشکی نظر آرہی ہے وہاں
پانی ہی پانی نظر آئے اور سمندر کی لہریں اسے اپنی لپیٹ میں لے لیں ۔ یہ تمام باتیں تھیں نا قابل یقین
معلوم ہورہی ہوں گی، کیوں کہ تم نے اپنی زندگی میں اس قسم کی تبدیلیاں نہیں دیکھی ہوں گی ،مثلا کھارے
شہر میں اگر کہیں پہاڑ ہیں تو وہ اپنی جگہ قائیم ہیں اور جس میدان میں تم کرکٹ یا فٹ بال
کھیلتے ہو وہاں
اچانک کوئی پہاڑے نمودار نہیں ہوا۔ بات دراصل یہ ہو کہ زمین میں ان تبدیلیوں کی رفتار اتنی سست
ہے کہ صدیاں گزرنے کے بعد بہت معمولی سی تبدیلی ہوتی ہے ، اس لیے انسان
اپنی مختصر زندگی میں کوئی
نمایاں تبدیلی نہیں دیکھ سکتا ۔ یہی وجہ ہے کہ ایک عام آدمی کو ان باتوں پر یقین کرنے میں دشواری ہوتی
ہے۔
یہ تو تمھیں معلوم ہی ہے کہ زمین کا علم جاننے والوں کو ماہرین ارضیات (T) مر GEOLOGIST )
کہتے ہیں۔ ماہرین ارضیات نے نہیں بتایا ہے کہ آج زمین کے بعض حصے جو میدانوں پر مشتمل ہیں کسی
زمانے میں یہاں برف سے ڈھکے ہوئے اونچے اونچے پہاڑ تھے۔ یہ پہاڑ تیز و تند ہواؤں اور موسم
کی سختی کو برداشت نہ کر سکے اور دھیرے دھیرے میدانوں میں تبدیل ہوگئے ۔ آج جہاں درختوں
سے ڈھکے ہوئے اونچے پہاڑوں کا سلسلہ ہے وہ کسی زمانے میں پانی کے اندر تھا۔ سائنس دانوں
کا خیال ہے کہ اس قسم کی تبدیلیاں آج بھی جاری ہیں ۔ دنیا کے کچھ حصوں میں پہاڑ اور
زیادہ بلند ہوتے جا رہے ہیں جب کہ بعض مقامات پر پہاڑ ٹوٹ ٹوٹ کر میدان بنتے
جا رہے ہیں۔ بعض جگہ خشکی کا علاقہ سمندر میں چھپتا جا رہا ہے تو کہیں سمندر کے نیچے
چھپی ہوئی زمین اوپر آرہی ہے ۔ زمین کی شکل وصورت میں جو تبدیلیاں ہو رہی ہیں
انھیں سمجھنے کے لیے ضروری ہے کہ زمین کی پیدائش کے متعلق معلوم
کیا جائے ۔
یہ آپ کو معلوم ہے کہ سورج ایک ستارہ
ہے۔ سائنس دانوں کا خیال ہے کہ اب سے بہت
پہلے سورج کے قریب سے ایک بہت بڑا ستارہ
گزرا جس کی کشش کی وجہ سے سورج سے مارے
کی کچھ مقدار الگ ہوگئی ۔ یہ خیال کیا جاتا ہے کہ
بڑے ستارے سورج کے قریب سے گزرنے
کی وجہ سے سورج کی سطح پر مادے میں لہریں
پیدا ہو گئیں اور پھر یہ لہریں اتنی اونچی ہوگئیں
کہ سورج سے علاحدہ ہو گئیں۔ سورج سے
علاحدہ ہونے والا یہ مادہ جسے ایک طرف سے
بڑا ستارہ اور دوسری طرف سے سورج کھینچ
رہا تھا سورج کے گرد چکر لگانے لگا۔ دھیرے
دھیرے یہ مادہ نو ٹکڑوں میں تقسیم ہو گیا جنھیں
ہم سیارے کہتے ہیں۔ زمین بھی ایک سیارہ ہے۔
سورج سے الگ ہونے کے بعد لاکھوں
سال سے زمین فضا میں چکر لگا رہی ہے ۔
سائنس دانوں کا کہنا ہے کہ شروع میں زمین
کا درجہ حرارت اتنا زیادہ تھا کہ وہ آگ کا کولا
معلوم ہوتی تھی۔ زمین کو ٹھنڈا ہونے میں بھی
الا کھوں سال لگ گئے ۔ زمین آہستہ آستہ ٹھنڈی
ہوتی گئی اور اس کی اوپری پرت ٹھوس اور
سخت بن گئی ، لیکن اندر سے زمین پھر بھی گرم
رې - اندازہ لگایا گیا ہے کہ زمین کا مرکز اس وقت بھی بہت گرم ہے ۔ اگر ہم زمین کھودنا شروع
کریں تو ہر سچاس فیٹ کی گہرائی یہ ایک درجہ فارن ہائٹ کا اضافہ ہوتا جاتا ہے ۔ درجہ حرارت
میں اضافے کی اس رفتار سے یہ خیال ہوتا ہے کہ زمین کے اندر مرکز میں موجو د چٹانیں گھل کرگرم
لاوا بن گئی ہوں گی۔
اپنی معلومات کی بناپر بعض لوگوں کا خیال تھا کہ ابتدا میں تو پوری زمین ہی گرم لاوے کی
شکل تھی اور اب زمین کا اندرونی حصہ پکھلے ہوئے مادے کی شکل میں رہ گیا ہے، لیکن بعد
کی تحقیقات سے معلوم ہوا کہ زمین کا مرکز مائع یا رفیق حالت میں نہیں ہے ۔ زلزلوں سے اس
سلسلے میں کافی مدد ملی نجس رفتار سے زلزلوں کے جھٹکے زمین کے مرکز سے گزرتے ہیں اس
سے اندازہ ہوتا ہے کہ زمین کا مرکزہ مائع حالت میں نہیں، بلکہ ٹھوس شکل میں ہے ۔
سائنس دانوں کا کہنا ہے کہ یہ صحیح ہے کہ مرکبہ میں درجہ حرارت بہت زیادہ ہے لیکن
جو چیز وہاں موجود مادے کو پگھلنے سے محفوظ رکھتی ہے۔ وہ اوپر کی چٹانوں کا بے انتہا دباؤ
ہے۔ اگر یہ دباؤ نہ ہوتا تو زمین کامرکز یعنی اندرونی حصہ اس وقت پگھلے ہوئے مادے کی طرح ہوتا۔
زمین دھیرے دھیرے ٹھنڈی ہوتی رہی۔ زمین کا اندرونی حصہ جب ٹھنڈا ہوتا تو وہاں
موجود گیسیں بڑی قوت کے ساتھ باہر نکلیں جس کی وجہ سے زمین اس جگہ سے پھٹ جاتی ۔ زمین کا
بیرونی غلاف جو زمین کے اندرونی حصے کے مقابلے میں زیادہ ٹھنڈا اور سخت ہوتا ہے قشرارض
یا زمین کا پرت کہلاتا ہے ۔ قشرارض زیادہ تر چٹانوں سے بنا ہوا ہے۔
زمین سے نکلنے والی گیسیں ہلکی ہونے کی وجہ سے اوپر اٹھیں اور وہاں سردی پا کر بادلوں
میں تبدیل ہو گئیں ۔ جب اور زیادہ ٹھنڈ ہوئی تو با دل بارش بن کر برس پڑے اور یوں ہماری
زمین پر بارش ہوتی رہی ۔ اس بارش کے نتیجے میں ندی نالے اور سمندر وجود میں آئے ۔
قشرارض میں ٹوٹ پھوٹ کا عمل بھی جاری تھا۔ قشرار من کے بعض حصے اپنی جگہ سے ہٹ
جاتے۔ کوئی حقیہ ابھر آتا اور کوئی اندر دھنس جاتایا آگے پیچھے ، ادھر ادھر ہو جاتا۔ یہ سب
اندر سے بہت زیادہ دباؤ پڑنے کی وجہ سے ہوتا تھا ۔ قشرارض کے بعض حصے الگ ہو کر
ایک دوسرے سے سرک جاتے تھے اور وہاں دراڑیں پڑ جاتی تھیں۔ قشرارض کے اس
طرح ٹکڑوں میں تقسیم ہونے اور بعض حقیقوں کے اوپر اٹھ جانے اور بعض ٹکڑوں کے
نیچے بیٹھے جانے کی وجہ براعظم وجود میں آئے۔ زمین کے اُبھرے ہوئے حقوں کے درمیان جو
گڑھے تھے وہاں پانی بھر گیا اور وہ آج سمندر کہلاتے ہیں۔ زمین کی سطح پر جہاں کہیں اندرونی
مادہ اوپر آگیا اس نے پہاڑ کی شکل اختیار کرلی۔
آپ نے دیکھا کہ زمین کی پیدائش سے بر اعظموں اور سمندروں کے بننے تک زمین
میں کتنی تبدیلی آئی تھی۔ یہ صحیح ہے کہ ابتدا میں زمین پر بڑی بڑی تبدیلیاں آئیں اور
بہت تیزی سے آئیں ، لیکن آپ یہ نہ سمجھیں کہ اب زمین میں کسی قسم کی حرکت یا تبدیلی
نہیں ہو رہی۔ گو کہ یہ تبدیلیاں اتنی تیزی سے نہیں ہو رہیں ، لیکن آپ
کو معلوم ہے کہ زندے
اب بھی آتے ہیں اور زمین کی شکل کچھ سے کچھ ہو جاتی ہے ۔ دنیا کے بعض علاقوں میں
دھیرے دھیرے پہاڑ سر ابھار رہے ہیں تو بعض جگہ خشکی کے علاقے سمندر میں ڈوبتے
جا رہے ہیں ۔
زمین میں بعض قوتیں ایسی ہیں جو اس کی شکل و صورت میں تبدیلی لاتی رہتی ہیں
یہ قوتیں بھی دو قسم کی ہوتی ہیں۔ ایک وہ جو زمین کو ابھارنے اور بلند کرنے میں مصروف
رہتی ہیں اور دوسری وہ جو اسے پست کرنے میں لگی رہتی ہیں ۔ پانی، ہوا اور موسمی اثرات
کا شمار انھی قوتوں میں ہوتا ہے۔
زمین کی شکل و صورت بدلنے میں پانی
کا بڑا اہم حصہ ہے۔ پانی میں بڑی قوت
ہوتی ہے ۔ جب بارش ہوتی ہے تو جگہ جگہ
ندی نالے بن جاتے ہیں۔ یہ چھوٹے چھوٹے
ندی نالے آپس میں مل کر دریا بناتے ہیں
اور پھر یہ دریا سمندر سے جا ملتے ہیں۔
دریاؤں کے الگ الگ سلسلے ہوتے ہیں۔
ہر سلسلے میں دریاؤں کے ساتھ ان کی
شاخیں اور معاون دریا ہوتے ہیں۔ پانی
حب تیزی سے بہتا ہے تو اپنے ساتھ منٹی
بھی بہا لے جاتا ہے ۔ اس طرح یہ زمین
کو کاٹ کاٹ کر پیست کرتا رہتا ہے ۔ پانی
کے اس عمل سے بڑے بڑے پہاڑ اور
چٹا نہیں میدانوں میں تبدیل ہو جاتے ہیں اور میدان پست ہو کر سمندر کی سطح کے برابر
ہو جاتا ہے۔ اگر پانی کے بہنے کی رفتار تیز ہو تو وہ اپنے ساتھ مٹی اور ریت بھی بہا لے جاتا
ہے ، لیکن آگے چل کر جب دریا کی رفتار سست ہو جاتی ہے تو یہ مٹی اور ریت دریا کے
کنارے جمع ہو جاتی ہے ۔ اس طرح دریا کے کنارے جو میدان بنتا ہے اسے ڈیلٹا،
کہتے ہیں ۔
پانی کی قوت کا اندازہ آپ اس بات سے لگا سکتے ہیں کہ صرف دو میل فی گھنٹہ کی
رفتار سے بہنے والا پانی اپنے ساتھ مرغی کے انڈے کی جسامت کے برابر کے پتھر
بہا لے جاتا ہے ۔ فضا میں موجود گیسیں پانی میں حل ہو کر پانی کے کٹاؤ کے عمل میں
بہت مدد دیتی ہیں۔ پہاڑوں پر سے بننے والا پانی آہستہ آہستہ پہاڑوں کو کاٹ کر
اپنا راستہ بنانے کا عمل جاری رکھتا ہے ۔ پہاڑ کاٹ کر جو ہموار جگہ بنتی ہے اسے وادی
کہتے ہیں۔ بعض دریاؤں کی وادی میں کبھی
کبھی سیلاب کی کیفیت پیدا ہو جاتی ہے،
ا
کیوں کہ وادی زیادہ گہری نہیں ہوتی ، اس
لیے جب زیادہ بارش کی وجہ سے دریا پانی
سے بھر جاتے ہیں تو پانی اس میں سے نکل کر
وادی میں پھیل جاتا ہے۔ سیلاب کا پانی
ہمیشہ مٹی اپنے ساتھ لاتا ہے جو وادی کے
قریب پھیل جاتی ہے ۔ یہ مٹی زراعت کے
لیے بہت مفید موتی ہے۔ دنیا کے زیادہ
آبادی والے علاقے سیلابی میدانوں اور
ڈیا پر واقع ہیں ، مثلاً مین ، مہندستان دیره
بعض اوقات ایسا ہوتا ہے کہ دریا کی راہ نہیں کوئی بڑی چٹان حائل ہو جاتی ہے اور دریا کا
پانی اس سے ٹکرا کر مخالف سمت میں ایک دم کرتا ہے ۔ پانی کے اس طرح کرنے کو آبشار
نتے ہیں۔ پانی کے اس طرح ٹکرانے اور میٹ کر چھوٹی چٹانوں پر گرنے سے یہ چٹانیں دھیرے
دھیرے ٹوٹتی ہیں اور آبشار رفتہ رفتہ پیچھے ہٹتی رہتی ہے ۔ آپ نے دیکھا کہ پانی کسی شدت
سے زمین کی توڑ پھوڑ میں مصروف ہے ۔ بلندی کے اعتبار سے دنیا کی سب سے بلند آبشار
کا نام اینجل آبشار ہے جو و نیز و ئیلا میں واقع ہے اور تین ہزار دو سو اکیاسی (۳۲۸۱) فیٹ
بلند ہے ۔ آبشار گوائیرا پانی کے بہاؤ کے اعتبار سے سب سے بڑی آبشار ہے ۔ یہ برازیل میں
ہے۔ یہاں سے پانی کے گزرنے کی سالانہ اوسط ۷۰۰۰۰ مکعب فیٹ فی سیکنڈ ہے ۔
آپ نے چلتے ہوئے پانی کو تو دیکھا ہے ، لیکن کیا آپ چلتے ہوئے برف سے بھی واقف
ہیں ؟ اسے گلیشر کہتے ہیں۔ برف کے ان بڑے بڑے ٹکڑوں نے زمین کی شکل و صورت بہت
کچھ بدل ڈالی ہے ۔ جب پہاڑوں پر برف بہت زیادہ ہو جاتی ہے تو بوجھ سے نیچے کی برف
پکھل کر پانی بن جاتی ہے اور برف کے بڑے بڑے ٹکڑے اس پانی پہ پھسلنے لگتے ہیں ۔
ایک زمانے میں شمالی ایشیا ، یورپ اور شمالی امریکا کے بہت سے حصے گلیشیر سے ڈھکے ہوئے
تھے۔ چھوٹے چھوٹے گلیشیر اب بھی دنیا کے اکثر پہاڑوں پر ملتے ہیں۔
گلیشیر چلتے ہیں تو پہاڑ کی چوٹیوں کی چٹانوں کو توڑ کر اپنے ساتھ بہالے جاتے ہیں۔
اور میدان میں پہنچا دیتے ہیں۔ گلیشر کی وجہ سے بعض اوقات زمین پر موجود مٹی کھرچ جاتی ہے
اور ایسی زمین پر ہر طرف پھر ہی پتھر نظر آتے ہیں، لیکن بعض جگہ برف کے پگھلنے سے مٹی
کے باریک ذرے میدانوں میں پھیل گئے ہیں۔ ایسی زمین زراعت کے لیے بہت مفید ہوتی ہے۔
جب بارش ہوتی ہے تو پانی کا ایک حصہ زمین میں جذب ہو جاتا ہے۔ یہ پانی زمین کو
بہت نقصان پہنچاتا ہے ۔ آپ کو معلوم ہے کہ مٹی میں کاربن ڈائی آکسائڈ ہوتی ہے۔ یہ
گئیں پانی کے ساتھ مل کر ایک ملک ترشہ (ACID) بنا لیتا ہے جسے کاربونک انسیڈ کہتے ہیں۔
اس ترینشے میں چونے کا پتھر حل ہو جاتا ہے۔ اگر مٹیان چونے کے پتھر کی بنی ہوئی ہے تو وہ
پانی میں حل ہو کہ اس کے ساتھ بہہ جاتی ہے جس کی وجہ سے زمین میں غار بن جاتے ہیں۔ بعض
دفعہ یہ کھو کھلی زمین نیچے دھنس جاتی ہے جس سے نشیب پیدا ہو جاتا ہے ۔ کہیں کہیں یہ بھی ہوتا
ہے کہ پانی جذب ہوتا ہوا ایسی جگہ پہنچ جاتا ہے جہاں چٹانیں بہت گرم ہوتی ہیں ، اس لیے پانی
یہاں بہت گرم ہو جاتا ہے اور جب یہ پانی کسی جگہ سطح زمین سے باہر نکلتا ہے تو اس میں حرارت
موجود ہوتی ہے ۔
پانی کی طرح ہوا بھی زمین کی شکل وصورت تبدیل کرنے میں مصروف ہے ۔ ہوا مٹی اور ریت
کو اڑ اکر کہیں سے کہیں پہنچا دیتی ہے اور جب ہوا ریت کے ذرات کو لے کر چٹانوں سے ٹکراتی ہے
تو چٹان سے باریک باریک ورے ٹوٹ کر گرنے لگتے ہیں۔ اس طرح ہوا چٹانوں کے توڑ پھوڑ میں
سرگرمی سے حصہ لیتی ہے۔ رنگستان میں اکثریت کے بڑے بڑے تو دے نظر آتے ہیں ۔ یہ ہواہی
کا کرشمہ ہے۔ چوں کہ اس ریت میں نمی نہیں ہوتی، اس لیے یہاں نباتی زندگی جنم نہیں لیتی اور وہ
جگہ ہو ہوا کے ذریعے لائے ہوئے ریت کے ذرات پر مشتمل ہو ریگستان بن جاتی ہے۔",2493
P3_1974_24,Naunehal,1974,Magazine,"کستن یا لہسن ایک مشہور پودا
ہے اور دنیا میں تقریبا ہر جگہ اس
کی کاشت کی جاتی ہے۔ بعض علاقوں
میں خود کرد دبلا ہوئے ہوئے اُگنے والا)
بھی ہوتا ہے ۔ پرانے زمانے سے
دوا کے طور پر استعمال کیا جاتا ہے۔ اس کے علاوہ کھانوں میں مسالے کے طور پر بھی ڈالا جاتا ہے۔
اس
کی تاثیر گرم اور محرک ہوتی ہے۔ لہسن دو قسم کا ہوتا ہے ۔ جو ہے والا جس میں کئی جوے ہوتے
ہیں۔ یہ ہر گھر میں دیکھا جا سکتا ہے کیوں کہ کھانوں اور خلیفوں اور اچاروں میں روزانہ کسی کسی صورت
میں کھایا جاتا ہے ۔ دوسری قسم سفید پیاز جیسی ہوتی ہے اس میں جو سے یعنی پھانکیں نہیں ہو ہیں۔
یہ پہاڑی امین کہلاتا ہے اور عام لہسن سے تیز ہوتا ہے۔
اس کو دوا کے طور پر بھی کھایا جاتا ہے اور لگایا بھی جاتا ہے ۔ آج کل یورپ اور امریکا
میں اس کی بڑی تحقیقات ہورہی ہے اور اس کو بہت سے امراض میں نہایت مفید پایا گیا ہے۔
اگر اس کو کچا کھایا جائے تو اس کا مزا تیز اور ہونا گوار ہوتی ہے ، لیکن دوسری چیزوں سے
مل کر یہ بات نہیں رہتی۔ گھی یا تیل میں بھون لینے کے بعد بد بو خوش گوار بو سے بدل جاتی ہے۔
خدا تعالیٰ نے اس میں کچھ ایسی خوبیاں رکھی ہیں جن کی وجہ سے یہ بجاطور پر غذا کا ایک اہم جزوبن
گیا ہے، مثلاً یہ گوشت اور مچھلی وغیرہ بساندھ والی چیزوں کی بساندھ دور کرتا ہے ۔ اس کے استعمال
سے انسان خراب آب و ہوا کے نقصانات سے محفوظ رہتا ہے۔ یہ معدے کو قوت دیتا ، ریاح گندی
ہوا کو نکالتا اور دمے میں ملغم کو نکالتا ہے۔ فالج و لقوہ خدار (سن بھری میں فائدہ پہنچاتا ہے ۔
خون کے دباؤ کو کم کرتا ہے اور بعض جلدی بیماریوں کو دور کرتا ہے۔ بلغمی امراض اور درد قولنج
میں بھی مفید ہوتا ہے۔ نزلہ ، زکام، کھانسی اور دمے اور گلے کی شکانیوں میں لہسن تریاق کا کام دیتا
ہے۔ معدہ اور آنتوں میں تنزلی سوزش میں کھلانے کے علاوہ لگایا بھی جاتا ہے۔ تیل میں جلا کر
تیل کی مالش کی جاتی ہے ۔ وبائی خناق رگلے میں ہوا کی نالی پر مکڑی کے جالے کی طرح جھلی بن جاتی
ہے جس سے سانس کا راستہ بند ہو جانے کی وجہ سے انسان ہلاک ہو جاتا ہے) کی حالت میں اس کی پھانک
منھ میں رکھ کر چوسنے سے یہ فاسد مھبلی گھل جاتی ہے۔ اس کے بعد بخار بھی اتر جاتا ہے ۔ چار گھنٹوں کے
عرصے میں ایک چھٹانک سے زیادہ لہسن مریض کو چوسنے کے لیے نہ دیا جائے۔ جھلی کے تحلیل ہونے
کے بعد بھی ایک مفتے ایک تقریبا ایک چھٹانک لہسن کے جوے پھیل کر چوسنا چا ہیں۔ عجیب بات ہے
کہ خناق کے مریض کو لہسن کی بو اور ذائقہ محسوس نہیں ہوتا۔ لہسن نمونیا میں بھی مفید ہے۔ دو دن
کے اندر ہی حرارت نبض اور سانس اپنی اصلی حالت پہ آجاتی ہے۔
اس میں ایک خاص قسم کا تیل ہوتا ہے۔ بدن انسان میں پہنچنے کے بعداس کی نکاسی بھیڑیوں
اور جلد کے ذریعے ہوتی ہے ، لہذا لہسن پھیپڑوں کی سیل ، کھا سنی ، دقتے اور کالی کھانسی میں فائدہ دیتا
ہے اور اس کی بو ان امراض میں خاص طور پر مفید ہے۔ کالی کھا سنی میں لہسن کے فائدے سے عام
لوگ واقف ہیں ، چناں چہ امین کی پوتھیاں تھپیل کر دھا گے میں پرو کر بچے کے گلے میں ڈال دیتے ہیں
تا کہ اس کی بو ناک کے راستے پھیپڑوں میں پہنچ کر سکون دے ۔ اس کے علاوہ کالی کھانسی میں ہسن
کے استعمال کا ایک طریقہ یہ بھی ہے کہ بہن کو چھیل کر بچے کے پاؤں کے تلووں کے نیچے رکھ کر اوپر سے
جراب
اور جوتا پہنا دیتے ہیں۔ بھیٹروں کی سیل میں لہسن کا سونگھنا اور اس کی ایک دو پوتھی شہر میں
ملاکر چٹانا مفید ہے۔
فالج اور لقوے میں بھی نہین کا استعمال مفید ہے ، گٹھیا میں بھی فائدہ کرتا ہے پیس کر اور شہد میں
ملا کر کھلائیں۔
بیرونی طور پر ان پھل بھری (برص) چھیپ اور داد کو بہت فائدہ دیتا ہے ۔ اس غرض کے
لیے لہسن کو لو شاور کے ساتھ میں کر لگایا جاتا ہے۔
بالخورہ میں داڑھی مونچھ اور سر کے بال جگہ جگہ سے اڑ جاتے ہیں جس سے انسان کی شکل
بگڑ جاتی ہے۔ لہسن بالخورے میں مفید ہے۔ چند یوتھیاں ایک چنکی سرمہ کے ساتھ نہیں کر لگائیں۔
آدھے سر کے درد میں درد والی جانب اور پھوڑے پھنسیوں پر لگا نا بہت مفید ثابت ہوتا ہے
کان میں پھنسی ہو تو لہسن کا پانی کان میں ٹپکانے سے گھل جاتی یا پیک کر پھوٹ جاتی ہے ۔
دانت میں کیڑا لگا ہوا ہو اور اس کی وجہ سے درد بے چین رکھتا ہو تو لہسن کی پوتھی گرم کر کے
دانت پر رکھ کر کچھ دیر دبائے رکھنے سے مکمل آرام موجاتا ہے۔
کان اگر بہتہا ہو تو لہسن ایک تولہ اور سیند در چھے ماشے کو پیس کر سرسوں کے تیل میں پکائیں۔
اس کے بعد تیل کو صاف کر کے رکھ چھوڑیں۔ بہتا ہوا کان اس تیل کے ٹپکانے سے بہت جلد اچھا
ہو جاتا ہے ۔
بچھو کے کاٹے پر پیس کر لگا ئیں اور کھلائیں۔
گھیا و غیرہ کے دردوں میں صرف لہسن کو یا دوسری دواؤں کے ساتھ تیل میں پکا کر صاف
کر لیتے ہیں اور پھر اس تیل کی نیم گرم مالش کرتے ہیں ، نہایت مفید ہے۔",922
P3_1975_25,Naunehal,1975,Magazine,"اسکاؤٹنگ تحریک دنیا کی ایک قدیم ، مفید اور منظر تحریک ہے۔ اسکاؤٹنگ کی تاریخ
میں ۲۲؍ فروری کو ایک خاص اہمیت حاصل ہے۔ آج اسے ۱۸ سال قبل ۲۲ فروری ۵۷دلو
کولندن کی سرزمین پر ایک ایسے بچے نے جنم لیا جس کو دنیا آج تک عزت کی نگاہ سے دکھیتی ہو۔
اس کا نام سر رابرٹ بیڈن پاول تھا۔
سر رابرٹ بیڈن پاول نے ۱۹۰۸ ء میں یہ تحریک شروع کی تھی ۔ اسکاؤٹنگ کا مقصد
انسانیت کی بھلائی ، دوسروں کی مدد اور اخلاق کی تعمیر کے لیے طالب علموں کو تیار کرنا ہے۔
چا
اس تحریک کی تعلیم جار خاص اصولوں پر مبنی ہوتی ہے۔
جسمانی تربیت ۔ لڑکوں کو صحت مند پاک صاف اور توانا بننے کے اصول
سمجھائے جاتے ہیں۔ انھیں بتایا جاتا ہے کہ کھلی ہوا میں رہنا مفید ہوتا ہے۔
اخلاقی تربیت - اسکاؤٹنگ کی تربیت حاصل کرنے کے لیے بچوں کو خود داری
مستقل مزاجی، سچائی، نیک چال چلن کی عادتیں ڈالنے کے لیے مختلف تحفے دے کر حوصلہ افزائی
کی جاتی
خدمت خلق ۔ ہر اسکاؤٹ کو یہ بتایا جاتا ہے کہ اس کی زندگی دوسروں کے
لیے وقف ہوئی چاہیے اور اس کو ہر روز کوئی نہ کوئی اچھا کام ضرور انجام دینا چاہیے ۔
اس کے لیے اسکاؤٹوں کو ابتدائی طبی امداد ر فرسٹ ایڈ ) آگ بجھانے ، چھوٹے بچوں
کو سڑک پار کرانے ، ضرورت پڑنے پر ٹریفک کنٹرول کرنے ، سیلاب ، طوفان میں گھرے
ہوئے افراد کی مدد کرنے ، پیغام رسانی ، مورچے یا خند میں تیار کرنے بھولے بھٹکوں کو
راہ دکھانے ، زلزلے سے مکانات کے ملبے میں دب جانے والوں کو نکالنے جیسے مختلف
مفید کاموں کی تربیت دی جاتی ہے ۔
معاشرتی تربیت ۔ معاشرے کو بہتر بنانے کے لیے جو کام ضروری ہوتے ہیں ان
کی اور مختلف مہروں کی تربیت دی جاتی ہے۔
اسکاؤٹ تحریک جہاں بچوں کو ملک و ملت کے لیے ایک بہترین شہری بناتی ہے وہاں
ان کو محنتی بھی بناتی ہے ۔ اس طرح ان کو اس قابل بنا دیتی ہے کہ وہ زندگی کے علمی اور عملی
پہلو میں کام یابی حاصل کر سکیں ۔ اسکا ڈٹ اپنے ملک قوم اور جان داروں کی خدمت
اپنا فرض اور نصب العین سمجھ کر کرتا
ہے اور اس کام کے لیے وہ کسی قسم کے معاوضے کا طلب گار
نہیں ہوتا ہے۔ اسکا و تنگ تحریک کی تعلیم و تربت کو تین گروہوں یا درجوں میں تقسیم کیا جاتا
کے
ہے ۔ یہ تین گروپ عمروں کے لحاظ سے مندرجہ ذیل ہیں :-
(1) سات سال سے بار ا سال کی عمر تک کے تجھے کب کہلاتے ہیں ۔ جب سجیہ کنگ
کی تعلیم کے لیے آمادگی ظاہر کرتا ہے تو اسے سلوٹ
کر کے یہ اقرار کرتا ہوتا ہے کہ کب کہنا نا نا ہے
وہ اپنی من مانی نہیں کرتا ۔ کب اقرار کرتا ہے کہ وہ ملک وقوم کی طرف سے عائد ہونے والی
ذمہ داریوں کو پورا کرے گا اور آپس میں نہیں جھگڑے گا۔
(ب ) بارا سال کی عمر سے اٹھارا سال کی عمر کے لڑ کے اسکاؤٹ کہلاتے ہیں ۔
انھیں بھی کب بچے کی طرح عہد کرنا ہوتا ہے۔ یہ تین انگلیوں سے سلوٹ کرتے ہیں۔ ان کا
اقرار نامہ یہ ہے:
"" میں اپنے ملک کا اسکاؤٹ ہوں اور وعدہ کرتا ہوں کہ ملک و قوم کی جو خدمات
مجھ سے وابستہ ہیں انھیں انجام دوں گا اور اپنے ملک و قوم کا وفا دار ہوں گا
(ج ) تیسرا گروپ رووز کہلاتا ہے ۔ یہ گروپ اٹھارا سال کے بعد کی عمر کے
لڑکوں کا ہوتا ہے۔ ان کا عہد وہی ہوتا ہے جو اسکاؤٹ کرتے ہیں۔
اسکاؤٹ اپنے دامن میں صبح ہوتے ہی ایک گرہ باندھ لیتا ہے اور جب تک وہ
نیکی کا ایک کام نہ کرے اس گرہ کو نہیں کھولتا ۔ اس کے علاوہ جب کسی لڑکے کو
اسکاؤٹ برادری میں داخل کرنے کی رسم ادا کی جاتی ہے تو اس سے عہد لیا جاتا ہے کہ وہ
اپنے خدا، اپنے ملک اور حکومت کے مقرر کردہ فرائض میں کوتاہی نہ کرے گا ، وہ محتاجوں
اور حاجت مندوں کی حاجت پوری کرنے سے متحد نہ موڑے گا اور قواعد کی پابندی دل وجان سے
کرے گا ۔ اسکاوٹ کے سامنے حسب ذیل اصول ہوتے ہیں:۔
(1) سر اسکاوٹ اپنے خدا ، ملک ، حکومت ، افسر والدین ، آقا حتی کہ اپنے ماتحت اور
نوکر کا بھی وفادار ہوتا ہے۔
(۲) اسکاؤٹ کا یہ فرض ہوتا ہے کہ وہ کار آمد ثابت ہوا اور دوسروں کی مد بلا معاوضہ
کرے۔
(۳) اسکاؤٹ تمام بنی نوع انسان کا دوست اور ہمدرد ہوتا ہے اور دوسرے اسکاؤٹوں
کو مذہب وملت کا لحاظ کیے بغیر بھائی سمجھتا ہے۔
(۳) اسکاؤٹ خوش اخلاق ہوتا ہے۔
(۵) اسکاؤٹ جان داروں پر رحم کرتا ہے اور ان کو اپنا رفیق سمجھتا ہے ۔
(4) اسکاؤٹ اپنے والدین پٹرول لیڈر اور اسکاؤٹ مانٹر کا حکم کسی دلیل اور جیل و
حجت کے بغیر مانتا ہے۔
(۷) اسکاؤٹ قابل اعتماد ہوتا ہے ۔
(۸) اسکاؤٹ ہر مصیبت کا مردانہ وار مقابلہ کرتا ہے۔ کسی ناگہانی مصیبت سے ہراساں نہیں
ہوتا اور ہر حالت پر قناعت کرتا ہے۔
(۹) ہر اسکاؤٹ خیالات کے اعتبار سے پاکیزہ اور قول و عمل کا سچا ہوتا ہے۔
(۱۰) اسکاؤٹ کفایت شعار ہوتا ہے ۔",873
P3_1975_26,Naunehal,1975,Magazine,"ریٹھا ایک درخت کا پھل ہے ۔ چھالیہ کے برابر
یا اس سے کسی قدر چھوٹا ہوتا ہے۔ اس کا چھلکا
شکن دار (چھتری دار پیلا سیاہی مائل ہوتا ہے۔
توڑنے پراندر سے کنول گئے کے مانند کالے رنگ کی
گھٹلی نکلتی ہے اور اس کے اندر سے زردی مائل
سفید مینگ نکلتی ہے ۔
ریٹھے کا درخت زیادہ ترد کن اور ہمالیہ کے
معتدل علاقوں میں خود رو ہوتا ہے۔ خود رو اس کو
کہتے ہیں جو بویا نہیں جاتا بلکہ خود نخود اگ آتا ہے، البتہ
بمبئی ، لنکا اور بنگال کے بعض علاقوں میں اس کی کاشت بھی کی جاتی ہے۔ ضلع کانگڑہ اور جموں کے
علاقے میں عام ملتا ہے ۔ پنجاب کی عورتیں اس کی چھال سے دانت صاف کرتی ہیں۔ اس سے پائیوریا
نہیں ہوتا۔
ری تھا عجیب و غریب چیز ہے ۔ کوئی شخص صرف ایک ریٹھے کی تاثیر اور اس کے استعمال سے پوری
طرح واقف ہو جائے تو انسانی جسم کی بہت سی بیماریوں کا بخوبی علاج کر سکتا ہے اور اس کے بعض فوائد
ایسے ہیں کہ کوئی دوا اس کا مقابلہ نہیں کر سکتی۔ ایسی دوائیں اور بھی ہیں، لیکن لوگ صرف ایک ہی دوا پر
زیادہ وقت صرف کرنا پسند نہیں کرتے ۔ ریٹھا ہمارے ملک کا عام سستا اور نہایت آسانی سے
دست یاب ہو جانے والا پھل ہے۔ آئے دن کی عام بیماریوں میں نہایت کام یابی سے استعمال کیا
جا سکتا ہے۔
اس درخت کا پھل عام طور پر دواؤں میں کام آتا ہے ۔ ریٹھا کپڑوں اور سر کے بالوں کے
دھونے کے بھی کام آتا ہے۔ پانی میں پھل کے چھلکوں کو ملنے سے صابن جیسا بھاگ پیدا ہوتا
ہے۔ اس کے پھل کی تاثیر گرم و خشک ہے۔
ریٹھا مقوی ہونے کے ساتھ ساتھ زہروں کا تریاق بھی ہے۔ کہتے ہیں کہ یہ بیٹھے پر زہر بہت کم
اثر کرتا ہے۔ ریٹھا سانپ جیسے زہر یلے جانوں کے زہر کا تریاق ہے۔ ریٹھے کے چھلکے کا سفوف وماشے
پانی میں گھول کر پلانے سے قے اور دستوں کے ذریعے سانپ کے زہر کا اثر جاتا رہتا ہے۔ گر ضرورت
ہو تو دو گھنٹے بعد پھر پلائیں ۔ اگر سفوف تیار نہ ہو تو پیس کر چٹائیں یا پانی میں گھول کر پلائیں بعض
تیار نہ یا
لوگ صرف دورتی سفوف پانی میں گھول کر پلانے کو کافی سمجھتے ہیں۔ بچھو اور کن کھجور سے (ہرا ریائے)
کا زہر بھی اس کے پلانے اور کاٹی ہوئی جگہ پر لگانے سے دور ہو جاتا ہے اور در دو سوزش کو
فائدہ ہوتا ہے۔ مہینے اور دستوں میں بھی مفید ہے ۔ ایک یا دورتی استعمال کریں۔ بے ہوشی اور
عشی کی حالت میں ایک رتی باریک سفوف
کا غذ کی نلکی بنا کر ناک میں پھونک دیں ۔
ایک رتی باریک سفوف
کسی شربت میں ملا کر پلانے سے درد قولنج دور ہو جاتا ہے۔
مالی خولیا اور باؤ گولے (ہسٹیریا) کے مریضوں کو اس کا بخور (دھونی) بہت مفید ہوتا ہے۔
لتقوے میں بھی ریٹھے کا چھلے کا چھے تو لے لے کر چار تولے گڑ کے ساتھ کوٹ کر جنگلی بیر کے برابر
گولیاں بنائیں۔ روزانہ صبح و شام تھوڑا سا حلوہ کھلا کر اوپر سے ایک ایک گولی کھلائیں۔ اس کے
علاوہ ریٹھے کو پانی میں گھسیں اور جس طرف کی آنکھ بند ہو اس طرف کے نتھنے میں ٹپکائیں اور
برابر کئی روز تک ٹیکا تے رہیں ۔ ناک سے رطوبت بہہ کر آرام ہو جائے گا۔
رمیٹا بواسیر خونی اور بادی کے لیے بھی مفید دوا ہے۔ ریٹھے کا چھلکا اور رسوت دونوں
برابر وزن میں لے کر باریک پیسیں اور پانی میں گوندھ کر جنگی ہیر کے برابر گولیاں بنالیں۔ صبح کے
وقت نہار منھ ایک گولی ٹھنڈے پانی کے ساتھ کھائیں ۔ اس کے بعد مونگ کی دال
کی کھچڑ می خوب
گھی ڈال کر کھائیں۔
کنٹھ مالا کی سوجن اور سانپ کے ڈسنے کی جگہ پر ریٹھے کو سرکے میں پیس کر لگائیں ۔
چہرے کے داغ دھتے اور جہا سے اور جھائیاں ریٹھے کے چھلکے کو پانی میں پیس کر لگانے
سے دور ہو جاتی ہیں اور چہرہ نکھر
آتا ہے۔ ہر قسم کی خارش کی ریٹھا بہترین دوا ہے۔ ریٹھے کو مس کر
ولیاں بنالیں ۔ ایک گولی صبح شام کھائیں ۔
آدھا سیسی یعنی آدھے سر کا درد بھی ریٹھے کے استعمال سے دور ہو جاتا ہے۔ ریٹھے کو پانی
یں گھسیں پھر اس پانی کو ناک میں ٹپکائیں۔ ناک سے رطوبت ہے گی اور آدھا سیسی کا درد
جاتا رہے گا ۔ اگر در دبائیں طرف ہو تو دائیں نتھنے میں اور درد دائیں طرف ہو تو بائیں نتھنے
میں ٹپکائیں ۔ طلوع آفتاب سے قبل یہ عمل کریں ۔
ریٹھے کے چھلکے کے بھی تقریبا دو ہی فائدے ہیں جو ر بیٹھے کی چھال کے ہیں۔
ریٹھے کی چھال کا دور تی سفوف نصف رتی سقمونیا ملا کر کھلانے سے تھوڑے عرصے میں دست
آجاتا ہے۔
دمے کی حالت میں چھال کا سفوف کھلانے سے پھیپھڑوں سے بلغم خارج ہو کر سکون ہو
جاتا ہے۔ چھال کو جوش دے کر استعمال کرنے سے خون کی کمی دور ہو جاتی ہے۔ چھال کو پیس کر
آنکھوں میں لگانے سے دکھتی ہوئی آنکھ کو فائدہ ہوتا ہے۔ دورتی سفوف کو پانی کے ایک دو
گھونٹ سے نگل لیں ، آنتوں کے کیڑے ملاک ہو کر خارج ہو جائیں گے۔
ر میٹھے کی نسوار دے ، دردسر، مرگی اور باؤ گولے میں بھی مفید ہے۔ ریٹھے کا چھلکا اور سُرمہ
برابر وزن لے کر باریک کھرل کر کے رکھیں اور صبح ، شام آنکھوں میں لگائیں۔ ابتدائی موتیا بند،
جالا ، پھولا اور دھند کے لیے مفید ہے۔
ریٹھے کا پوست اور اس کے درخت کی چھال دونوں کا فائدہ یکساں ہے۔ اس کو چار رتی
سے لے کر ایک ماشے تک بلا خطر استعمال کر سکتے ہیں ۔ شہد میں ملا کر چٹانا بہتر ہوتا ہے۔
مغز تخم ریٹھا د ریٹھے کی مینگ) اعصاب و دماغ کو تقویت دیتا ہے۔ اس کے علاوہ بچوں کے
سوکھے کی بیماری کو دفع کرتا ہے۔ تین ریٹھوں کی بیٹنگ لے کر سیاہ بکری کے ہم تو لے دودھ میں کھول کر کے
۱۴ گولیاں بنائیں اور روزانہ ایک گولی بکری کے دودھ میں حل کرکے پلائیں۔
رینے سے سانپ بچھو بھاگ جاتے ہیں۔ اس کے لیے ریٹھے کے چھلکوں کو پانی میں پیس کر مکان میں
چھڑک دیں ۔
ان فوائد کے علاوہ ریٹھے کے اور بھی فائدے ہیں۔",1053
P3_1976_27,Naunehal,1976,Magazine,"بادل پانی کے بہت ہی تھے تھے قطرے ہوتے ہیں۔
جو مہوا میں سکے رہتے ہیں۔ اب سوال یہ پیدا ہوتا ہے کہ پانی
کے قطرے ہوا میں کیسے آئے؟
یہ تو ہم سب جاتے ہیں کہ پانی کو اگر گرم کیا جائے تو
وہ بھاپ بن کر اُڑنے لگتا ہے ۔ بالکل اسی طریقے سے بادل
بنتے ہیں۔ سمندر، جھیلوں اور چھوٹے چھوٹے گڑھوں کا پانی
سورج کی گرمی سے یا گرم ہوا کے ذریعے ننھے ننھے قطروں
کی شکل میں میں کو ہم بھاپ کہتے ہیں اُڑ جاتا ہے۔ یہ چھوٹے
چھوٹے قطرے اتنے ہلکے ہوتے ہیں کہ ہوا ان کا وزن
سنبھالے رہتی ہے ۔ اور یہ بادل کی شکل میں اڑتے پھرتے
ہیں۔ جب یہ سب قطرے ایک دوسرے میں پیوست ہو
جاتے ہیں تو ہوا ان کا بوجھ سنبھال نہیں سکتی اور یہ بارش کی
شکل میں زمین پر آجاتے ہیں۔ ان قطرات کی شکل
گول ہوتی ہے۔ زمین کے قریب یہی قطرے کہر کہلاتے
ہیں اور زمین سے دُور بادل۔
بادل کئی قسم کے ہوتے ہیں ۔
ابر غلولی: یہ روتی کے سفید سفید گالوں کی
مانند ہوتے ہیں۔ دُور سے آسمان پر برفانی پہاڑوں کی
مانند نظر آتے ہیں۔ یہ سطح سمندر سے تقریباً ایک میل دور
ہوتے ہیں گر جنا اور بجلی کی طرح کڑکن ان کی خصوصیات ہیں۔
ابر سنبلی یا کاکلی
یه سفیدی مائل ہوتے ہیں اور سب سے زیادہ بلند
ہوتے ہیں۔ آسمان پر سمندر کی طرح ان کی لہریں بن جاتی
ہیں۔ یہ برف کے سفید نوکیلے اور باریک ذرات کا مجموع
ہوتے ہیں۔
ابر طبقي
یہ رسے کم بلند بادل ہوتے ہیں اور تہ در تہ دکھائی
دیتے ہیں ۔ عام طور پر غروب آفتاب کے بعد نمودار ہوتے
ہیں اور سورج نکلنے سے پہلے پہلے غائب ہو جاتے ہیں سورج
نکلنے تک غائب نہ ہوں تو عموما بارش ہو جاتی ہے۔
ابر باراں : ہر بارش برسانے والے بادل کو
کہتے ہیں ۔ ایسے بادل عمو ٹا سیاہ رنگ کے ہوتے ہیں اور
لبسا اوقات پہاڑ کی طرح بھیانک نظر آتے ہیں۔
یہ بات اب ثابت ہو چکی ہے کہ گرمی میں بادلوں
کی اونچائی سردی کے موسم سے زیادہ ہوتی ہے۔ یہ
بھی دریافت کیا جا چکا ہے کہ ایک ہی قسم کے بادلوں کی
اونچائی دنیا کے مختلف حصوں میں مختلف ہوتی ہے۔ عموما
بادلوں کی بلندی تین ہزار فٹ سے لے کر تیس ہزار فیٹ
تک ہوتی ہے۔
بجلی
بھی بادلوں کے ساتھ ساتھ بلی کا حال معلوم ہونا بھی
ضروری ہے ۔ ہم اپنے گھر میں جو بجلی استعمال کرتے
ہیں وہ زیادہ سے زیادہ ڈھائی سو وولٹ کی ہوتی ہے۔
لیکن بادلوں میں آسانی سے کروڑوں وولٹ کا برقی
چارج پیدا ہو جاتا ہے۔ چوں کہ مثبت اور منفی بجلی کے درمیان
کشش پائی جاتی ہے ، اس لیے جب منفی اور مثبت چارج کے
بادل ایک دوسرے کے قریب آتے ہیں تو دونوں کے
درمیان ایک شعلہ لپکتا نظر آتا ہے جس کو بجلی کہتے ہیں۔
چوں کہ ہماری زمین ہر وقت منفی چارج پر رہتی
ہے، اس لیے کبھی کبھی مثبت چارج والے بادل اور ہماری
زمین کے درمیان بھی یہ شعلہ لپکتا ہے۔ جسے ہم کہتے یں فلاں
جگہ بجلی گری۔ اس شعلے میں زیادہ گرمی ہوتی ہے۔ جس
سے آس پاس کی ہوا تیزی سے پھیلتی ہے۔ اس کا اثر بر رست
آواز یا دھماکے کی شکل میں ظاہر ہوتا ہے۔ اسے بجلی کی
گروک“ کہتے ہیں ۔
آخر میں یہ بتادینا بھی ضروری ہے کہ گرج اور چمک
ایک ہی ساتھ ہم تک نہیں پہنچتے۔ اس میں کوئی شک نہیں
کہ گرج اور چمک دونوں ایک ہی ساتھ پیدا ہوتے ہیں
لیکن چوں کہ روشنی کی رفتار آواز کی رفتار سے زیادہ ہوتی
ہے، اس لیے روشنی پہلے پہنچ جاتی ہے اور آواز بعد میں۔",619
P3_1976_28,Naunehal,1976,Magazine,"دُنیا کا سب سے پرانا کھیل جسے فوجی کاموں کے لیے بھی استعمال کیا گیا
پتنگ تو سب ہی بچے اڑاتے ہیں ۔ تم نے بھی اڑایا ہوگا ۔ خود نہ اُڑایا ہوگا تو اپنے
دوستوں کو اُڑاتے ہوئے ضرور دیکھا ہوگا۔ جب نیلے پیلے ، سرخ ، دھانی اور رنگ برنگے پینگ
ہوا میں لہراتے اور بل کھاتے ہیں تو کتنے بھلے معلوم ہوتے ہیں۔ بچے تو بچے ، اکثر جوان اور
بوڑھے بھی اپنا سب کام کاج چھوڑ کر پتنگوں کو دیکھنے میں محو ہو جاتے ہیں ۔ ہمارے ملک
میں پتنگوں کا ایک خاص موسم آتا ہے ۔ اس زمانے میں جس بچے کو دیکھو اس کے ہاتھ میں
میٹنگ نظر آتا ہے۔ کوئی پینگ کے کنے باندھ رہا ہے، تو کوئی اپنی پھٹی ہوئی پیلینگ پر
بچے ہوئے چاولوں یالنی سے کاغذ چپکا رہا ہے ، کوئی چرخی پر ڈور لپیٹ رہا ہے اور کوئی
مانجھا سوت رہا ہے۔ کچھ لوگ جن میں بوڑھے اور بچتے سبھی شامل ہیں لہراتے ہوئے سینگوں
پر نظریں جمائے کھڑے ہیں کہ کب کوئی پتنگ کئے ، اور یہ مینگ یا اس کا ڈور ٹوٹنے کے
لیے دوڑیں۔ اس طرح پتنگ کوٹنے کے شوق میں اکثر بچے کسی حادثے کا شکار بھی ہو
جاتے ہیں۔ چوٹیں لگتی ہیں، زخم آتے ہیں۔ اسی لیے بزرگ، بچوں کو پتنگ اُڑانے سے
منع کرتے ہیں۔ بعض دفعہ تو حکومت کی طرف سے پابندی لگائی جاتی ہے ، لیکن اس
با میں
کے با وجود ہر سال ایک خاص موسم میں پتنگوں کا زور ہو جاتا ہے۔ پاکستان کے دوسرے بڑے
شہر لاہور میں تو ہر سال ایک دن پتنگوں اور پتنگ بازی کا باقاعدہ مقابلہ ہوتا ہے ۔ وہاں
اس روز ایک میلہ سا لگا ہوتا ہے۔
پتنگ اُڑانا یا پتنگ بازی ایک ایسا کھیل ہے جو دنیا کے ہر ملک میں ہوتا ہے ۔ پاکستان
اور ہندستان کے علاوہ یورپ اور امریکا کے بچے بھی بڑے شوق سے پتنگ اُڑاتے ہیں ۔
امریکا کا تو یہ حال ہے کہ وہاں دوسرے ممالک سے ٹینگ منگوائے جاتے ہیں۔ خود پاکستان سے تبھی
امریکا کے لیے پتنگ برآمد کیے جاتے ہیں۔ البتہ امریکا ، پاکستان اور مہندستان میں فرق یہ ہے
کہ امریکا میں بچے پتنگ اُڑاتے ہیں ، وہاں پتنگ لڑانے کا رواج نہیں ہے۔ کہتے ہیں
کہ ینگ لڑانے
کا کھیل صرف پاکستان اور ہندستان ہی میں بہت مقبول ہے۔ بہر حال پتنگ بازی دنیا کا شاید سب
سے پرانا کھیل ہے ۔
پتنگ بازی کے متعلق جب تحقیقات کی گئی تو پتا چلا کہ گزشتہ تین ہزار سال کی تاریخ میں
تو پتنگ بازی کا باقاعدہ پتا چلتا ہے۔ ممکن ہے کہ یہ اس سے پہلے بھی موجود ہو ۔ لیکن یقین کے
ساتھ یہ بتانا مشکل ہے کہ یہ کھیل کتنا پرانا ہے ؟ اسی طرح یہ پتا چلانا بھی مشکل ہے کہ دنیا میں
ب سے پہلا پتنگ کس نے اُڑایا تھا ۔ جن لوگوں نے پتنگ بازی کی تاریخ دریافت کرنے کی
کوشش کی تھی اُن کا خیال ہے کہ سب سے پہلے چین میں کسی شخص نے پتنگ اُڑایا ہوگا۔ اس شخص
کے متعلق ان تحقیقات کرنے والوں نے جو اندازے لگاتے ہیں وہ بھی خاصے دل چپ ہیں۔ ان
کا خیال ہے کہ سب سے پہلے کسی چینی نے درختوں کے سوکھے پتوں کو ہوا میں اُڑتے دیکھا ہوگا۔
ان پتوں کو دیکھ کر اس شخص نے سوچا ہوگا کہ جب یہ پتے ہوا میں اُڑ سکتے ہیں تو کوئی دوسری
ملکی چیز بھی ہوا میں اُڑ سکتی ہے ۔ اس زمانے میں چوں کہ چین کے رہنے والے تنکوں کی خوبصورت
سی ٹوپی پہنتے تھے اس لیے پتوں کو اُڑتا دیکھنے والے شخص نے اپنی تنکوں کی ٹوپی اُڑانے کی کوشش
کی ہوگی اور جب یہ تجربہ کامیاب ہو گیا ہو گا تو اس نے سوچا ہوگا کہ کسی اور چیز پر بھی اسے آزمایا جائے
چناں چہ اس نے بانسوں کی کھینچتیوں کے چوکھٹے پر کسی جانور کی کھال چڑھا کر اڑانے کی کوشش کی
ہوگی ۔ تو اس کا یہ تجربہ بھی کامیاب ہو گیا ہوگا ۔ بہر حال یہ سب اندازے ہیں ۔ یہ کوئی نہیں کہہ
سکتا کہ سب سے پہلا پتنگ کی طرح اُڑایا گیا ؟ البتہ پرانے زمانے کے مصریوں کے متعلق تو یہ بات
یقین سے معلوم ہو چکی ہے کہ وہ لوگ باقاعدہ پتنگ اُڑاتے تھے۔ اس زمانے کی جو نہ ہی تحریریں
صحیح سلامت باقی رہ گئی ہیں انھیں پڑھنے سے معلوم ہوتا ہے کہ پرانے زمانے کے مصریوں میں مینگ
اُڑانے کا رواج عام تھا ۔
آج کل تو ہم لوگ پتنگ صرف تفریح کے لیے اُڑاتے ہیں لیکن پرانے زمانے میں اسے بہت ہی اہم
کاموں کے لیے استعمال کیا جاتا تھا۔ مثلاً چین کے فوجی جنرل اپنے فوجی دستوں کو پیغام پہنچانے کے لیے
پتنگ استعمال کرتے تھے ۔ چین کے ایک فوجی جنرل نے تو ایک عجیب طریقہ اختیار کیا۔ اس نے اپنے
فوجیوں کو حکم دیا کہ رات کے وقت پتنگ اس طرح اُڑاتے جائیں کہ ڈور کے ساتھ بانس کی ایک
کھوکھلی نلکی بندھی ہوتی ہو ۔ اس طریقے سے پتنگ اُڑانے کا نتیجہ یہ ہوتا ہے کہ جب پتنگ ہوائیں
بلند ہوتی تو اوپر کی ہوا اس بانس کی نلکی سے گزرتی۔ اس طرح اس نلکی سے عجیب سی آواز نکلنے
گتی۔ رات کے اندھیرے کی وجہ سے پلنگ تو نظر نہ آتی صرف آواز سنائی دیتی جس سے دشمن کے
فوجیوں میں خوف و ہراس پھیل جاتا۔ اُس زمانے میں لوگ چوں کہ عجیب عجیب باتوں کو مانتے تھے،
بھوتوں ، چڑیلوں سے ڈرتے تھے اور بہت سے خداؤں کو مانتے تھے ، اس لیے وہ سمجھتے تھے کہ
آسمان میں خدا کی آواز گونج رہی ہے اور وہ ان سے ناراض ہے۔ اس طرح فوجی ڈر کر بھاگ
ہی اوروہ سے
جاتے تھے ۔
دنیا میں اس طرح نہ جانے کتنے عرصے تک پتنگ مختلف کاموں کے لیے استعمال ہوتے رہے
ہیں ۔ اس کے بعد پاکستان اور مہندستان کے علاقوں میں حکومت کرنے والے را جاؤں اور بادشاہوں
کے دور میں پتنگ بازی کو صرف کھیل کے طور پر اپنا لیا گیا۔ کہتے ہیں پرانے زمانے کی راج کماریوں اور
شہزادیوں نے پتنگ لڑانے کا کھیل ایجاد کیا۔ لوگوں کا خیال ہے کہ اس زمانے میں ہندو راجاؤں کی
لڑکیوں اور مسلمان شہزادیوں کو چوں کہ اپنے اپنے محلوں سے نکلنے کی اجازت نہیں ہوتی تھی، اس
لیے انھوں نے دل بہلانے کے لیے یہ انوکھی کھیل ایجاد کیا تھا۔ وہ اپنے محلوں کی چھتوں پر پڑھ
کر متینگ لڑائیں اور اپنا جی بہلائیں ۔
پتنگوں سے دنیا میں بعض اہم کام بھی لیے گیے ہیں ۔ مثلاً ۲ ۱۷۵ء میں بنجامن فرمیکن نے
پتنگ کے ذریعے سے ایک قیمتی تجربہ کیا تھا۔ اس نے باریک ریشمی کپڑے اور موٹے تاروں کی
مدد سے ایک پتنگ بنایا ۔ اُسے اُڑانے کے لیے اُس نے ڈور کے بجائے ایک بار یک تانبے کا
تار استعمال کیا جس جگہ یہ تار ختم ہوتا تھا وہاں اس نے ایک حیابی باندھ دی جانی کی دوسری
طرف عام ڈور کھتی۔ پھر ایک دن جب تیز بارش ہونے والی تھی ۔ آسمان پر گہرے بادل چھائے ہوئے
تھے اور بار بار بجلی بڑے زور سے چمک رہی تھی۔ ہلکی یکی بو ندا باندی تو ہو سہی رہی تھی، بنجامن فرینکین
نے اپنا پتنگ ہوا میں بلند کیا ۔ جب پلنگ خاصا اور پہنچ گیا اور تار کے آخری حصے میں بندھی ہوتی
چابی بھی اس کے ہاتھ سے کافی دور پہنچ گئی تو اس نے جاتی کے نیچے تازہ گھاس کی بھیگی ہوئی
پیشیاں ڈال دیں۔ اسی وقت آسمان پر بڑے زور کی بجلی چمکی اور ڈور کے میرے پر بندھی ہوئی چابی
ی مخفی چنگاریاں نکلنے لگیں۔ نیچے رکھی ہوئی گھاس کی پتیوں پر جب یہ چنگاریاں پڑیں تو یہ
پتیاں اچھلنے لگیں۔ اس تجربے سے بنجامن فریکن یہ ثابت کرنا چاہتا تھا کہ برسات کے دنوں میں
تم جو اچانک روشنی سی چمکتی ہوئی دیکھتے ہیں وہ دراصل بجلی ہوتی ہے، اس میں بجلی کی تمام
خصوصیات ہوتی ہیں۔ اسے ایک جگہ سے دوسری جگہ منتقل کیا جا سکتا ہے ۔
یہ تو پتنگ کے ذریعے ایک سائنسی تجربے کی بات تھی ۔ اس کے علاوہ امریکا کے فوجی
منزلوں نے بھی پتنگ کو فوجی مقاصد کے لیے استعمال کیا ہے، لیکن انھوں نے پرانے چینی سپالا روں
کی طرح پتنگ کے ذریعے دشمن کو یہ یقین نہیں دلایا کہ کوئی غیبی طاقت انھیں ختم کرنے کے لیے آرہی
ہے۔ یہ دراصل اُس زمانے کا ذکر ہے جب امریکا میں خانہ جنگی ہو رہی تھی ۔ اس زمانے میں
ایک امریکی جنرل نے دشمن کی فوجوں تک اپنے پمفلٹ اور اشتہار پہنچانے کے لیے پتنگ استعمال
کیے تھے ۔ وہ پتنگوں کے ساتھ اپنے پمفلٹ باندھ دیتا جو دشمن کے کیمپ میں جا گرتے ۔
اس طرح اس امریکی جنرل نے پتنگیں اپنے دشمن میں مایوسی اور جنگ سے نفرت پھیلانے کے
لیے استعمال کی تھیں ۔
آج کل پتنگ صرف تفریح کا ذریعہ رہ گئے ہیں۔ گویا یوں سمجھ لو کہ پاکستان اور
ہندستان کے لوگوں نے مینگوں کا جو مقصد تلاش کیا تھا آج ساری دنیا اسی کو اپنائے
ہوتے ہے ۔ اب امریکا وغیرہ میں نئی نئی شکلوں کے پتنگ تیار کیے جا رہے ہیں میتلا، امرکی
جھنڈے ، متلی اور اُڑنے والے اثر د ہے کی شکل کے پتنگ بنائے جانے لگے ہیں ۔
لیکن سچی بات تو یہ ہے کہ یہ نئی نئی شکلوں کے پتنگ بنا کر اُڑانا بھی اسی بر صغیر
یعنی پاکستان اور ہندستان کی نقل ہے، کیوں کہ اِن دونوں ملکوں میں آج سے بہت
پہلے اس قسم کے پتنگ بنائے جانے لگے تھے ۔ ان دونوں ملکوں میں جو خاص قسم کے
پتنگ بنتے تھے اُن میں اُڑنے والی عورت ، اُڑنے والا سانپ ، اُڑنے والا مینڈک
اُڑنے والی بڑی تلی یا اڑتی ہوئی قندیل اور ہوائی جہاز نما پتنگ بہت عام تھے۔ ان کا طریقہ
یہ ہوتا کہ لوگ مضبوط، لیکن رنگ برنگے کاغذ، بانس کی کھینچیوں اور گوند سے ایک بڑی سی
گڑیا بناتے ، گڑیا کے سر پر باریک کالے رنگ کے ریشمی دھاگے کے بال چپکا دیتے ،
پھر جب اسے کھلے میدان میں پہنچ کر اُڑایا جاتا تو ہوا میں اُس گڑیا کے بال لہرانے لگتے۔
یہ گڑیا جب کافی اوپر ہو جاتی تو بالکل ایسا معلوم ہوتا جیسے کوئی عورت اُڑ رہی ہو۔
اسی طرح جانوروں کی شکلوں کے تینگ بھی بنائے جاتے ۔ قندیل اُڑانے کا طریقہ یہ تھا کہ
ایک بڑا سا پتنگ بنایا جاتا اور برق کی ایک قندیل علاحدہ بنائی جاتی۔ ابرق ایک شفاف
دھات ہوتی ہے جو زمین سے برآمد ہوتی ہے۔ اس کے باریک باریک پرت ہوتے ہیں
بالکل کا غذ کی طرح، پر توں یا ورقوں کو ہاتھ پر رکھ کر ملو تو یہ بالکل چورا چورا ہو جاتے ہیں۔
ٹوٹنے کے بعد ابرق ایک چمک دار سفوف ریاؤؤں کی شکل اختیار کر لیتی ہے ۔ آج سے
تقریباً ۲۰ - ۲۵ برس پہلے تک عورتیں اپنے دو بیٹے وغیرہ رنگتے وقت اسے باریک کرکے
رنگ میں ملا لیا کرتی تھیں، پھر جب اس رنگ میں رنگا ہوا د ویر سوکھ جاتا تو بالکل ایسا معلوم
ہوتا جیسے دوپٹے پر بالکل ننھے منے سے ستارے چمک رہے ہوں ۔ اسی طرح باریک ململ کے
کرتوں کو بھی ابرق ملا کر کلف دیا جاتا تھا۔ یہ دھات چوں کہ بہت ہلکی ہوتی ہے، اس لیے
اس کے ورقوں سے بنائی ہوئی قندیل کا بوجھ بتینگ آسانی سے برداشت کر لیتے تھے۔ یہ
قندیلیں رات کے وقت اُڑائی جاتیں۔ اُڑانے سے پہلے ان قندیلوں کے اندر ایک چھوٹی
سی موم بتی جلادی جاتی۔ پھر جب پتنگ ہوا میں بلند ہوتا تو قندیل کے اندر رکھی ہوئی
موم بتی کی روشنی بڑی دُور سے نظر آتی ، ایسا معلوم ہوتا جیسے کوئی تارا آسمان سے اتر
کر زمین کے بالکل قریب چلا آیا ہے۔
اب امریکا میں، اُڑتے ہوئے اثر د ہے کی شکل کا جو پتنگ پایا جاتا ہے وہ تقریباً
11 فیٹ لمبا ہوتا ہے۔ امریکا کی ایک خاتون اُڑتے ہوئے اثر رہا بنانے کے سلسلے میں
خاصی مشہور ہیں ۔ اب تو امریکا میں پتنگ اُڑانے کے باقاعدہ مقابلے منعقد ہونے لگے ہیں۔
سب سے زیادہ بلندی پر پتنگ اُڑانے والے اور سب سے بڑی پتنگ اُڑانے والے کو ہر
سال انعامات دیے جاتے ہیں۔ دنیا بھر میں عالمی انعامات حاصل کرنے والوں کے متعلق جو
کتاب شائع ہوتی ہے اس میں لکھا ہے کہ اب تک سب سے زیادہ بلندی تک پتنگ
پہنچانے والے کا انغام گیری باقی اسکول امریکا کے دس لڑکوں کو ملا ہے۔ جنھوں نے انتہائی
بلندی تک پتنگ اڑانے کا ریکارڈ قائم کیا تھا ، کہتے ہیں کہ ان کا پتنگ ۳,۵۳۰ فیٹ کی بندی
تک پہنچ گیا تھا۔ اس قسم کے مقابلوں میں حصہ لینے کے لیے امریکا میں بعض لوگ تو سال سال
بھر مشق کرتے رہتے ہیں۔ بالکل اُسی طرح جیسے بڑے بین الا قوامی کھیلوں میں شریک ہونے
والے کھلاڑی مشق کرتے ہیں۔ پتنگ اُڑانے کے اس مقابلے کے علاوہ اب امریکا کے
لوگ انھیں دوسرے کاموں میں بھی استعمال کرنے لگے ہیں، مثلاً مچھلی کے شکار کے لیے چنگ
سے مچھلی کا کانٹا باندھ کر کافی فاصلے پر چھوڑا جا سکتا ہے۔",2157
P3_1977_29,Naunehal,1977,Magazine,"ربیع الاول کے مہینے میں ہمارے بنی دنیا
میں تشریف لائے ۔ آپ کی پیدائش سے قبل تمام
دنیا جہالت کے اندھیروں میں ڈوبی ہوئی تھی اور
خاص کر صحرائے عرب کی حالت انتہائی خراب
تھی۔ یہ وہ زمانہ تھا جب عرب میں بت پرستی
کا رواج عام تھا۔ ہر قبیلے کا بت الگ ہوتا تھا۔
اس طرح خانہ کعبہ میں تقریبا ۳۰۰ بت رکھے ہوتے تھے
اور وہ پتھر کے ان بے جان بتوں سے منتیں
اور مرادیں مانگتے تھے ۔ گھوڑ دوڑا اور جوے کو
معمولی بات سمجھتے تھے۔ حتی کہ اپنی عورتوں کو
بھی مجوسے پر لگا دیتے اور شراب عام تھی۔ اللہ
تعالیٰ نے ہمیشہ ایسے برے وقتوں میں اپنے
نبی اور پیغمبر دنیا میں بھیجے تا کہ وہ دنیا سے
برائیوں کو دور کریں ۔ اسی طرح اللہ تعالے نے
نبی کریم صلی اللہ علیہ وسلم کو دنیا میں بھیجا، تا کہ
وہ بڑائیوں کو ختم کریں اور نیکیوں کو پھیلائیں۔
ہمارے رسول عرب کے ایک معزز گھرانے
قریش میں پیدا ہوتے ۔ آپ کا نام محمد رکھا
گیا۔ آپ کے والد عبداللہ کا انتقال آپ کی
ولادت سے پہلے ہی ہو چکا تھا ۔ والدہ صاحبہ
بی بی آمنہ کا انتقال ہوا تو آپ کی عمر صرف
چھ سال تھی۔ والدین کے انتقال کے بعد آت
کے دادا عبدالمطلب نے آپ کی پرورش کی مگر
جب وہ بھی رحلت فرما گئے تو آئیے کی دیکھے
بھال آپ کے چھا ابو طالب نے کی ۔
آپ بچپن ہی سے بہت نیک تھے کبھی جھوٹ
نہیں بولتے تھے۔ اسی وجہ سے سارے عرب آپ
کو امین کہتے تھے۔ لوگوں کو آپ پر اتنا اعتبار تھا
کہ وہ اپنی امانتیں رکھا جاتے تھے ۔ جب آپ جوان
ہوئے تو عرب کے دستور کے مطابق تجارت شروع
کی۔ آپ کی سجائی اور دیانت داری کی وجہ سے
آپ کا نام عزت سے لیا جانے لگا۔ یہ بات جب
حضرت خدیجیم کو معلوم ہوئی تو انھوں نے اپنا
کار بار آن حضرت کے سپرد کر دیا اور نکاح کی
درخواست کی جس کو آپ نے قبول فرما لیا۔
آپ کو چالیس سال
کی عمر میں نبوت ملی۔ جس
غار میں آپ عبادت کیا کرتے تھے وہیں حضرت
جبرئیل علیہ السلام وحی لے کر آئے اور آپ
نے اللہ تعالٰی کے حکم کے مطابق اسلام کی تبلیغ
شروع کر دی ۔ آپ نے لوگوں کو بتایا کہ اللہ
ایک ہے، میں اس کا رسول ہوں ۔ اللہ کے سوار
کسی اور کی عبادت ناجائز ہے۔ سب انسان
آپس میں برابر ہیں ۔ جوا، شراب اور سود حرام
ہے ۔ یہ تمام چیزیں چوں کہ عربوں کے پرانے مذہب
اور رسم و رواج کے خلاف تھیں اس لیے آپ کو
سخت تکلیفیں دی گئیں ، یہاں تک کہ آپ اپنے ہی
خون میں نہا گئے ۔ مکہ والوں نے ظلم کی انتہا کردی۔
آپ اور آپ پر ایمان لانے والوں کا بائیکاٹ کر کے
ایک گھاٹی میں محصور کر دیا گیا مگر آئے کے استقلال
میں ذرہ برابر لرزش نہیں ہوئی ۔
کفار مکہ نے
آپ کو اتنا تنگ کیا کہ مجبوراً آپ کو ہجرت کر کے
مدینہ جانا پڑا۔ وہاں پر بھی آپ نے تبلیغ اسلام
جاری رکھی اس پر کفار مکہ نے جنگ کرنے کا فیصلہ
کر لیا۔ اسلام اور کفر کی پہلی جنگ بدر کے مقام
پر ہوئی۔ یہ کشی عجیب بات ہے کہ تین سو تیرہ (۱۳)
ہتے اور بے سرو سامان مسلمانوں پر ایک ہزار
سے زاید مسلح کفار نے حملہ کر دیا تھا، لیکن خدا
کی تائید اور ایمان کے جذبے نے مسلمانوں کو فتح
نصیب کی۔ اس کے بعد جنگوں کا ایک سلسلہ قائم
ہو گیا یہاں تک کہ مسلمانوں نے مکہ فتح کر لیا۔ مکہ فتح
کر لینے کے بعد کسی مسلمان نے کسی کو ٹوٹا اور نہ
قتل کیا۔ کسی پر ظلم نہیں ہوا، حالاں کہ یہی وہ اہل مکہ
تھے جنھوں نے مسلمانوں پر زندگی تنگ کر رکھی تھی۔
اور مسلمانوں کو ختم کر دینے میں کوئی کسر نہیں چھوڑی
تھی۔ اس کے باوجود ہمارے رسول صلی اللہ علیہ و
سلم نے تمام اہل مکہ کی آپس کی دشمنیاں ختم کردیں
پرانی عداوتیں بھگا دی گئیں اور سب مسلمان ""
آپس میں بھائی بھائی بن گئے۔",685
P3_1978_30,Naunehal,1978,Magazine,"رہتی دنیا تک پاکستان کے بانی حضرت قائد اعظمراہ
کے نام کے ساتھ ان کی ہمشیرہ مس فاطمہ جناح کا نام
بھی زندہ اور باقی رہے گا۔
قائد اعظم کی اس بہن نے
تحریک پاکستان کے دوران
اپنے عظیم بھائی کا جس
طرح ساتھ دیا اُسے مثالی قرار دیا جا سکتا ہے۔
یہ عظیم خاتون ۱۸۹۴ء میں یہ مقام کراچی پیدا
ہوئیں ۔ انھوں نے اپنی تعلیم مبیٹی میں حاصل کی ۔ اس
سے فارغ ہو کر وہ کلکتہ چلی گئیں۔ یہاں انھوں نے دانتوں
کے علاج میں ڈپلوما حاصل کیا۔
جب قائد اعظم ۱۹۲۰ ء میں لندن کی پہلی گول
میز کانفرنس میں شرکت کے لیے روانہ ہوئے تو محترمہ
مس فاطمہ جناح بھی ان کے ساتھ گئیں۔ انھوں نے اپنی
تمام زندگی پاکستان کی جدوجہد میں صرف کر دی۔ وہ اپنے
بھائی پر جان چھڑکتی تھیں ۔
بابائے قوم کی آنکھیں بند ہوئیں تو وہ گوشہ نشین
ہو گئیں لیکن پاکستان کے حالات کا بڑی گہرائی سے
مسلسل جائزہ لیتی رہیں۔ عید یوم آزادی اور ایسے ہی
دوسرے موقعوں پر ان کے پیغامات قوم کو روشنی دیتے
رہے ۔ آخر ایک وقت ایسا بھی آیا جب قوم کی قیادت
کے لیے انھیں اپنے گھر سے نکلنا پڑا۔ قوم نے انھیں سر
آنکھوں پر بٹھایا۔
محترمہ فاطمہ جناح نے کئی تعلیمی اور سماجی اداروں
کی سرپرستی بھی کی۔ کراچی میں لڑکیوں کا ایک کالج زخاتون
پاکستان آج بھی ان کی یاد دلاتا ہے۔ انھیں اپنے بھائی
کے علاوہ پاکستان سے بھی بہت محبت رہی وہ اس ملک
کو ایک عظیم طاقت دیکھنا چاہتی تھیں ۔ اب یہ ہم سب
کا فرض ہے کہ ان کی اس خواہش کو پورا کریں۔ اسی
سے ان کی روح خوش ہو گی۔ جولائی ۱۹۶۷ء میں وہ
اس دنیا سے کوچ کر گئیں۔ خدا انھیں مغفرت عطا
کرے۔",294
P3_1978_31,Naunehal,1978,Magazine,"کراچی ! جو پاکستان میں اپنی تمام دل فریمیوں
کے ساتھ ایک انفرادی اور اجتماعی خصوصیت رکھتا ہے۔
کراچی ! جو ہر رنگ ونسل کے لیے اپنا دامن
پھیلائے ہوئے ہے۔
ڈیڑھ سال قبل یہی کراچی میرے لیے اجنبی تھا۔
اب میں اس سے بے حد مانوس ہو گیا ہوں۔ اسے نہ
چاہتے ہوئے بھی بہت چاہتا ہوں۔ ڈیڑھ سال قبل میں
اپنے ماں باپ اور بہن بھائیوں کی دُعاؤں کا راشن سمیٹے
کراچی آگیا۔
کراچی کے لوگ چائے پانی کی جگہ پیتے ہیں کیوں
کہ کراچی میں پانی کی قلت ہے۔ یہاں بس پر سوار ہوتا
ہمالیہ کی چوٹی سر کرنے کے برابر ہے۔ بس کا چہرہ مبارک
پہروں دیکھنا نصیب نہیں ہوتا۔ اگر نظر آ بھی جائے تو
ایک جھلک دکھا کر غائب ہو جاتا ہے۔ آپ ہاتھ کھلتے
رہ جائیں گے۔ اور دل ہی دل میں خود کو کوسیں گے۔
اگر بس اتفاق سے رُک بھی گئی اور آپ بس کے پائیدان
پر دو انچ جگہ حاصل کرنے میں کام یاب ہو گئے تو اسی
کو حاصل زندگی سمجھے ۔ اور آیتہ الکرسی کا ورد کرتے
ہوئے منزل کی طرف راوں ہو جائیے۔ آپ کو سانس کے
ساتھ بس کا دھواں بھی کھانا پڑے گا۔ اور اگر کسی دن
قسمت بہت مہربان ہوئی تو آپ بس کے اندر بھی پہنچ جائیں
گے۔ آپ اندر جاتے ہی ایک آواز سنیں گے ، بابوجی اور
اندر آجائیے، ہمت کیجیے، بہادر بینے، آگے پانی نہیں ہے؟
آپ حیرانی سے چاروں طرف دیکھیں گے تو کنڈکٹر صاحب
دکھائی دیں گے جو خود بس کے ایک کونے سے بھینچ رہے
ہوں گے۔
کراچی کے چھوٹے چھوٹے بچے بہت حاضر جواب
واقع ہوئے ہیں۔ ایک دن مجھے مطلوبہ چیز بازار میں ڈھوڈے
نہیں مل رہی تھی۔ وہ چیز میں نے ایک کم سن بچے کے
ہاتھ میں دیکھی۔ میں نے بڑے پیار سے پوچھا منے یہ چیز
کہاں سے آپ کو ملی۔ لڑکے نے فورا جواب دیا ، ” انگلینڈ
سے ، مجھے اس جواب
کی توقع نہیں تھی۔ میں اپنا سا منھ
لے کر رہ گیا۔ سوچا! شاید یہ وٹامن اے اور ڈی سے بھر لوپر
غذاؤں کے استعمال کا نتیجہ ہے کہ اس شہر کے بچے اتنے
تیز اور طرار ہیں ۔
یہاں چھٹی کا دن جتنا خوب صورت ہوتا ہے
میرے خیال میں اور کہیں نہیں ہوتا۔ اس دن
کراچی باقی
ہے۔ نئے کپڑے پہنتی ہے۔ میک اپ کرتی ہے ۔ اور مشخص
میں پان
دبا کر درجن بھر بچوں کے ساتھ کلفٹن، ہل پارک
اور پڑیا گھر کی سیر کو نکلتی ہے۔ ہل پارک کی معطر فضا میں
ہری گھاس پر ٹانگیں پھیلائے ریکارڈ نگ سنتی ہے۔
ایک بات ہمیشہ یاد رکھئے۔ کراچی میں آپ فٹ پاتھ
پر چلنے کی کوشش نہ کریں۔ ورنہ آپ
کا ٹو کا ناقبرستان
ہوگا یا نصیب نے یاوری کی تو صرف جناح ہسپتال۔
اب آپ ہی بتائیں جس شہر میں اتنی ڈھیر ساری خوبیاں
ہوں میں کیوں نہ اُس سے پیار کروں۔",479
P3_1979_32,Naunehal,1979,Magazine,"جسم میں حرکت کیسے پیدا ہوتی ہے؟
جسم کو حرکت دینے کا کام عضلات پیچھے انجام دیتے ہیں۔ آپ کے جسم کی ۲۰۶ ہڈیوں میں
سے ہر بڑی عضلات سے ڈھکی ہوئی ہے۔ جسم کے ہر جھتے کی طرح عضلات بھی خلیات (خلی یاست
سے بنے ہوئے ہیں۔ اگرچہ جسم کے مختلف حصوں کے لیے مختلف قسموں اور مختلف شکلوں کے
عضلاتی خلیات ہوتے ہیں، لیکن تمام عضلاتی خلیات ایک ہی طرح کام کرتے ہیں ۔ تمام عضلات
کھینچ سکٹر اور سمٹ سکتے ہیں۔ جب وہ سکڑتے ہیں تو وہ کسی جاتے ہیں اور چھوٹے ہو جاتے ہیں
اس کے نتیجے میں ہڈی کھینچتی ہے اور حرکت کر سکتی ہے ۔
ریبہ کی طرح عضلات دھکا نہیں دے سکتے۔ وہ صرف کھینچ سکتے ہیں۔ کئی عضلات آپس میں
مل کر آپ
کو حرکت کرنے کے قابل بناتے ہیں۔ اپنے بازو کو موڑئیے اور پھیلائیے ۔ بعض عضلان
نے آپ کی کلائی کو اوپر کھینچا۔ دوسرے عضلات نے اس کو نیچے کھینچا۔ اب آپ سمجھ گئے ہوں گے کے
عضلات صرف کھینچ سکتے ہیں۔ وہ دھکا نہیں دے سکتے۔
بعض عضلات ہڈیوں کو حرکت دینے کے علاوہ دوسرے کام بھی کرتے ہیں ۔ مثال کے طور پر
آپ کے دل کے عضلات ہڈیوں کو حرکت دیے بغیر ایک بہت اہم خدمت انجام دیتے ہیں۔ وہ سارے
بدن میں خون کو دوڑاتے ہیں ۔
کیا آپ کو اپنے عضلات پر قابو حاصل ہے ؟
جب آپ
کوئی چیز، مثلاً گیند پھینکتے ہیں تو آپ وہ عضلات استعمال کرتے ہیں جن پر آپ کو
قابو یا اختیار حاصل ہے۔ ایسے عضلات کو اختیاری عضلات کہتے ہیں۔
آپ کے جسم میں غیر اختیاری عضلات بھی ہیں۔ ان پر آپ کو کوئی قابو نہیں ہے۔ جو
عضلات غذا کو ہضم کرنے میں مدد دیتے ہیں وہ غیر اختیاری عضلات ہیں ۔ آپ کو ان کا خیال بھی نہیں
آتا مگروہ اپنا کام کرتے رہتے ہیں۔ آپ کا دل بھی ایک ایسا ہی عضلہ ہے۔ دن رات ہر لمحہ یہ عضلہ یعنی
دل آپ کے سارے جسم میں خون پہنچاتارہتا ہے۔ دل ایک پمپ کا کام کرتا ہے۔ جس طرح پمپ
پانی کو ایک جگہ سے دوسری جگہ پہنچاتا ہے، اسی طرح دل خون کو جسم میں گروش
دیتا یا دوڑا تار بہتا ہے۔
کیا لڑکوں کے جسم میں لڑکیوں سے زیادہ عضلات ہوتے ہیں؟
شاید بعض لڑکے سوچتے ہوں کہ ان کے جسم کے عضلات لڑکیوں سے زیادہ ہیں، لیکن ایسا نہیں
ہے۔ لڑکے لڑکیوں سب کے جسم میں عضلات کی تعداد ایک ہی ہے، یعنی چھے سور ۱۶۰۰ سے زیادہ ۔
لیکن لڑکوں کے عضلات لڑکیوں کے عضلات کے مقابلے میں بڑے ہوتے ہیں۔ اس کا ایک
سبب یہ ہے کہ لڑکے اپنے عضلات کھیل وغیرہ میں زیادہ استعمال کرتے ہیں۔ اس لیے ان کے عضلات
بڑے اور سخت ہو جاتے ہیں۔
ایک اور سبب یہ ہے کہ جب لڑکے ۱۳، ۱۴ سال کی عمر کو پہنچتے ہیں تو ان کا جسم خاص قسم کے
کیمیائی اجزا بنانے لگتا ہے ۔ یہ اجزا ان کو مرد بنانے میں مدد دیتے ہیں۔ یہ کیمیائی اجزا ان کے
عضلاقی خلیات کو زیادہ تیزی سے اور زیادہ مضبوط بناتے ہیں ۔
جب آپ مسکراتے ہیں تو کیا ہوتا ہے؟
جب آپ مسکراتے ہیں تو ہر شخص آپ کو دیکھ کر سمجھ لیتا ہے کہ آپ خوش ہیں ۔ آپ کے
پہرے کے عضلات کو دیکھ کر سمجھا جا سکتا ہے کہ آپ خوش ہیں بار نجیدہ ، حیران پریشان ہیں
حواس باختہ ۔
جب آپ مسکراتے ہیں تو آپ کے بعض عضلات آپ کے دہانوں کو کھینچتے ہیں اور آپ کی کم
ہنچ جاتی ہیں۔ جب آپ غصے یا ناخوش ہوتے ہیں اور ناک بھوں چڑھاتے ہیں تو بعض دوسر۔
عضلات آپ کے چہرے کی شکل بدل دیتے ہیں۔",612
P3_1979_33,Naunehal,1979,Magazine,"پیٹ کا درد
یں، بھوک کم لگتی ہے۔ کھانا کھانے کے بعد پیٹ میں درد سار بتا ہے۔ علاج بتائیے ۔ طارق احد خان کراچی
: کھانا کھانے کا شرعی اور طبی اصول یہ ہے کہ جب تک خوب بھوک نہ لگے نہ کھائیں اور جب""
بوب ابھی باقی ہو کھانے سے ہاتھ کھینچ لیں ، یعنی ضرورت سے زیادہ نہ کھائیں۔ انسان جب ضرورت
سے زیادہ نہیں کھاتا اور وقت مقررہ پر کھاتا ہے تو ہضم کا نظام اچھا رہتا ہے۔ آپ کو چاہیے کہ
ورزش کا خیال رکھیں ۔ حرکت میں برکت ہے ۔ جب تک آپ ورزش نہیں کریں گے جسم بھرا
رہے گا اور معدے میں جو غذا ہے وہ کہاں جائے گی۔ جسم تو بھرا ہے ۔ ورزش سے آپ نے اُسے
چلا یا نہیں ہے۔ موٹر کار آپ چلا ئیں نہیں مگر ٹنکی میں پیروں بھرتے رہیں تو پٹرول کہاں جائے گا بھوک
کے لئے گی
تنگ سینه
س: عمره ۱ سال ۔ سینہ تنگ اور کم زور ہے۔ اسے مضبوط بنانے کے لیے آپ کے مشورے کا
محتاج ہوں۔
تحمید اللہ پیشاور - محمد اخلاق خاں، کراچی
ج : آپ نے یہ نہیں لکھا کہ آپ کے سینے کا ناپ کیا ہے۔ تا ہم اگر یہ کم ہے اور خلقی یعنی
کوئی پیدائشی کم زوری نہیں ہے تو یسنے کی مناسب ورزش سے سینہ چوڑا کیا جا سکتا ہے۔ ہمارے
ثقافتی ڈنٹر پیلتا اس کے لیے بہت اچھا ہے ۔ دو کرسیاں لیں ۔ ان کو آمنے سامنے رکھیں۔
دونوں کے درمیان فاصلے کا حساب آپ اپنے حالات کے مطابق رکھیے ۔ دونوں ہاتھ کہ سیوں پر
رکھ لیں اور ڈنٹرپیلیں ۔ یہ آسان اور اچھی ورزش ہے ۔ کہ یہاں نہ ہوں تو دو ایک سائنز کی موٹی
اینٹیں زمین پر رکھ کر بھی ڈنٹر پہلے جانتے ہیں۔
اس کے علاوہ صبح ہی صبح جب سورج نکل رہا ہو اس کے سامنے کھڑے ہو کر تازہ ہو
میں خوب گہرے سانس لیں۔ خوب گہرا سانس اندر لے کر ذرا دیر روکیں اور پھر پوری طرح
نکال دیں ۔ ۱۰-۱۵ یا اس سے زیادہ بار یہ ورزش کریں ۔
پانی کب ہیں
10.
س: کیا کھانے کے دوران
پانی کا پینا مضر صحت ہے ؟ پانی کب ہیں ؟
ارشد علی خان، حیدر آباد
ج : ہضم کا فعل بڑی لطیف رطوبات ہضم سے سمرا انجام پاتا ہے ۔ اگر کھانے کے دوران کثرت
پانی پی لیا جائے تو یہ ہاضم رطوبات کو اور اُن کی مخصوص
تیزا بیت کو کم کر دیتا ہے اور ہضم کے فواہی
خرابی پیدا ہو سکتی ہے ۔ کھانے کے دوران پانی پینا منع نہیں ہے اور نہ مضر، البتہ کثرت صیحیح نہیں۔
ایک انسانی جسم کی آبی حاجت یعنی پانی کی ضرورت آٹھ دس گلاس روزانہ ہوتی ہے ۔ موسم
کے اعتبار سے یہ کم و بیش ہوتی ہے۔ مثلاً گرمیوں میں دو ڈھائی سیر پانی تو پسینہ اور بخارات کی
صورت میں جسم سے نکل جاتا ہے۔ اس کو بہر حال پورا کرنا ہوتا ہے۔ پانی پینے کا اصول یہ ہے کہ جو
پیاس لگے ضرور پینا چاہیے۔
کی توقع ہے ؟
ذیا بیطس
س : ذیابیطس کیا ہے ؟ کیا یہ کم عمری میں بھی ہو سکتی ہے ۔ کسی احتیاط و علاج سے مکمل فائدے
شیخ محمد عابد حسین، فیصل آبا
ج : انسانی جسم میں ایک عضو ہے بانفراس - انگریزی میں اس کو پینکریاس کہتے ہیں۔ عام زبان میں
اسے لبلبہ کہا جاتا ہے ۔ یہ ننھا سا عضو کہ جو جگر کے پہلو میں رکھا ہے جسم میں شکر (جو جسم میں بازار
ہماری غذا اور نشاستہ سے بنتی ہے) کا توازن برقرار رکھتا ہے۔ جب با نفر اس میں کوئی نقص آجاتا ہے
خرابی بڑھ جاتی ہے تو پھر شکر جزو بدن نہیں ہوتی اور خون میں زیادہ ہو جاتی ہے اور پیشاب میں
بھی مل کر نکلنے لگتی ہے ۔ اس کو مرض ذیا بیطس کہتے ہیں ۔
ہاں یہ مرض موروثی بھی ہے اور بچوں کو بھی ہو سکتا ہے۔ اگر یہ موروثی اور پیدا نی ہے تو اس
کا علاج کوئی نہیں البتہ انسولین (کہ جو با نظر اس میں پیدا ہونے والی رطوبت با ضم کا نعم البدل ہے
ہمدرد نونہال ، ایریل ۶۱۹۷۹
کے توازن کو برقرار رکھا جاسکتا ہے اور غذائی احتیاط سے قابو میں رکھا جا سکتا ہے ۔
دایاں ہاتھ بایاں ہاتھ
دائیں ہاتھ میں بانہیں ہاتھ کے مقابلے میں زیادہ طاقت کیوں ہوتی ہے۔ بعض لوگوں کے
ہاتھ میں طاقت زیادہ اور دائیں میں کم ہوتی ہے ۔ وجہ ؟ محمد ظفر اقبال، طور و
انسان پیدائشی طور پر دونوں ہاتھوں سے یکساں کام کرنے کی صلاحیت رکھتا ہے۔ یہی وجہ
چھوٹا بچہ چیزوں کو پکڑنے اور کھیلنے میں دونوں ہاتھوں سے یکساں کام لیتا ہے لیکن آگے چل کر
ار کام کسی ایک ہاتھ سے کام کرنے کا رجحان پیدا ہو جاتا ہے ۔ اس رجحان کی وجہ سے زیادہ تر
اد میں ہاتھ سے کام کرتے ہیں۔ بہت کم لوگوں کے بائیں ہاتھ میں یہ صلاحیت زیادہ ہوتی
۔ جب ایک ہاتھ مسلسل حرکت کرتا اور مصروف رہتا ہے تو اس میں کارگردگی کی قوت بھی
ھنے لگتی ہے ۔ اس میں دوران خون بھی بڑھ جاتا ہے اور اس کے عضلات بھی قوی ہو جاتے ہیں ۔
کی وجہ سے اس کی قوت اور کام کرنے کی صلاحیت دوسرے ہاتھ کے مقابلے میں بڑھ جاتی ہے ۔
کی عمل کا نام ہے اور انسان وہی کچھ ہے جسے وہ کرتا ہے۔
پھوٹے پپوٹے
: سردیوں اور گرمیوں میں میری آنکھوں کا نچلا حصہ پھول جاتا ہے۔ کیوں ؟ اس کے علاج
طلع فرما ہے ۔
گل احمد ، کراچی
: ایسا اندازہ ہوتا ہے کہ آپ حسب ضرورت پانی نہیں پی رہے ہیں ۔ انسانی جسم کو پانی کی کافی
ضرورت ہوتی ہے۔ اس پر توجہ کریں ۔ ہو سکتا ہے کہ کسی وجہ سے جگر میں کوئی خرابی آگئی ہو۔
تازہ پود مینه ماشے اس کو پانی میں جوش دے کر چھان کہ بہار منو صبح پی لیا کریں ۔ احتیاطاً پیشاب
کانسٹ کرالینا چاہیے، کیوں کہ یہ بھی ہو سکتا ہے کہ گردوں میں کوئی کم زوری آگئی ہو ۔",1005
P3_1981_34,Naunehal,1981,Magazine,"اللہ تعالی نے مسلمانوں کو عدل کے ساتھ احسان کا بھی حکم فرمایا ہے "" ان اللہ یا مر
بالعدل و الاحسان نیز اللہ تعالیٰ کا وعدہ ہے کہ میری رحمت احسان کرنے والوں سے بالکل
قریب ہے ۔ جس مسلمان نے عدل کیا اُس نے بھی اپنا دین سنوار لیا، مگر احسان کچھ اور ہی
چیز ہے۔ عدل تو فرض ہے عدل نہیں کروگے تو گرفت ہوگی، لیکن احسان فرض نہیں ہے، اس
لیے اس کا ثواب بے حساب ہے۔
عدل فقط اسی کو نہ سمجھ لیجیے گا کہ حاکم کر سی عدالت پر بیٹھا ہے اور عدل کر رہا ہے،
نہیں عدل اور خلاف عدل ہم غیر حاکم لوگ بھی کرتے ہیں ۔ مثلاً تجارت میں ایمان داری برتنا
عدل ہے۔ کوئی تا جر جائز نفع ہے اور گاہکوں کو لوٹے نہیں اور گاہکوں کے ساتھ دھوکا بازی
نہ کرے تو یہ عدل ہے، اور احسان یہ ہے کہ خریدار ضرورت کی وجہ سے خوشی خوشی زیادہ قیمت
دینی چاہے اور تاجر زیادہ قیمت نہ ہے ۔ حضرت سری سقطی رحمتہ اللہ علیہ تجارت کیا کرتے
تھے۔ انھوں نے ایک دفعہ ساٹھ درہم کے بادام خریدے ۔ خریدتے ہی باداموں کا بھاؤ
ڈیوڑھا ہو گیا، لیکن حضرت سری سقطی نے توے درہم لینے قبول نہیں کیے اور فرمایا میں تو
پانچ روپے سیکڑہ سے زیادہ نفع نہیں لیتا، ساٹھ کے تریسٹھ لوں گا، توے نہیں لوں گا۔
حضرت محمد بن المنكد رحمتہ اللہ علیہ کی دکان میں مختلف قیمتوں کے کپڑے تھے۔ ان کی
عدم موجودگی میں کوئی تھان پانچ درہم والا دس درہم میں بک گیا۔ انھیں معلوم ہوا تو خریدار کو
ڈھونڈتے پھرے اور جب خریدار ملا تو اس سے کہا کہ پانچ درہم واپس لو یا دکان تک چلو
دس درہم والاتقان دوں گا۔
ایک قسم احسان کی یہ ہے کہ ضرورت مندوں سے ان کی چیز گراں قیمت پر خریدی جائے،
جیسے بیوہ عورتوں کا کا تا ہوا سوت یا اکثر غریب بچتے خوانچہ لگایا کرتے ہیں، انھیں زیادہ قیمت
دینا صدقہ دینے سے افضل ہے۔ مال دار تاجر سے لے چکا کر لی جائے اور غریب تاجر کو
البتہ زیادہ قیمت دے دی جائے۔
ایک قسم احسان کی یہ ہے کہ مال کسی کو قرض دے رکھا ہے، مگر تنگ دستی کی وجہ سے
قیمت نہیں ادا کر سکتا، اسے مہلت پر مہلت دینی چاہیے اور اس کے ساتھ سختی نہیں برتنی
چاہیے۔
ایک قسم احسان کی یہ ہے کہ مقروض ادائی قرض میں جلدی کرے اور قرض دینے والے کو
تقاضے کی تکلیف نہ دے۔ حدیث ہے کہ جو شخص ادا کرنے کی نیت سے قرض لیتا ہے، فرشتے
اس کے قرض کی ادائی کی دُعا مانگتے ہیں۔ اگر قرض دار قرض ادا کر سکتا ہے اور خواہ مخواہ
ادائی میں دیر لگاتا ہے تو وہ گناہ گار ہے، خواہ نمازیں پڑھتار ہے اور روزے رکھتا رہے۔
ادا کر سکنے کی صورت میں قرض ادا نہ کر سکتا ایسا گناہ ہے کہ جاگتے ہی میں نہیں سوتے ہیں
بھی اس پیرا اللہ کی لعنت برستی ہے ۔ قرض خواہ کو رضا مند رکھ کر قرض ادا کرنا چاہیے۔
ایک قسم احسان کی یہ ہے کہ جس سے معاملہ کیا ہے وہ معاملے کو اگر فتح کرنا چاہیے تو
حق پر ہونے کے باوجود محض فریق ثانی کی خاطر سے تنسیخ منظور کر لے ، جھگڑا نہ بڑھائے۔
ایک قسم احسان کی یہ ہے کہ غریبوں اور محتاجوں کو مال یہ سوچ کر دیا جائے کہ جب
تک وہ رقم ادا کرنے کے قابل نہیں ہو گا میں مال کی قیمت نہیں طلب کروں گا اور مقروض
مر جائے گا تو اسے معاف کر دوں گا، کہیں یاد داشت نہیں رکھوں گا تا کہ میرے ورثا اسے
نہ ستائیں ۔",607
P3_1981_35,Naunehal,1981,Magazine,"نقی محمد خان خور جوی نے اپنی خود نوشت سوانح عمری عمر رفتہ“ میں ایک جگہ زمانے کی
اہمیت کے بارے میں کیا خوب کہا ہے کہ
زمانہ ایک آبشار ہے، جو آہستگی سے پیروں کے نیچے سے گزر جاتا ہے۔ واقعات خواب
و خیال ہو جاتے ہیں۔ ماحول زمانے کے ساتھ تبدیل ہوا کرتے ہیں۔ معاشرت بدلا کرتی ہے۔
طبیعتوں میں انقلاب رونما ہوتے ہیں۔ زمانہ حال ماضی کو یاد کرتا ہے ۔
کسی گم نام ادیب نے کتنی سچی بات کہی ہے:
وقت وہ چیز ہے جو آنے نہیں پاتا کہ گزر جاتا ہے یہ مطلب یہ ہے کہ وقت کی قدر کیا
کردو ۔ ادھر ادھر کی فضول باتوں میں وقت خراب کرنا در حقیقت انسانی غفلت ہے اور اپنی زندگی
کو خود ہی غارت کر دینا ہے۔
دیکھیے ایک وقت شناس کہتا ہے کہ :
وقت نہایت قیمتی چیز ہے ، جو وقت کو استعمال کرے گا، وہ جیتے گا اور جو ضائع کرے
گا، وہ ہارے گا نیا اس قول کو لکھنے سے میرے دل میں یہ خیال آتا ہے کہ در حقیقت وقت تو
زندگی ہے۔ جس نے وقت کی قدر نہ جانی اُس نے تو اپنے آپ کو ضائع کر دیا اور خود ہی اس
قسم کے سامان پیدا کیے کہ اپنے لیے حسرت اور دوسروں کے واسطے نمونہ عبرت بنا۔ وقت کی
یہ قدر و قیمت ہے کہ گزر جائے تو پھر
کبھی واپس نہیں آتا، لیکن افسوس انسانی فطرت اور آدمی
کی قسمت پر کہ وہ وقت سے زیادہ کسی اور شے کو اتنی بے دردی سے برباد نہیں کرتا جتنا
وقت کو ۔ کاش! ہماری قوم خصوصاً ہو نہار بچے اور ہر عمر اور جماعت کے طلبہ وطالبات وقت
کی قدر کو سمجھیں اور وقت کے صحیح استعمال کو سیکھیں! در حقیقت پاکستانی طلبہ ہماری ملت
کا اصل سرمایہ ہیں اور ملک و قوم کا مستقبل نئی نسل کے ہاتھوں میں ہے۔
قریب قریب دنیا کے ہر ادب میں زمانے اور وقت کی قدر و قیمت کے موضوع پر
اظہار خیال موجود ہے جس کا خلاصہ یہ ہے کہ اسے غافل شخص: وقت کے گزرنے کا احساس
کر زمانہ بہت تیزی سے گزر جاتا ہے۔ وقت سرا ایک سا نہیں رہتا، کیوں کہ وقت بھی
ہوا اور دولت کی طرح بدلتا رہتا ہے۔ وقت تو ہے ہی اس کا نام کہ آئے اور گزر جائے،
لیکن عقل مند کے لیے اس میں بڑا سبق ہے اور بے وقوف کے لیے عبرت بلکہ ندامت اگر
زمانہ اچھا گزرے تو سمجھ لو زندگی کام یاب اور اچھی بسر ہوئی ورنہ عمر برباد ہوئی۔ واقعی وقت
زندگی ہے اور اچھی زندگی بسر کرنا بھی ایک فن ہے۔
زمانے نے آج تک کسی کا انتظار نہ کیا۔ زمانے کا چکر چلتا ہی رہتا ہے۔ زمانہ آتا
ہے اور چلا جاتا ہے۔ اس کا اصطلاح میں دوسرا نام ماضی، حال اور مستقبل ہے۔ اہل
بصیرت کے لیے زمانے کے متعلق یہ رائے ہے کہ جو کچھ بھی کرنا ہے، جلدی کر لو۔
فرصت کو غنیمت سمجھو۔ وقت کو دولت سمجھو، وقت کو غارت منت کرد جوانی کا صحیح استعمال
کو
یہ ہے کہ زندگی بنالو۔
انسانی زندگی واقعی بڑی مختصر ہے، اس لیے وقت کا درست استعمال ہی سمجھ داری
کی بات ہے اور روشن مستقبل کی ضمانت بھی۔ محنت کی عظمت اور امید پر یقین رکھنا
بھی ضروری ہے۔ معاشرے میں ہر فرد کے لیے دنیا و عاقبت کو سنوارنے کا بہترین دور
جوائی ہے ، اس لیے عیش و عشرت یعنی بڑی باتوں اور خراب آدمیوں سے پر ہیز ضروری
ہے۔ اسی میں انسان خاص کر نئی پود کی بھلائی ہے۔ ہر بچے اور طالب علم کو چاہیے کہ
وہ بڑے آدمی کی محفل اور بڑی کتاب، اخبار یا رسالے کے مطالعے سے بھی پرہیز کرے
یاد رکھو! بڑے آدمی کی طرح بڑی کتاب بھی انسان کے اخلاق اور مزاج کو بہت نقصان
پہنچاتی ہے اور وقت کے ساتھ ذہن و کردار الگ تباہ ہو جاتا ہے ۔ ایک بڑے آدمی کو
قول ہے:
وقت ہی سب کچھ ہے ۔
ایک مصنف اس بات کو یوں ادا کرتا ہے:
زندگی کا ہر ایک دن تمھاری تاریخ کا درقی ہے۔ وقت خدا کی امانت ہے۔ جس کا ایک
محہ بھی ضائع کرنا مجرمانہ خیانت ہے یا
ایک انگریز شاعر وقت کی اہمیت کا احساس ان لفظوں میں دلاتا ہے:
گزشتہ وقت کو تو واپس نہیں بلا سکتا۔ آئندہ وقت کا آنا ہر گز یقینی نہیں ہے صرف
موجودہ وقت تیری دسترس میں ہے۔ لہذا موجودہ ساعت میں جو کچھ کرتا ہے کہ لے یا
واقعی وہ شخص کس قدر غافل ہے جو اپنے شب و روز برباد کرتا ہے اور کس قدر
بد قسمت ہے وہ آدمی جو وقت دنیا کے بیدار ہونے کا ہوتا ہے وہ اس کے سو جانے کا بن
جائے۔ ایسا شخص اُن مسرتوں سے بھی محروم رہتا ہے جو قدرت نے ہر خاص و عام کے لیے
حالت بیداری میں ہی مخصوص کر دی ہیں۔",806
P3_1980_36,Zaban o Adab,1980,Magazine,"ارد و طباعت کی اصلاح کے سلسلے میں کم وبیش سو سال
سے غور کیا جارہا ہے لیکن آج تک کوئی خاطر خواہ نتیجہ نہیں نکلا ۔ جدید
تحقیق کے مطابق اُردو کی پہلی کتاب ہے اور میں سری رام پور سے
شائع ہوئی تھی جو کہ بائیک کا اُردو ترجمہ تھا اس کی اشاعت کے وقت
جود واریاں پیش آئی ہوں گی۔ آج بھی ہم اس طرح کی دشواریوں کا شکار
ہیں۔ اس طرح طباعت کی اس دشواری کو دو سو برس سے زیادہ ہو گئے۔
گذشتہ پچاس سال میں اسی سلسلے میں بہت سے تجربے ہوئے لیکن ان
تمام تجربوں میں کسی کو کامیاب اس لئے نہیں کہا جا سکتا کہ وہ اردو
کے حلقوں میں مقبول نہیں ہوئے ۔ اس کا بنیادی سبب ایک طرف
نستعلیق رسم خط کی دیدہ ذہبی ، حسن اور خوبصورتی ہے اور دوسری
حرف اردو اخبار در رسائل اور کتابوں کی تعداد طباعت کی تھی ۔
دنیا کی تمام زبانیں کسی کسی مرحلے پر ان دشواریوں سے
گذری ہیں لیکن ایک مدت
کی کوشش اور تجرتوں کے بعد سب نے
اپنی ضرورتوں کے مطابق ان کا حل تلاش کر لیا ۔ وہ خواہ رومن رسم خط
ہو یا چینی، ترکی، عربی یا فارسی لیکن اردو آن یک بحث و مباحثے اور
تجربے کی منزل میں ہے گو کہ اردو کے سٹائل کم رہیش فارسی سے ملتے
جلتے ہیں اور اُردو والے یہ آسانی فارسی کے تجربوں سے فائدہ
اٹھا سکتے تھے۔
اس بات
کی تفصیل میں جانے کی ضرورت نہیں ہے کہ
تقدیم طرز تحریر میں انھویں صدی سے پہلے خط مث ، خط نسج ، خطر تاع
اور خط توقیع با السموم استعمال ہوتے تھے اور پہلی بار فارسی کی ضرورتوں
کو پیش نظر رکھتے ہوئے حسن بن حسین علی نے خط دفاع اور خط توقیع
کو ملا کر ایک نیا خط خط تعلیق ایجاد کیا اور ایک عرصے تک فارسی
لکھنے کے لیے خط تعلیق ہی استعمال ہوتا رہا۔ آٹھویں صدی ہجری میں
رسم خط کی اصلاح کے سلسلے میں ایک نیا انقلاب آیا جب میر عسلی
تبریزی نے خط نسخ اور خط تعلیق کو ملاکر خط نستعلیق ایجاد کیا جاس قدر
دیدہ زیب اور خوبصورت تھا کہ بہت جلد خاص و عام میں مقبول
ہو گیا اس کی کشش ، دائرے او امن اور جوڑ میں ایسا تناسب اور خوبصورتی
تھی جس نے اسے خطاطی سے نقاشی کی صف میں شامل کر دیا۔ یہ خط
ایران سے نکل کر ہندوستان پہنچا اور اردو کی قسمت بن گیا۔
اُردو میں طباعت کی ابتدا کے بعد رفتہ رفتہ اس کا احساس
پیدا مراکز تعلیق خط طباعت میں ایک رکاوٹ ہے اور شاید یہی
سبب ہے کہ اردو طباعت کے سلسلے میں ارائل ہی سے ٹائپ کو
استعمال کرنے کی کوشش اور تجربے کئے گئے تا کہ طباعت کی دشواریوں
پر قابو پایا جا سکے۔ اٹھارہویں صدی کے آخر ۱۷۸۴ء میں کلکتہ گزٹ
کی طباعت میں جزوی طور پر پہلی بار ٹائپ کا استعمال کیا گیا ۔ اس کے
بعد فورٹ ولیم کالج میں باقاعدہ طور پر اردو ٹائپ کا استعمال کیا گیا۔
اور مدد کتابیں ٹائپ کے ذریعہ شائع کی گئیں بہار میں طباعت کی
دنیا میں ایک انقلاب
آیا جو بہت تیزی کے ساتھ دنیا میں پھیل گیا ۔
یہ تھا جرمن میں یقو پریس کی ایجاد سی و طریقہ طاعت کی پھر اپنی دوریا
تھیں لیکن اس وقت رائج طریقہ طباعت کے مقابلے میں یہ انسان
اور خاص طور پر کم خرج تھا اس لئے بہت جلد مقبول ہو گیا ۔ اس
طریقہ طباعت میں پتھر کا استعمال ہوتا تھا ان پتھروں کو رکھنے کے لئے
بہت بڑی جگہ کی ضرورت ہوتی تھی ۔ پتھروں کی منتقلی اور مشین پر
چڑھانا خاصہ د تخار کام تھا اس کے علاوہ سطر کی تیاری ، کتابت یا کانی
نیسی، تصحیح، متن کی پیتر پنتقلی اور سنگ سازی نہ صرف مشکل کام تھا
بلکه با صبر آزما تھا جس میں بہت زیادہ وقت صرف ہوا تھا۔ آج
سینو کی طباعت میں پتھر کی جگہ کاٹیں استعمال ہونے لگی ہیں جنکا رکھت
اٹھانا پتھر کے مقابلے میں بہت آسان ہے لیکن بقیہ دشواریاں اسی طرح
قائم ہیں یہ تو کی مقبولیت نے ایران اور ہندوستان میں تعلیق خط
کو طباعت کے سلسلے میں ایک مستقل شکل دے دی لیکن طباعت کی
دشواریوں کی وجہ سے اس قسم کے تجربات برابر ہوتے رہے کہ نستعلیق کو
یا تو آپ کی شکل دے دی جائے یا اسکی جگہ پر دوسرا ایسان ایجاد
کیا جائے جو طباعت کے سلسلے میں زیادہ آسان پولیس تعلیق کی خوبصورتی اور
دیدہ زیب کی وجہ سے شروع میں سارا زور اسی پر صف کیا گیا ان تعلیق
کو ٹائپ میں منتقل کر دیا جائے ۔ اس سلسلے میں مصر، انگلستان، ایران
اور جرمنی میں نستعلیق ٹائپ بنانے کے لئے مختلف تجربے کئے گئے لیکن
ان تجربوں کو خواہ کامیاب نہیں ہوئی اور بالاخر ایران نے تسلی کو
چھوڑ کر شیخ ٹائپ کو فارسی کے لئے قبول کر لیا ۔
ہندوستان میں بھی فورٹ ولیم کالج کے زمانے نے متعلقین
ٹائپ بنانے کی کوشش کی جارہی ہے۔ فورٹ ولیم کالج میں ملک کے
بہترین خوشنویسوں کو جمع کرکے ٹائپ ڈھانے کی کوشش کی گئی ۔ اپ
بھی تیار ہوا۔ بعض کتابیں اس ٹائپ پر شان ہوئیں لیکن پھر نہیں علوم کیوں
یہ ٹائپ ختم ہو گیا ۔ (دیکھئے نون نقش نمبر )
اس سلسلے میں سب سے اہم کوشش حیدرآباد میں ہوئی ، علی
حضرت نظام نے نستعلیق تاپ زمانے کے لئے رونے کو پانی کی طرح
بہایا۔ ہندوستان کے خطاط اور جرمنی کے ماہرین کی مدد سے ایک
بہت خوبصورت نستعلیق ٹائپ ڈھالا گیا یہ ٹائپ ابتک کے بننے والے
تمام اردو علی ٹاپ سے اچھا تھا۔ والمترجمہ عثمانیہ کی ابتدائی مطبوعات
میں اس ٹائپ کا استعمال ہوا ہے ۔ اس میں نستعلیق کی خوبصورتی کو برقرار
رکھنے کے لئے اتنے زیادہ جوڑے گئے تھے کہ ملی طورپر اس میں طباعت
مکن نہیں تھی ۔ اس نستعلیق تائپ میں 594 حروف اور تحریر کو خوشنا
بنانے کے لئے 102 مزید مرکبات تھے ۔ ان 96 ٹکڑوں یا جوڑوں
سے
کیوزنگ اتنی مشکل ہوگئی تھی کہ سارے دن میں کہیں ایک صفحہ تیار
ہوا تھا اس کے علاوہ اس کا Distribution سینی طباعت کے
بعد حروف
کی تقسیم اس قدر مشکل تھی کہ اس ٹائپ کو گلا کر دوبارہ ڈھال
لینا کم خرج تھا اس کے لئے پہن تعلیق ٹائپ بھی کا روباری طباعت
کے لیے عام نہ ہوسکا۔ دیکھئے نمونہ نقشہ منبر )
تقریباً 8 - 10 سال پہلے میں نے اس ٹائپ کے سلسلے میں
پرنس مخمر جاہ صاحب ٹرسٹ نظام ٹرسٹ سے گفتگو کی تھی اور ان سے
درخواست کی تھی کہ یہ پریس کسی ایسے ادارے کو دے دیا جائے جو اس
تجربے سے استفادہ کر سکے اور ایسی صورت نکال سکے کہ اس کے کچھ
جو کم ہو جائیں اور اسے عام طباعت کے لئے استعمال کیا جاسکے۔
انھوں نے اس پر خوشی کا اظہار کرتے ہوئے رضا مندی ظاہر کی تھی لیکن
بعد میں معلوم ہوا کہ وہ آپ ضائع ہو گیا۔ اس طرح اردو نستعلیق آپ کی
ایک اور کہانی ختم ہوگئی لیکن اردو طباعت کو آسان بنانے کی کوششیں
جاری رہیں اس سلسلے میں ایک اور تجربہ عثمانیہ رنگ کالج حیدر آباد
کے مولوی شیخ حسین مشہدی نے کیا ۔
اردو تحریر میں حروف
کو ملاکر لکھنے کی وجہ سے ان کی شکلیں
بدلتی رہتی ہیں اور ایک ہی حرف شروع میں کسی طرح وسط میں کسی طرح ""
آخر میں حریف سے ملا کر لکھنے میں کسی طرح اور علیحدہ لکھنے میں کسی اور طرح
کھا جاتا ہے ۔ مثلاً "" ع "" عرفی ، شعیب ، شمع اور طلوع میں بالکل مختلف
طریقوں سے لکھا جاتا ہے ۔ اس طرح کا تب تو ان کو ان کی صحیح شکل میں
لکھتا چلا جاتا ہے لیکن انتہ
ن اپ میں ہر لفظ کے لکھنے کے لئے ایک تھے آپ
کے ڈھالنے کی ضرورت ہوتی ہے جس کی وجہ سے لفظ کے جوڑہ میں
اضافہ ہوتا چلا جاتا ہے۔ اس اضافے کی وجہ سے کمپوزنگ اور ڈسٹری
ہیویشن میں دشواریاں بڑھتی جاتی ہیں ۔ جہاں اُردو کے نسخے ٹائپ میں
200 جوڑ آتے ہیں حیدر آباد کے نستعلیق ٹائپ میں 696 جوڑ بن
گئے تھے ۔ اس کے علاوہ نستعلیق ٹائپ میں تقریباً چار کرسیاں ہوتی
ہیں جس کی وجہ سے جگہ کو بھرنے کے لئے جسے کے خالی ٹکڑوں کا
استعمال بہت زیادہ کرنا پڑتا ہے ان تمام دشواریوں کے پیش نظر مولوی
شیخ حسین مشہدی نے بنیادی اُردو ٹائپ ایجاد کیا یہ ٹائپ مختلف
پوائنٹ میں تیار کیا گیا اور بہت سی ابتدائی کتابیں اس ٹائپ پر
شائع کی گئیں ۔ اس ٹائپ میں ایک خوبی یہ تھی کہ اس میں جوڑ بہت
کم تھے ۔ دوسرے تمام حروف کے لیے صرف ایک کرسی استعمال کی گئی
تھی ۔ ان دونوں خوبیوں کی وجہ سے تکنیکی اعتبار سے طباعت کے لیے
یہ سب سے اچھا ٹاپ تھا۔ اس میں مکینیکل کمپوزنگ بھی ممکن تھی
اور ہاتھ سے کمپوزنگ اور ڈسٹری بیوشن بھی آسانی اور تیز رفتاری سے
ہو سکتا تھا لیکن یہ ٹائپ تعلیق کے مقابلے میں خوبصورت نہیں تھا
دوسرے اس کے جوڑ بہت چوڑے تھے اور یہ صرف Bold Face
میں تھا اس کی طباعت میں عام تنسیخ آپ کے مقابلے میں کم جگہ صرف
ہوتی تھی لیکن دیدہ زیب نہ ہونے کی وجہ سے اردو کا یہ بنیادی خوا بقول
نہ ہو سکا ۔ (دیکھئے نمونہ نقشہ (۳)
1965 میں پہلی بار تمنائی صاحب کی کوششوں سے اُردو
کا نستعلیق لائمنٹ اپ لائن ٹائپ اینڈ مشینری لندن کے تعاون سے
ایجاد مودار به شین sokeys پرمشتمل ہے۔ اس پر ٹائپ رائٹ کی طرح
سودے کو ٹائپ کیا جاتا ہے اور حروف ڈھالنے والی مشین سے پوری
سطریں ڈھل کر باہر جاتی ہیں نستعلیق کا یہ ماپ شکل وصورت میں زیادہ
دیدہ زیب نہ ہوتے ہوئے بھی قابل قبول ہے اس لیے کہ اس میں
نستعلیق کی چھب موجود ہے اور طباعت کو تیز رفتار بنانے کے لئے
اسے قبول کیا جاسکتا ہے ۔ ایک نستعلیق لا منو ٹائپ مشین پر ایک آدمی
تے پر 16 کے دس سے بارہ صفحے تک نکال سکتا ہے جبکہ ایک کاتب
مشکل سے چار صفحات کی کتابت کرتا ہے۔ اس طرح اس مشین کے استعمال
سے وقت کی کافی بچت ہو سکتی ہے۔ لیکن پیشین صرف 12 اور 14 پوائنٹ
کے الفاظ ڈھال سکتی ہے جو نثر میں مسلسل متن کے لیے تو ٹھیک ہے
لیکن شعری اصناف ذیلی سرخیوں، عنوانات اور شاہ سرخیوں کے لیے
مناسب نہیں ہے ۔ ذیلی سرخیاں ، عنوانات اور شاہ سرخیاں کتابت کے
بعد بلاک بنوا کر شامل کرنی پڑیں گی ۔ دوسری لائن ٹائپ کی اپنی بنیادی
خرابی ہے یعنی اگر کوئی غلطی ہو جائے تو اس حرف کو بدلنے کے لیے پوری
لائن کو دوبارہ ڈھالنا پڑے گا۔ اس لیے لائنو ٹائپ کا استعمال روز نامہ
بہت چھوٹی ہو جاتی ہیں قابل استعمال ہے لیکن کتابوں کی طباعت
کے لیے مناسب نہیں ہے ۔ اس کے علاوہ لائنو ٹائپ مشین کی قیمیت
کا بستر ہے جسے عام اردو پر میں والے شاید برداشت نہ کر پائیں۔
اردو نستعلیق لائن ٹائپ مشین کی قیمت 3 لاکھ 6 ہزار او 4 6 روپے
ہے جس پر برہ 4 کسٹم ڈیوٹی ہے جس کی رقم ایک لاکھ 44 ہزار 2 و
روپے اور فارورڈنگ کا 6 ہزار 5 سو 44 روپے ہے لینی ایک
شین کی قیمت 5 لاکھ 67 ہزار 6 روپے ہوگی اس کے علا وہ مشین
لگانے کی اجرت 35 ہزار روپے اور اکسائز ڈیوٹی اس قیمت میں
شامل نہیں ہے اس طرح ایک مشین پر کل اخراجات تقریباً کا لا کچھ
25 ہزار کے قریب ہو جاتے ہیں ۔ جو لوگ پریس سے متعلق ہیں اور اس
کام کو کرتے ہیں وہ اس بات سے واقف ہوں گے کہ کاروباری طریقے
پر اس کام کو کرنے کے لیے ایک مشین نا کافی ہوگی۔ اس لئے کہ ایک
مشین کی صورت میں کسی خرابی کے آجانے کی صورت میں کام غیر مینہ
مدت کے لیے رک سکتا ہے۔ اس طرح کسی بھی پریس کےلئے کم ازکم
دوشیوں کی ضرورت ہوگی جس کے اخراجات بہر حال اردو والوں کی
دسترس سے باہر ہیں۔ یہ اسی صورت میں مکن ہو سکتا ہے جب کوئی صوبائی
یا مرکزی حکومت اردو کی ترقی کے سلسلے میں یہ رقم بلاسودی قرض کی ریت
میں کسی ادارے کو دے اور وہ ادارہ آسان منظوں میں اس رقم کو ادا
کرتا رہے۔ لیکن جیسا کہ ابتدا میں عرض کیا جاچکا ہے کہ کتابوں کی بات
اس کے بعد بھی دشوار ہوگی اس کی ایک وجہ یہ بھی ہے کہ ہمارے مصنفین
کے سودے خود کتابت کی غلطیوں سے خالی نہیں ہوتے ۔ دوسرے وہ
کسی مرحلے پر مکمل نہیں ہوتے۔ بہت سی تبدیلیاں مصنفین پروف
ریڈنگ کے وقت کرتے ہیں اور جتنی بار یہ پروف مصنف دیکھتا
ہے اس میں کچھ نہ کچھ ردو بدل ضرور کرتا جاتا ہے اس طرح ہر لفظ
ڈیش یا کا م کے لیے پوری لائن دوبارہ کاسٹ کرنی ہوگی اور
کام بہت مشکل بن جائے گا۔ پھر بھی اخبارات کے لیے متن کی حد
یک اس مشین کا استعمال آسانی کے ساتھ کیا جا سکتا ہے مگر اس کے
ساتھ سرخیاں لکھنے اور ان کے بلاک بنے کا کام اسی تیز رفتاری کے
ساتھ کرنا ہوگا ۔
اس جائزے سے اندازہ ہوگا کہ اگر دوطباعت کی اصلاح
صرف اس لئے نہیں ہوسکی کہ گذشتہ برس سے ہم اپنی تمام وقت صرف
اس بات پر صرف کرتے رہے
کہ نستعلیق کو نہ چھوڑنا پڑے ۔ اس طویل عرصے
کے تجربات نے اس بات
کو ثابت
کر دیا ہے کہ نستعلیق اردو ٹائپ
ده خواه میکانکی رنگ کالا تو ٹائپ ہو یا ہاتھ سے کمپوز کیا جانے والا
حیدر آبادی ٹائپ اُردو کے لئے کارآمد نہیں ہو سکتا ۔
دنیا ہرشعبہ زندگی میں بڑی تیزی سے ترقی کری ہے لیکن ہم
ابھی تک مرادی صدی میں ایجاد ہونے والے لیتو پریس اور آٹھ میں
صدی ہجری میں ایجاد ہونے والے نقلی خدا کے پیتا ورم می گرفتاری۔
آج کے حالات میں ہمارے لئے یہ مسئلہ ایک زیادہ بڑا
سوالیہ نشان بن گیا ہے۔ مختلف صوبوں اور مرکز میں جگہ جگہ اردو ذریعہ
تعلیم کے اسکول گھل رہے ہیں جن کے طلبا کے لئے سائنسی علمی اور
دوسری کتابوں کا تیز رفتاری کے ساتھ اُردومیں ترجمہ اور طباعت اشد
ضروری ہے، سائنس، حساب اور دوسری علمی کتاب ہیں جن میں اعداد
ہند سے اور علامتیں ہوتی ہیں موجودہ طریقہ طباعت سے شائع کرنا بہت
مشکل ہے جبکہ یہ فیصلہ کیا جا چکا ہے کہ تمام ہند سے
Arabic
میں ہوں گے اور بین الاقوامی علامتیں تبدیل نہیں کی جائیں گی جن کی وجہ
سے ان کی صحیح کتابت مکن نہیں ہے ۔ نصابی کتابوں کا مسکہ اور دقت
پران کی فراہمی بعد ہم ہے۔ پہلے درجے سے بارہویں درجے تک کی
تمام کتابیں مرکزی کوئی صوبہ وقت پر فراہم نہیں کر پاتا اس سے اردو ذریہ
تعلیم کے قلب کو صرف یہ کہ دشواریوں کاسامنا کرنا پتا ہے کہ اقتصادی
بھی برداشت کرنا پڑتا ہے وہ دوسری زبان کے طلبا کے مقابلے میں
پیچھے رہ جاتے ہیں اور ان کے نتائج خراب ہوتے ہیں۔ اس لیے فوری
طور پر اس سلسلے میں فیصلہ ضروری ہے کہ کتاب میں نستعلیق میں موجود است
رفتاری سے شائع ہوتی رہیں یا نسخ آپ میں شائع ہوں۔ میری ذاتی
رائے یہ ہے کہ نستعلیق کے مقابلے میں کرتا میں نسخ ٹائپ میں شائع کرتا
زیادہ بہتر ہے ۔ نسخ ٹائپ کی تحریر پڑھنے میں ابھی تھوڑی سی اکتا رٹ
ہوتی ہے اس لئے
کہ نگاہیں اس کی عادی نہیں ہیں لیکن اگر کتا بیں اس
میں شائع ہونے لگیں تو یہ کتاب چند روز میں ختم ہو جائے گی اور
جو لوگ ابتدا سے ہی اسے پڑھیں گے وہ اس کے عادی ہو جائیں گے۔
اردو سیخ ٹائپ میں گذشتہ پچیش کمال میں خاصا سدھار
ہوا ہے۔ اس کو بھی خوبصورت بنانے کی کوشش کی گئی ہے۔ دوسرے
نسخ میں اُردو کا مونو، آپ بھی بن چکا ہے جو دوسرے نسخ آپ
کے مقابلے میں زیادہ واضح اور خوبصورت ہے۔ یہ مونو ٹائپ ہمدرد
دراخانہ (وقف) ولی کے تعلق آباد کے مرکز میں موجود ہے ۔ یہ آٹھ
پوائنٹ سے لے کر ہوئے حروف
کی طباعت تک کے لئے موجود ہے :
اس میں انگریزی کے ہندیوں ، سائنس اور حساب کی علامتوں کے
Mas بھی موجود ہیں جن کی وجہ سے سائنس، حساب اور دوسرے
علوم کی کتابوں کی طباعت بہت آسانی سے ہوسکتی ہے۔ لائنز ایپ اب
جدید ذریعہ طباعت نہیں رہا ۔ طباعت اب فوٹو مونو کی ٹکلیک سے بھی
آگے بڑھ چکی ہے۔ پاکسان میں تقبیل جالبی کی کتاب جو پاکستانی کلچر
سے متعلق ہے اُردو کی پہلی کتاب ہے جو فوٹو مونڈ ٹکنیک سے شائع
ہوئی ہے جس کی نفاست ، صفائی اور خوبصورتی دیکھنے سے تعلق رکھتی
ہے۔ اس لیے آپ نستعلیق لائن ٹائپ کی بات کرنا پیچھے کی طرف قدم
رکھنا ہے۔ اُردو کے لیے اس وقت ضروری ہے کہ مونو ٹائپ کو اپنایا
جائے ۔ مونو ٹائپ انڈیا لمیٹڈ کا صدر دفتر ریجنٹ ہاؤس نے گورنٹ
پلیس ایسٹ کلکتہ وہ میں ہے اور اس کی شاخیں بھٹی ، نئی دلی ،
مدراس ، اله آباد اور بنگلو میں یں۔ اس کی قیمت بھی لائوڈ اپ کے
مقابلے میں کم ہے جبکہ اس کی کارکردگی اس سے زیادہ ہے یعنی اس پر
ایک دن میں 22 18 کے ۱۴ صفحے بہ آسانی تیار کئے جا سکتے ہیں ۔ اس
کے علاوہ اُردو متن کے ساتھ انگریزی کے الفاظ عربی ہند سے اور
بین الاقوامی علامتیں   کو تبدیل کر کے بہ آسانی شاہی کی جاسکتی
ہیں ۔",2881
P3_1980_37,Zaban O Adab,1980,Magazine,"ناول ہم کسی ایک جز کو نہیں کہ سکتے کہ مختلف اجزا
کے باہم طاپ کا نام ناول ہے جس طرح زندگی بذات خود ایک کمل
اکائی ہے اسکو مختلف حصوں میں نہیں بانٹا جا سکتا اس طرح ناول کے
اجزا قصہ پلاٹ، کردار، ماحول زبان وبیان واقعات زندگی نقطه نظر
مناظر فطرت یہ سب مل کر ناول کی شکل میں ظاہر ہوتے ہیں یہاں ہم
بہت مختصر اوں کے فن پر روشنی ڈالیں گے اس کے بعد کردار نگاری کا
جائزہ لیں گے ۔
جہاں تک نامل نگاری کا تعلق ہے یہ ادب کی دوسری
اصناف سے جگہ ہے یہ ادب کی ایک ایسی صنف ہے جس میں ادیب
اپنے خیالات و احساسات کو قلم کے ذریعہ اس طرح پیش کرتا
ہے کہ وہ
حقیقی صورت اختیار کر لیتے ہیں اور ہم اپنا تجربہ سمجھنے لگتے ہیں۔
وسعت کے اعتبار سے اگر دیکھیں تو اس میں مضمون نگاری بھی کی جاسکتی
ہے۔ اور ڈرامہ و شاعری بھی اور تنقید بھی۔ گویا ناول ہر مصنف کو اپنے اندر
سمونے اور پھر پیش کرنے کی صلاحیت رکھتا ہے۔
ادب میں اس کا اپنا ایک الگ مقام ہے جو شاعری
ڈرامہ افسانہ سب سے جدا ہے ۔ اس میں زندگی کے مختلف پہلو
اور مسائل افراد و کردار کے ذریعہ پیش کئے جاتے ہیں اس طرح جو سائل
پیدا ہوتے ہیں وہ ایک خاص نقطہ نظر پر پہنچ کر حل ہو جاتے ہیں ۔ گھریا
ناویسٹ انسانی زندگی کے بھرے ہوئے حالات کو ایک خیالی فقہ
کے پیکر میں کرداروں کے باہمی تعلق ربط د تسلسل کے ساتھ جوڑ کر
اس طرح پیش کرتا ہے کہ وہ مصنوعی نہیں لگتے ، بلکہ اس کے کردار ایک
زند شخصیت بن کر مارے سامنے حرکت کرتے ہیں ۔
یکی کی ناول میں حقیقت کا عنص شامل نہ ہو تو اس ناول کی
فنی عظمت ختم ہو جاتی ہے۔ عظیم اول ہم اس کو کہ سکتے ہیں جس میں
قاتلانہ تاثر ہو۔ زندگی کے تجربوں کو اعلی فنکاری کے ساتھ پیش
کیا گیا ہو۔
ناول کی ایک امتیازی خصوصیت یہ بھی ہے کہ وہ اپنے عہد
کا مکمل ترجمان ہے اس کی شال ہم پریم چند اور ہتھا
کے ناولوں
سے
دے سکتے ہیں ۔
پریم چندہ اپنے ناولوں میں اس دور کی تہذیب و تمدن سماج
سیاست ، تاریخ ، تصویر حیات ان سب کی ترجمانی کرتے ہیں۔ ان کے
ناولوں میں بیسویں صدی کے اوائل سے لے کر آزادی سے قبل تک
کے ہندوستان اور اس میں جاگیر دارانہ ، سرمایہ دارانہ نظام کے ظلم
ستم کو نہ کارانہ حقیقت کے ساتھ جوں کا توں پیش کرتے ہیں اس تعالی
بالجبر کی مثال ہم گردان سے دیتے ہیں ۔
کون کہتا ہے کہ ہم تم انسان یں لیکن ہیں ہم میں
آدمیت ہے ہم آدمی نہیں بیل ہیں ۔
صرف بھول ہی نہیں گردان کے تمام کردار اس ظلم و ستم کے خلاف آواز
مبند کرتے نظر آتے ہیں اس میں ہوری کا کردارہ ایک کچلے ہوئے ہے کس
غریب کسان کا ہے۔ اس کے برخلاف اس کا بیٹا گو جر جدید ذہن کا
مالک ہے ۔ وہ باغیانہ مزاج کا نوجوان ہے وہ زمیندار کو شگون اور
بیگار دینے کے لئے تیار نہیںجبکہ بوری اس نظریہ کا قائل اس کی خواہش
اور تمنا حدوں کے اندر ہیں ۔ وہ کہتا ہے :
ہم راج پاٹ سکھر جان نہیں چاہتے ہاں مورا تھوڑا پہنا
اور موٹا جھوٹا کھانا اور مرجاؤ کے ساتھ رہنا چاہتے ہیں ۔""
گوبر اور چوری کے
کردارہ قدیم اور جدید کی تکرار ہے ظلم اور
انصاف کی تکرار ہے جاگیر دارانہ نظام کے خلاف آواز ہے اور سکتے
انسانوں کی آواز ہے ، اس دور اس تہذیب وسماج کی آواز ہے اسلئے
ہم کر سکتے ہیں کہ پریم چند کے یہاں زندگی اور ن کا امتزاج ہے، اپنے
دور کے بہترین ترجمان ہیں ۔
نا دل کے متعلق فیلڈنگ اور ٹھیکرے کا خیال ہے کہ موجودہ
زمانہ کی تاریخ ان کی خامیوں اور خوبیوں دونوں کو ظاہر کردیتا ہے ۔
اس طرح سو کے ناول بھی اپنے دور کی تہذیب ومعاشرت
کے آئینہ دار میں ملکہ امراؤ جان ادا کا ہر
کردار اپنے دور کی تہندی شان
کی تصویر ہے۔ اس میں خانم کا کر دار اپنے دور کے لکھنوی سماج اور
اس کی تہذیب کی غمازی کرتا ہے ۔ ان کے
کردار میں لکھنوی تہذیب
کی پوری آن بان آگئی ہے لکھنوی تہذیب میں قدم قدم پر لے گی ۔
ناول میں بچی کو بھی بڑی اہمیت حاصل ہے بعض اول
ایسے میں جن کو ہم ناول تو کہہ سکتے ہیں لیکن ان کے پیش کرنے کا اندازہ
دلچسپ نہیں ہے اس لئے ضروری ہے کہ دلچسپی کا معیار کسی خاص طبقہ
کے ساتھ وابستہ نہ ہو بلکہ عام انسان بھی اس میں دلچسپی لیں ناودار کیلئے
ایک شرط یہ بھی ضروری ہے کہ اس میں تسلسل وربط ہو اور تمام اینا میں
توازن پایا جائے ۔ اس میں ناولسٹ چھوٹی چھوٹی باتوں کو بھی اتنی ہی
اہمیت دے گا جتنی کہ بڑے واقعہ کو دیتا ہے اس میں کردار اور پلاٹ
نفته کردار زبان و بیان سب پر توجہ کی ضرورت ہوتی ہے۔ تمام نفتی
لوازم پر نظر رکھنا پڑتی ہے۔ تبھی ایک کلاسیکی ناول وجود میں آسکتا ہے۔
یہاں ہم نے ناول کا مختصر جائزہ لیا ہے اب ہم کردار نگاری
پر روشنی ڈالیں ھے کہ کردار کیا میں اون می ان کی کتنی اہمیت ہے ۔
کردار کیا ہوتے ہیں ؟ کیا انسان ہوتے ہیں جیسے کہ ہم
اور آپ نا کیا ان کا ردعمل ایسا ہی ہوتا ہے جس طرح کہ ہمارا اور
آپ کا با کیا ان کی زندگی عام انسانوں جیسی ہوتی ہے ہے تو ان باتوں
کا جواب ہاں میں بھی ملتاہے اور نہیںمیں بھی جس کی وضاحت ہم آگے
کریں گے۔
اگر چه ناول نگار جبن انسانوں کے بارے میں بیان کررہا ہے۔
دہ ہمارے معاشرہ کے ہی ہوتے ہیں لیکن ناولسٹ ان پر جو رنگ روغن
پڑھاتا ہے وہ خالصتاً نادلسٹ کے زمین کی تخلیق ہوتی ہے جیسا کہ
E.M.
E. M. Farsten نے کہا ہے "" عام انسان خدا کی تخلیقی ہے
ناول کے کردار ناول نگار کی تخلیق ہیں یہ
گو یا اگر خدا اپنے کرداروں کی کہانی بیان کرتا تو وہ بھی قصہ یا
ناول بن جاتا ۔ اس بات سے ظاہتا ہے کہ ناولسٹ اپنے کرداروں کو
اپنے خیال اور ذہن کے مطابق چلاتا ہے کیونکہ وہ خود اس کے ذہن
کی پیدا وار ہوتے ہیں۔ اس لئے وہ ان کو کبھی بھی آزاد نہیں چھوڑتا بلکہ
ایسے راستہ پر لے چلتا ہے جس پر خود چل رہا ہے اور جو ان کی مقرر
کردہ منزل تک پہنچ سکتی ہو پھر وہ ان کو اس وقت آزاد چھوڑ دیتا ہے
جب ان کے ذہن کی حالت پختہ ہو جاتی ہے۔ یعنی وہ اس دائرہ سے
اپنی راہ سے بھٹک نہیں سکتے ۔
لیکن ناولسٹ کردار کی رہنمائی کرتا ہے اس کی انگلی پکڑ کر
نہیں چلتا لیکن بعض دفعہ ایسا بھی محسوس ہوتا ہے کہ وہ ان کی انگلی
پڑ کر چل رہا ہے۔
ناول میں کردار کو بنیادی حیثیت حاصل ہے کردار کے وجہ
ہوتے ہیں ایک اس کا ذہن دوسرا عمل ان کے لئے ضروری ہے کہ
کردار کے ذہنی اور خارجی عمل اس کی شخصیت اس کے مزاج سے
ہم آہنگ ہو۔ کبھی کبھی ہم کو اس کے عمل سے ظاہر ہو جاتا ہے کہ وہ
کیا سوچ رہا ہے پھر اول نگار تو کردار کے اندرون میں جھانکتا ہے۔
اس کے ذمہ اور فکر پر بھی نظر کھتا ہے۔ ناول کی زندگی عام زندگی نہیں
ہوتی بلکہ نالسٹ اپنی قوت متخیلہ سے کام لے کر اس میں ایک نئی
زندگی بخش دیتا ہے جو عام انسانی زندگی سے زیادہ پرکیف اور پر اثر
ہوتی ہے۔
عام طور پر عام انسانوں کے ذہن اور مکمل مہارے سامنے
نہیں آتے کیونکہ وہ اس پر پاکیزگی اور شرافت کی تہیں چڑھائے
رہتے ہیں جبکہ اندرونی طور پر دو شیطانی صفات کے مالک ہوتے ہیں اور
جب ناول نگار ایسے انسانوں کے ذہن اور خارجی عمل ان کے گھناؤنے
خیالات اور برے اعمال ہمارے سامنے لاتا ہے تو ہم ان سے نفرت کرنے
لگتے ہیں اور دوسرے وہ لوگ جن سے ہم نفرت کرتے تھے برا سمجھتے ۔
ناولسٹ ان کی اچھائیاں بھی ہمارے سامنے لانا ہے کیونکہ وہ اتنے
بڑے نہیں ہوتے جتنا ہم سجھتے تھے۔
اس طرح ایک عام آدمی کا ذہن جس تہتر تک پہنچ پا اسٹ
کا ذہین اور نظریاں بھی پہنی جاتی ہے۔ گویا ناو میں کردان کمل طور پر ھے
جا سکتے ہیں ناولسٹ ان کی مستی کا عمل خاکہ ہمارے سامنے کھینچ دیت
ہے وہ اس کی چھوٹی چھوٹی باتوں کو اہمیت دیتا ہے ۔ گویا نا دسٹ
ایسے جیتے جاگتے زندہ کردار بنا کر پیش کرتا ہے کہ پڑھنے والا اس کو
اپنے جیسا یا عام اسان جیسا سمھنے لگتا ہے۔ جیسا کہ روزانہ کی زندگی
میں مشاہدہ کرتا ہے بالکل اسی طرح ناول کے کرداروں سے بھی ہمدردی
اور نفرت
کی جاسکتی ہے اس
کی مثال امراؤ جان ادا سے دی جاسکتی ہے۔
امراد کا کردار ایسا ہے کہ ہم اس سے نفرت کرنے کے بجائے ہمدردی
کرنے لگتے ہیں کیونکہ فطری طور پر یا خاندانی طواف نہیں بلکہ قسمت
کے ہاتھوں طوائف بنا دی گئی ہے جیسا کہ ہ خود کہتی ہے ۔
مجھ بد لضب ناشدنی کو محبت
در اتفاق نے مجبور کر کے
ایسے جنگل میں تھوڑا جہاں، سوائے گھرتی کے کوئی راستہ
ہی نہ تھا ۔""
اس
کی اس بات سے
اندازہ ہوتا ہے کہ اس کو خود اس
زندگی اور اس ماحول سے نفرت تھی جس کو وہ خود پسند نہیں کرتی ہے
یہی وجہ ہے کہ وہ ماری تمام مدادی حاصل کر لیتی ہے اس کے برخلاف
گوہر مرنا اور دلاور خان کا کردار دیکھیں تواس سے ہم کو نفرت ہوتی ہے۔
لیکن کچھ اولوں کے کردار انسانی زندگی کی تصویر نہیں ہوتے
بلکہ اس میں ناولٹ ایک نئی دنیا بنا کر پیش کرتا ہے ۔ اس کے کردار
کی پیدائش اس کا مشرمل دلچسپ ہوتا ہے ۔ اس میں عام انسانوں سے
جنا ایک روح ہوتی ہے ۔ اس کی مثال ہم نذیر احمد کی اسفری کبری
سے دے سکتے ہیں جن کے کرداروں میں اعترال نہیں ۔ اصغری کا
کردار پرائیوں کا چندہ ہے جو اپنی انتہائی مہندی کو چھو چکا ہے ۔ اور
اکبری کا کردار تمام خوبیوں کا مجسمہ ہے جس سے کوئی گناہ سرزد نہیں
ہو سکتا یہی کردار کی سب سے بڑی خامی ہے کہ وہ حقیقت سے دور
ہو جائے
کیونکہ ایک عام انسان میں اچھائیوں کے ساتھ برائیاں بھی
یقینا ہوتی ہیں ۔
کردار کے ذریعہ ناول میں جان پڑتی ہے۔ واقعات یا نفہ اور
احول میں زندگی پیدا ہو جاتی ہے۔ زندگی کے اہم پہلو کو نا ہاں کرنے
میں کردار کا فطری ہونا ہی ضروری ہے ۔ تصوراتی یا خیالی کردار مصنوعی معلوم
دیتے ہیں اگر کردار حقیقی فطری انداز میں پیش کیا جائے گا تو اس سے
اول میں فنی اعتبار سے حسن پیدا ہوگا اور اس میں ہیں اپنی زندگی کی پڑھا نہیں
نظر آئیں گی ۔
جس طرح شرلاک ہوم اسے حقیقی کردار بنا کر پیش کئے کہ اوگے۔
وچھنے لگے کہ یا کردار رند ہے بینی کردار کی تخلیق اس طرح ہو کر اسے
آجائیں Hardy نے Tess سے کہا کہ اگر آپ سے کوئی پوچھے
کہ آپ
کی ناول میں فلاں صاحب فلاں کو نہیں تو ہم کو برا نہیں امنتا
چاہئے بلکہ خوش ہونا چاہئے کہ اتنے جاندار اور زندہ کردار کی تخلیق کی ۔
کردار نگاری کے لئے ایک شرط یہ بھی ہے کہ جو کردار جیسا
آئے اس
کو ویسا ہی پیش کریں جیسے مٹر کے بارے میں کہا جائے کہ
رہ جمہوریت پسند تھا تو یہ غلط ہوگا کیونکہ وہ ایک زبر دست Fictator
تھا۔ اس لئے جن افراد سے دہ واقف ہو ان کو یہی پیش کرے تب ہی
وہ کا میاب ناول لکھ سکتا ہے جس طرح کہ پریم چند منکر کے کردار کو
اتنا واقع انداز میں پیش نہیں کر سکتے جتنا کہ ایک امریکی مصنف پیش
کر سکتا ہے ۔ پریم چند گاؤں کے کسان
کو زندہ وجاوید بنا سکتے ہیں ۔
خود پریم چند نے کردار نگاری کے متعلق لکھا ہے :
اگر قاری کو یہ محسوس ہو کہ اس صورت میں ایسا نہیں ہونا
چاہئے تھا تواس
کا یہ منشا ہو سکتا ہے کہ مصنف اپنے کردار۔
کو قلمبند کرنے میں ناکام رام کرداروں میں کچھ نہ کچھ خصوصیات
بھی رہنا چاہئے جس طرح دو آدمی یکساں نہیں ہوتے اس طرح
اوں میں بھی نہ ہونا چاہئے ۔ ""
جیسا کہ اور کہا گیا ہےکہ کردار کا فری ہونا ضروری ہے تو امرار جان دا
کا کوئی کرداری فرفری نہیں حقیقت کے قریب ہیں سیولیشن کے مطابق
ہیں۔ کردار کی ایک بنیادی خصوصیت اس کی نفسیاتی اور ذہنی کش مکش
بھی ہے۔ امراؤ جان ادا میں ہر کردار کے اندر یہ خصوصیت پائی جاتی
ہے مثلاً رستورا نے ایک بچے کی فطرت کی کس طرح عکاسی کی ہے۔
دیکھئے:
آج رات کو میں نے ماں باپ کو خواب میں دیکھا جیسے
ابا نوکری پر سے آئے ہوں ۔ تھائی کا رونا ہاتھ میں ہے۔
چھوٹا بھائی سامنے کھیل رہا ہے اس
کو مٹھائی کی ڈلیاں
نکال کر دیں ۔ مجھے پوچھ رہے ہیں جیسے میں دوسرے دالان
میں ہوں ۔ اماں باورچی خانہ میں ہیں اتنے میں ابا کو جو دیکھا
تو میں روڈ کر لیٹ گئی حجاب میں اتار دی کہ ہچکی بندھ گئی ہے۔
میدان عمل میں امرکانت کا کردار نمائندہ کردار ہے ۔ پر نم چن نے امرکانت
کے کردار میں انسان کمزوری کو بھی اجاگر کیا ہے جب سکھا کی طرف سے
اس کو بوری کا پورا پیار اور ہمدردی نہیں مل پاتی تو وہ سکینہ سے محبت
کرنے لگتا ہے جو ہنگامی اور جذباتی رد عمل تھا جس پر بعد میں وہ خود
ندامت محسوس کرتا ہے پھر گاؤں میں بیوہ منی سے اس کا روان اس کے
کردار میں حقیقت کا رنگ بھر دیتا ہے ۔
پھر امراؤ جان اور کا اس وقت کا کردار دیکھیں جب وہ با قاعدہ
خوالف بنادی جاتی ہے اور لوگ ان کے پاس آنا شروع ہو جاتے ہیں
اور وہ یہ بھی جانتی ہے کہ وہ سب اپنی ہوس کی آگ بھجانے آئے ہیں
کوئی بچی محبت نہیں دے سکتا لیکن جب ایک ڈاکو (فیض) اس سے
محبت جتا تا ہے تو وہ اپنی موجودہ زندگی کو ترک کر کے اُسی کی ہو رہنا
چاہتی ہے۔ یہ ایک ایسا پیچیدہ نفسیاتی عمل ہے جس کے واقعی ہونے میں
کوئی شبہ نہیں کیا جاسکتا ہے۔
بسم اللہ کے کردار کی روشنی میں ہم یہ کہ سکتے ہیں کہ کردار میں
عمل کو بھی بہت اہمیت حاصل ہے کیونکہ عمل سے
کرانہ ابھر کرسامنے آتا ہے
گر یا واقعات عمل کا دوسرانامی کردار ہے۔ کردار نگاری کے تخلیقی عمرکے
دو طریقے ہیں ۔
کہانی کار بذات خود کردار کو روشناس کراتا ہے لیکن اس میں
اس کے احساسات و جذبات اور خیالات بھی شامل ہو جاتے
ہیں اور ساتھ ہی تنقید بھی شامل ہو جاتی ہے ۔
کردار اپنے مل گفتگو حرکات و سکنات سے اپنے کو ظاہر کرتا
سے بینی کہانی خود کردار کی شکل اختیار کرلیتی ہے ۔
ہ اول میں کم و بیش دونوں طریقہ استعمال ہوتے ہیں ۔
یوں تو کردار بیان سے ابھرتے ہیں اور بیان کرداروں سے بنتا ہے ۔
بقول خورشید اسلام صاحب کردار نگاری لہروں کے کھیل کی طرح ہے
جس میں زبردست قوت ہوتی ہے ۔""
کردار نگاری کے لئے ایک شرط یہ بھی ہے کہ اس کی شخصیت
اور ماحول کے مطابق زبان کا ستعمال کریں۔ اگر کردار دیہات سے لیا گیا
ہے تو وہ خالص دیہاتی بولتا نظر آئے گا۔ مقفع مجمع عربی فارسی با اردو
یا لکھنو کی بیگمات کی زبان نہیں ہوسکے گا لیکن اگر اب مہا تو کردار میں
نی خالی پیدا ہو جائے گی اس کی مثال ہم کرشن چندر کی شکست ""
سے دے سکتے ہیں جس میں انہوں نے کردار کی حیثیت کا لحاظ نہ کرتے
ہوئے نہ بان
کا غلط استعمال کا ہے، ان سا گاؤں کی ایک حاملہ عورت
جب تقریر کرتی ہے تو ہ لکھنو کی بیگمات کی زبان کا استعمال کرتی ہے جو
مصنوعی معلوم دنیا ہے اس سے ہمارے زمین کو ایک زبر دست جعدہ کا گفت
ہے۔ لیکن کرشن چندر نے محسوس نہیں کیا کہ ایک گاؤں کی جاہل عورت
ایسی صاف شستہ زبان کیونکر ہو سکتی ہے ۔ اس کے برخلاف پریم چند
نے اپنے کرداروں کی شخصیت کے مطابق زبان کا استعمال کیا ہے ۔ ""
ناول میں کچھ کردار بڑے ہوتے ہیں اور کچھ کردار چھوٹے پرتے
ہیں۔ چھوٹے کرداروں کی بھی تنی ہی اہمیت ہوتی ہے جتنی کہ بڑے کرداروں
کی نام طور پر چھوٹے کرداروں پر توجہ نہیں دی جاتی جبکہ چھوٹے کردار بڑے
کرداروں کی شخصیتوں
کی نہیں کھولتے ہیں ۔ کہانی کے ارتقا میں معاون
منگار ثابت ہوتے ہیں۔ کامیاب ناولسٹ چھوٹے کردار کو بھی اس طرح
پیش کرتا ہے
کہ وہ ابدی نقش قائم کر دیتے ہیں۔ وہ لافانی بن جاتا ہے
جیسے امراؤ جان ادا میں اس کے بھائی کا کردار جو تھوڑی دیر کے لئے
ہمارے سامنے آیا ہے مگر وہ ہمکو بہت سے متاثر کرتا ہے۔ لیکن اس کا
مطلب یہ ہرگز نہیں کہ چھوٹے کردار کو ابھارنے کے لئے سو صفحات لکھے
جائیں تب ہی وہ لافانی کردار ہے گا۔ بڑانا دست کم سے کم الفاظ میں سکو
اس طرح پیش کرے گا کہ وہ ہمیشہ زندہ رہے ۔
کرداروں میں دو قسمیں ہوتی ہیں ایک سادہ Type کردار
دوسرے مکمل یا پیچیده ( Round ) کردار جتنے بڑے ناولسٹ میں
انوں نے سادہ کردار پرتوجہ نہیں بلکہ Pound کیر کیر کو پیش کیا۔
ساده یا Flat کردار میں ناولسٹ اپنے کردار کو سیدھے
راستے پر لے چلتا ہے۔ ابتدا ہی سے ایک پختہ رنگ میں رنگا ہوتا ہے۔
واقعات
، حادثات اور زمانہ اس پر اثر نہیں کر سکتا بلکہ زمانہ اس سے
متاثر ہو سکتا ہے۔ جب ایسے کردار سے ہم پہلی بار متعارف ہوتے ہیں
تو سب کچھ جان لیتے ہیں جیسے فسانہ آزاد کا خوجی "" ہو شرودنا سے
ہی کم ہے اکثر ایسا بھی ہوتاہے کہ ہم اسطرح کے کرداروں میں اپنی
وچی کو بیٹھتے ہیں سکی خوجی کا کردار ہماری بچی کو برقرار رکھتاہے اسکی
وجہ اس کا مزاحیہ انداز ہے۔ فسانہ نار جہاں کی استان ، نذیر احد کی
اصغری اور ظاہر دار بیگ کا کردار سادہ یا مطروT کردار ہے لیکن یہ
دلچسپ اور مزاحیہ ہے ۔ اس لئے ہم کو اچھا لگتا ہے۔ ایسے کرداروں میں
کسی خاص صفت کی طرف اشارہ کیا جاتا ہے جیسے اصغری کا کردار دیکھیں
تواس میں ارتقائی مدارج نہیں بلکہدہ ابتدا ہی سے مکمل ہے۔ مصنف
نے جہاں اس
کا نام لیا تو ہم بھر جاتے ہیںکہ کن حالات میں اس سے
کس طرح کے افعال سرزد ہوں گے ۔
اب جہاں تک Round یا پیچیده یا مکمل کردار کا تعلق
ہے وہ اس سے قطعی مختلف ہوتا ہے ۔ یہ حالات اور زمانہ کے تحت
بدلتا رہتا ہے۔ یہ شروع ہی سے پختہ نہیں ہوتے ۔ ابتدا سے انتہائک
ان کی شخصیت سیرت مختلف پہلو بدلتی رہتی ہے۔ چھوٹا نا رسٹ آئے
پیش نہیں کر سکتا وہ اس میں الجھ کر رہ جاتا ہے دنیا میں جتنے بڑے نادول
لکھے گئے اس میں Round یا مکمل کردار کو اہمیت دی گئی ۔ حقیقت
یہ ہے کہ کردار چاہے سادہ ہو یا کل اس میں زندگی ہونا ضروری ہے
اگر با دست ان کے بارے میں جانتا ہے تو وہ اپنے تجربہ کی بنا پر
سادہ کردار میں بھی دلچسپی پیدا کردے گا۔ دی بڑا ناول نگار کہلائے گا۔
مختصراً ناول کی ادبی اہمیت اس کی کردار نگاری پر منحصر ہے اگر کرد ازنگاری
پر توجہ نہیں کی گئی تواس ناول کی فنی عظمت ختم ہو جائے گی۔ انہیں کردار
کی بدولت ناول کا میابی کے ساتھ آگے بڑھتا ہے۔ یہی کردار ناول کی
آبرو ہوتے ہیں بقول احسن فاروقی :
حقیقت یہ ہے کہ کردار کسی قسم کے بھی ہوں ان میں
زندگی ہونا ضروری ہے کہ دہ ہارے دلوں کو اپنی طرف
کھینچے اور ان کی خدمات بات چیت وغیرہ سے یہی ظاہر
ہر کہ وہ جیتے جاگتے انسانوں کی طرح ہیں کیا
مختصر ناول میں کردار نگاری سے تعلق جتنی باتیں ہمے بھی ہی اس کا جٹ
عبدالقادر سروری نے یوں پیش کیا ہے :
عبد القادر سروری
کردار نگاری اپنے دیسی مفہوم میں نہ صرف ناول کی ادب
کے دیگر شعوں میں پائی جاتی ہے شکلا سیرت ، تاریخ انظم
کچھ کر دن کام پلاٹ دار ادبی تحریروں میں اس سے کچھ
جاتی ہے۔ لیکن ناول کی کردار نگاری
ایک خاص شان رکھتی ہے۔ بیران تمام خواص سے مخلوط
ہوتی ہے جو اوپر کے مختلف فنوں میں فرداً فردا پائے جاتے
ہیں۔ ادبیات کا کوئی شعبہ اس لحاظ سے ناول کی ہمسری کا
دعوی نہیں کر سکتا۔ ناول کے کردار عمیق ترین مشاہد ہے اور
فنی تکمیل کے ساتھ پیش کئے جاتے ہیں ۔
کردار کا نفسیاتی تجزیہ بھی ناول کی خصوصیات میں سے
ہے۔",3444
P3_1980_38,Zaban O Adab,1980,Magazine,"بار بار یہ سوال ذہن میں ابھرا کہ ادب میں مقدار کی کیا اہمیت
ہونی چاہئے۔ کوئی بھی ادیب شاعر کتنا کھ والے کہ اب میں اس کی اہمیت
مسلم ہو جائے ۔ جیسے ہی مقدار کی بات سامنے آئی فورا ادبی اقدار
کی با تیں بھی دست سوال پھیلا کر کھڑی ہو گئیں ۔ ادیب شاعر کو مقدار کے
ساتھ ساتھ کس حد تک اقتدار پر بھی توجہ دینی چاہئے ۔ ؟
جب بھی کتنا اور کس قدر کی بات سامنے آتی ہے تو تقسیم
مطلق
کی بات ہو جاتی ہے۔ ادب علم الحاب نہیں ہے کہ چار کو دو
سے
تقسیم کرنے پر جواب دوہی ہوگا ۔ اس لئے ادب میں اقدار د مقدار کے
متعلق فید مطلق مشکل ہے ۔ یہ نہیں کہا جاسکتا ہے کہ سوغزلیں نظمیں
یا کہانیاں لکھنے کے بعد ایک ادیب کو ادب میں اعزاز و افتخار مل جب )
چاہئے ۔ ادبی مورخوں کے لئے ضروری ہے کہ اس
کا تذکرہ پیش کرے نقادوں
کے لئے ان پر تنقید ناگزیر ہو جائے ۔
اد میں مقدار کی اہمیت مسلم ہے ۔ ادب ہی کیا زندگی کے
ہر گوشے میں مقدار و تعداد کی اہیت ظاہر و با ہر ہے۔ خصوصا آج کے
جمہوری عہد میں مقدار اور اعداد وشمار
کے سہارے ہی بڑے بڑے مسائل
حل کئے جاتے ہیں اور انعطاف توجہ تو اکثر اس پر منحصر ہے۔
جب سے زمانہ کا شعور انسانی تہذیب و تمدن کو ہوا اس
وقت سے تا حال مقدار کی طرف سب سے پہلے توجہ گئی ۔ اس نے مختلف
مقامات پر مختلف ذرائع اظہار کا زیادہ سے زیادہ استعمال کر کے اپنی
اہمیت سنائی گئی ۔ اس طرح ادب کے مطالعہ سے بھی یہ بات ظاہر
ہوتی ہے کہ اس کی ابتدائے آفرینش سے تا حال مقدار پر خاصی توجہ
دی گئی ہے ۔ رہی ادیب و شاعرا دبی طور پر قابل توجہ تھا جس نے ادب
کو ایک خاصی مقدار تلیق کی اور ایک قابل لحاظ عرصہ تک اس میں
رہا۔ کبھی کبھی تو آخری عہد میں ادبی تاریخ و تنقید نے اسے قابل توجہ
سمجھا اور بعضوں کو تو پس مرگ ۔ اس
کی مستحد مثالیں مل جائیں گی ۔ اور
ادب میں امیر فرد سے لیکر تا حال ادب کی دنیا میں دہی لوگ چھائے
رہے ہیں جنہوں نے کافی لکھا۔ آج کے دور میں بھی وہ ادیب و شاعر
جو رسائل وجرائد میں ہمیشہ چھپے رہتے ہیں ۔ ان کی طرف قاری اور
نا قد دونوں کی توجہ مبذول ہوتی ہے ۔ یادہ حضرات جن کی تخلیقات مضخامت
اور تعداد دونوں میں ایک بھاری بھر کم تعداد رکھتی ہے۔ اس میں پرو گندہ ۔
اور تعلقات وغیرہ بھی بے حد حمد و معاون ہوتے ہیں ۔ اچھی سے اچھی
صلاحیت کا مالک ادیب و شاعر کی اگر اچھی سے اچھی تخلیق سال میں صرف
ایک دو دفعہ تھے تو اس کی طرف بہت کم توجہ جاتی ہے۔ نہ تو قاری
ہی اسے قابل اعتنا بجھتا ہے اور نہ نقادری ۔ اس کے علاوہ ان کا باد
رکھنا بھی مشکل ہو جاتا ہے ۔ اس کے برنگکس وہ صاحبان قلم جو اپنی
بیشتر گھٹیا یا اوسط درجے کی تخلیق لے کر خاصی مقدار میں اشاعت
پذیر ہوتے ہیں ان کی طرف قیاری اور نقار دونوں ہی کی نظر جلد جاتی
ہے اگر خوش قسمتی سے انہیں تھیں باہمی، پروپگنڈہ اور تعلقات دیر مید
پختہ کی دولت بھی نصیب ہے تو پھر کیا کہنا ۔
اردو ادب کی تاریخ پری لنگاہ ڈالئے تو یہ بات واضح
ہو جائے گی کہ مقدار کی ادب میں بے حد اہمیت رہی ہے ۔ امیر خسرو
نے متد روشنیاں لکھیں اوران کا دیوان بھی کافی ضخیم تھا۔ ان کا شہرہ
بھی تھا اور تعلقات بھی کافی وسیع تر ۔ اس کا مطلب یہ ہر گز نہیں ہے
کہ میں ان کی تخلیقی صلاحیت و فطانت پر حرف لا رہا ہوں ۔ میں یہ
بات واضح کرنے کی کوشش کر رہا ہوں کہ اگر وہ صرف مشنری انتر آن
السعدین ہی لکھ کر ادبی دنیا سے کنارہ کش ہو گئے ہوتے تو وہ جو کچے آتے
ہیں غالبا نہیں ہوتے ۔ پریم چند نے بھی بھانت بھانت کی کہانیاں خاصی
تعدادمیں لکھیں۔ یہی کرشن چندر کے ساتھ بھی ہے ۔ عہد جدید کے
بعض ادیبا دشعرار بھی بسیار نویسی پر زیادہ توجہ دے رہے ہیں ۔
ادیب و شاعر کا ایمان بسیار نویسی اور مقدار پر ہو یاکہ نوری
پر پاور کوئی لال در علم و ادب میں ادب کی خاصیتیں اور
ان کی بنیادی قدریں ہونی چاہیں ۔ اس کا بھی خیال ہر عہد میں رکھا گیا
ہے۔ بعض اوقات تو Quantity کو Quality پر قربان
کو۔
کر دیا گیا ۔ جیسے عالم نے اپنے دیوان کا انتخاب تیار کرکے دیوان زادہ
تیار کیا لیکن میر نے اپنے دیوان میں رطب و یابس کو جے کر دیا اس لئے
موردی اکرام الدین که کنانی که دانش بنیات بند پستش بیات پست
مصحفی نے آٹھ در این لکھے مین آتش کا دیوان زیادی نفی ہوتے ہوئے
بھی مصحفی کے تمام دو دین پر فائق ہے۔ پنڈت دیا شنکر نسیم نے جب
انی مثنوی گلزار نیم کی اصلاح کی تو ان کے استاد آتش لکھنوی نے اقدار
کو مقدار پر فوقیت دی ۔ خود حضرت غالب کا دیوان چنیدہ اشعار کا
مجموعہ ہے اور انہوں نے خود ہی یہ کام انجام دیا۔ مومن کا دیوان ختصر
ہوتے ہوئے بھی ملانصیر کے دیوان پر فائق ہے ۔ موجودہ عہد میں بھی
بیری نے کم لکھا پھر بھی نئی اعتبار سے کرشن چندر پر فوقیت حاصل
ہے۔ بیسویں صدی میں ناول نگاروں کی بھیڑ کو نہیں خانوں میں بانٹ
جاسکتا ہے (1) سب سے بڑی تعداد ایسے ناول نگاروں کی ہے
جو پیشہ در بازاری اور تجارتی ناول لکھ کر کافی مشہور ہوئے ۔ وہ عام
قاریوں میں بھی کافی مشہور و مقبول ہیں لیکن ادبی حلقوں میں ان کی مقبولیت
برائے نام نہیں ہے۔ (۲) دوسری صف کے ناولوں میں مرزا ہادی حسن
رسرا کا امراؤ جان ادا عبداللہ حسین کا اداس نسلیں، شوکت صدیقی کا
ناول خدا کی بستی ، خدیجہ مستور کا ناول "" آنگن ، جمیلہ ہاشمی کا تماش
بہاراں فرق امین حید کا آگ کا دریا ، اور عظیم کا ناول پر چھائیوں
کی دادی وغیر ہ ادبی اور غیرادبی حلقوں میں خاصی شہرت و مقبو بیت اصل
موئی ۔ (۳) اس ضمن میں مولاناعبدالعلیم شر انشی پریم چند کرشن چندر
ایم عالم و نیم مجازی اور میں نظام پوری وغیرہ ہیں جنہوں نے قابل لحاظ
تعداد میں ناول لکھے تب انہیں بہ حیثیت ناول نگار ادب میں اعتبار
حاصل ہوا۔
یہاں
یہ بات بجا طور پر کہی جاسکتی ہے کہ اقتدار مقدار دونوں
کو ہی اہمیت حاصل رہی ہے۔ پہلی صف کے ناول نگار ادب میں اس لئے
بے
اختیار ہو
گئے کہ انکی تخلیقات میں ادبی اور نئی فریموں کی کمی ہے ۔
وہ بسیار نویسی کے باوجود کسی شمار میں نہیں آئے ۔ انہوں نے نہ تو کوئی
نی چیز ادب کو دی اور نہ پرانی پی ڈگر پر کامیابی سے گامزن رہے بلکہ
با سطحی مذاق ادب
کا لحاظار تھا۔ ان کا مقصد یلمی جذبات کو ابھار کر اپنے
تجارتی مقاصد کو فروغ دینا تھا ۔ دوسری صف کے ناول نگاروں کی تخلیقات
میں کچھ ایسی فرمیاں ہیں جن کی وجہ سے وہ اپنی پہلی ہی تصنیف کے بعد ادبی
لگا ہوں میں باوثوق اور قابل لحاظ ہو گئے ۔ انہوں نے موضوع ، موا دادن
فن کے اعتبار سے زیادہ لکھا موضوع کے اعتبار سے بھی جدت کے
حامل رہے۔ مگر فنی اعتبار سے اور ادبی اقدار کے نقطہ نظر سے ان کی ساری
تصانیف کیساں نہیں ہیں ۔ ان میں سے بعض میں نئی بھول بھی ہے
اور معنوں میں فنی جیتی بھی ہے ۔ اس لئے ناول کی دنیا میں مقدار واقد
دونوں نے مل کر انہیں ادب کی نظر میں با وفوق بنا دیا۔ ان کے ذکر کے
بغیر کوئی ادبی تاریخ کم اور نال پر کوئی تنقید پر پر نہیں کیے جاسکتے۔
مثنوی اور ناول نگاری کے میدان میں مقدار واقدار کی بنا پر یہ
تقسیم بہ آسانی ہوسکتی ہے مگر غزل، نظم، مرتیہ قصیدہ کہانی انشائیہ
اور مضامین کے میدان میں تقسیم شکل ہے اس لئے کہ ان اصناف کے
ڈھانچے، مثنوی ، ناول اور داستان کے مقابلے میں بہت مختصر ہیں۔
ان اصناف میں اعتبار حاصل کرنے کے واسطے کمیت و مقدار کو ہمیشہ
سرمبندی حاصل رہی ہے بسا اوقات اس کے مقابلے میں استدار کو
پس پشت ڈال دیا گیا ۔ اس لئے عہد عتیق میں دوغزالہ وغیرہ کو بڑی قدرد
منزلت کی نگاہ سے دیکھا جاتا تھا بلکہ اسے استادی اور کمال فن سمجھا
جا تا تھا ۔ اس طرح مرثیہ اور قصائد بھی تعداد میں خاصے اور طویل لکھے جاتے
تھے کیونکہ بسیار گوئی ان دونوں اصناف میں باعث افتخار و اعزاز بھی ۔
پوری ادبی تاریخ میں صرف دو شاہیں نہیں ملتی ہیں جن میں اقتدار فن کو اہمیت
دی گئی۔ وہ تھے حاتم جنہوں نے دیوان زادہ کے نام سے اپنے منیم دیروان
کا انتخاب پیش کیا ۔ یہاں بھی اقدار موی منظر نہ تھی بلکہ اقتدار لوله پیش نظر
تھا۔ ایہام گوئی کا مسلک سامنے تھا اور کچھ نامانوس الفاظ سے احتراز منصور
تھا یہ انتخاب بھی اتنا ضخیم تھا کہ اس کے متعلق آزاد لکھتے ہیں وہ صاد نادہ
بھی پانچ ہزار سے زیادہ کا مال بغل میں دبائے بیٹھا ہے ۔ دوسرے غالب
ہیں ۔ غالب فطری طور پر جدت پسند تھے اور تفکر و تاسف کو، اپنے زمانے
کے مزاج کے خلاف کلام کی جان سمجھتے تھے ۔ اس لئے مروجہ رنگ کے
خلاف انہوں نے اپنے نقطہ نظر کے اعتبار سے اپنے دیوان کا انتخاب
پیش کیا ۔ اس وقت وہ کافی لکھ بھی چکے تھے اور خاصے مشہور بھی ہو چکے
تھے۔ ان کا لورا ادبی دنیا مان چکی تھی اور جنہوں نے انکار کیا اس کی خوب
خبر بھی لی ۔ آتش نے نسیم کو گلزار نسیم میں اختصار، ایجاز اور وضاحت
مطالب کی تلقین کی مگر رعایت لفظی کے کرتب سے محفوظ نہ رکھ سکے۔
آتش خود بھی مقدار کی اہمیت سمجھتے تھے اگر وہ بھی زیادہ مقدار کو اہمیت
ہ دیتے تو اپنے دیوان کا انتخاب پیش کرتے غالباً اساتذہ فن کے
نا سے بھی شکل درپیش تھی کہ مقدار کوکس طرح کر کی جائے یا دھونس تو
مقدار سے بھی جیتی ہے۔ اگر شروع میں ہی بغیر ایک خاصی مقدار پیش کئے۔
تیرمیوں یا غالب مصحفی ہوں یا آتش ، شاد ہوں یا جگر صرف چند
غزلیں لکھ کر اس جہان فانی سے سدھار جاتے تو شاید انہیں کوئی جانتا
بھی نہیں اور ان کی انی گئی تخلیقات پر ماہ وسال کی اتنی دبیز گرد جم
جاتی
کہ آج انہیں کوئی پہچان بھی نہیں۔ اس کے علاوہ اکثر تذکرہ نگاروں
نے بھی متعد وشراء کی بسیار گوئی اور نود نویسی کی تعریف کی ہے ۔ اسی
زمانے میں ہی نہیں بلکہ آج بھی ادبا یا شراء اور نقاد فن یہ کہتے ہوئے
سے جاتے ہیں
کہ تبھی فلاں شخص بہت چھپ رہا ہے یا فلاں کی بہت
ساری تصانیف منظر عام پر آچکی ہیںتو یہ بات واضح ہو جاتی ہے کہ
مقدار کی اہمیت آج بھی مسلم ہے۔ مگر اس زمانے میں بھی صرف مقدار
سب کچھ نہیں تھی اور آج بھی نہیں ہے ۔ اگر مقدار ہی سب کچھ نہیں تھی
اور آج بھی نہیں ہے ۔ اگر مقدار ہی سب کچھ ہوتی تو انشا و مصحفی ،
تاریخ و جرات ، ذوق و لا نصیر، کلب علی خاں اور تسلیم لکھنوی
سر فہرست ہوتے۔
اس سلسلے میں یہ بات بھی دیکھنے میں آتی ہے کہ کل مقتدار کی
کمی کی وجہ سے مخصوص صنف میں جو شعرا نا قابل اعتنا تھے آج ان
کی اہمیت بہت زیادہ ہوگئی ہے۔ کیونکہ ان کی وہ خوبیاں جو
پہلے محفی تھیں اب منظر عام پر آئی ہیں ۔ آج کے ادبی نقاط انظر نے
کل کی نظرانداز شدہ تخلیقات کو اہم بنا دیا ہے ۔ مثال کے طور پر
تقصیدہ نگاری کے میدان میں ذوق کو غالب پر فوقیت دسر بلندی
بخشی گئی اس کی ایک وجہ یہ بھی تھی کہ ذوق کے مقابلے میں غالب
کے قصائد مقدار کے اعتبار سے بہت کم ہیں ۔ اس کے علاوہ جو
اسلوب ذوق کا ہے وہ غالب کا نہیں ہے اور طوالت کے مقابلے
میں اختصار کو کر رتبہ بھا گیا مگر آج فکر اور پیش کش کے اعتبار سے
غالب کے قصائد کو زیادہ سراہا جاتا ہے ۔ اسی طرح مثنوی نگاری کی
دنیا میں تیر کی حقہ منیاں گھرکی بر باد منہ کی طغیانی وغیر کی اہمیت
صفرتی مگر نظم نگاری کے ارتقا نے آج میر کی محفو شنویوں کی اہمیت
بہت بڑھادی ہے بلکہ نظم نگاری کی تاریخ مرتب کرتے وقت
ان کو نظر انداز کرنا مشکل ہوگا ۔ اس طرح اقبال کی غزلیں مقتدا میں
کم ہیں پھر بھی غزل نگاری کی تاریخ انہیں نظر انداز کر کے مل نہیں
کہی جاسکتی اسی طرح ادب میں مقدار و اقدار کی آنکھ مچولی ہمیشہ رہی ہے
اور آج بھی ہے ۔
ا ذرا معاملہ کیجئے مستعفی کے دوا دین کے مقابلے میں دیوان
غالب یا دیوان آتش - جوش کی نظموں کے مقابلے میں فیض کی نظموں کی
مقدار - شوق قدوائی اور سیماب اکبر آبادی کی شعری تخلیقات کے مقابلے
میں اقبال
کے اردو کلام کی مقدار خاصی کم ہے اس کے باد جہد ان کی
اہمیت کم مقداری کے بار بود فائق ہے ۔ اس کے علاوہ مقدار کے
اعتبار سے مختلف ادبا و شعر کے درمیان حد فاصل قائم نہیں کی جاسکتی۔
اور نہ مقدار کی تعین ہی ہوسکتی ہے ۔ اس میں قطعیت کی بات نہیں
کی جا سکتی تو اگر ایک صاحب دیوان یا صاحب مجموعہ شاعر کے مقابلے
میں ان شرار کی کیا اہمیت ہو سکتی ہے جنہوں نے چند ہی غزلیں یا
نظمیں کہی ہیں ۔ اور وہ اعلی او بی قدروں کی حامل ہیں مگر مقدار کم ہے۔
ناول اور مشری جنہیں ضخامت ہوتی ہے وہاں نقاد اور قاری دونوں
کی نگاہیں مرکوز ہو جاتی ہیں گرمختصر کھی جانے والی اصناف کے
سلسلے میں یہ دشواری پیش آجاتی ہے اور بہت سی اچھی تخلیقات
کم مقداری کی وجہ سے غیر معروف او را دلی طور پر neglected
ہو جاتی ہیں۔ اگر یہی ایک اصول ہو کہ جن شعراء وادبار نے کم مقدار
میں لکھا ہے تو باوجود اس کے وہ اعلیٰ پائے کی تخلیقات ہوں ادبی
تاریخ و تنقید انہیں رد کردے گی تو اس ضمن میں غالب ، آتش اور فین
وغیرہ بھی مقاباً اپنے عہد کے دوسرے قلم کاروں کے نظرانداز کردیئے
جائیں تو کوئی بات نہیں ہے۔ یا نظم کی گفتگو کرتے وقت تیر کو نظرانداز
کر دیجئے ، حالانکہ ایسی بات نہیں ہے تو پھر ان ادیبوں اور شاعروں
نے کیا بگاڑا ہے جہنوں نے چنداہم اور اعلیٰ قدروں کی حالت تحقیقات
ہے جنہوں چند
ادب کو دیں اور بعض وجوہات
کی بناپردہ کہ کھ کے ادب سے الگ
ہوگئے، یا انہوں نے مقدار پر اقدار کو فوقیت دی ۔ انہیں پیر ملا دیا
گیا۔ بعض حضرات یہ سوال کر سکتے ہیں کہ جناب مقدار و اقتدار دونوں
اہمیتیوں کے عالموں کو جب ہمارے ادبی سرزمین اور نقاد نظر انداز کرتے
میں تو اس صورت میں آپ کی بات تو دور کی کوڑی لانے کے مترادف
ہے ۔ اس صورت میں ہم تصرف میں کہ سکتے ہیں کہ بلدیاتی اد طرفداری
یا Pick &
choose کی بات تو سراسر نا انصافی ہے ۔ مجھے ایسے
لوگوں کی بات نہیں کرنی ہے۔ میرے پیش نظر تو ایمان دار ناقدین
اور ادبی مورخین ہیں۔ بعض وقت تو ایمان دار ناقدین کی آسانی سے
یہ کہ سکتے ہیں کہ فلاں صاحب کی تخلیقات اچھی ہوتے ہوئے بھی
انہیں دستیاب
ہوسکیں، مگر یہ باتیں مولوی محمد حسین آزاد یا ان سے
قبل کے تذکرہ نویس کہنے میں حق یہ جانب ہو سکتے تھے مگر
آج یہ دشواریاں سر راہ نہیں ہیں ۔ اس راہ میں بہت سی غیر ادبی
دشواریاں بھی حائل ہو جاتی ہیں ۔
میرے خیال میں ایسے اوبار د شعراء جنہوں نے کم مقدار
میں لکھا۔ نہ ان
کا کوئی مجموعہ ہے اور نہ ایران ۔ اگردہ اعلیٰ قدروں کی
حامل ہیں تو انہیں انتخابات میں شائع کیا جاسکتا ہے یا رسائل سے یکجا
کرکے مجموعہ ترتیب دیا جا سکتا ہے ۔ مورخوں اور نقادوں کو چاہئے کہ
اس
کا خیال رکھیں کہ ان کی اہمیت کم مقداری کا شکار نہ ہوجائے۔
اور بہت سے کم درجے کے ادق امام کا مقدر کی زیادتی کی وجہ سے
اہمیت کے حامل نہ ہوجائیں ۔ ادبی مورخوں کو اس طرح کی تفتیش و تحقیق
لنگاہ میں رکھنی چاہئے اور نقادان فون بھی بسیار نویوں کے ساتھ کر نویسیوں
کو شامل
کر سکتےہیں تاکہ انکی تخلیقات پر محض کم مقداری کی ضرب نہ پڑ کے
اور کچھ عرصہ کے بعد اس طرح کے اعلیٰ ادب کے فن پارے ماہ و سال
کی گرد میں کھو نہ جائیں ۔ ماضی میں بھی بعض کوششیں مشکور ہوئی کہ ان میں
بسیار توانیوں اور کم نو یوں دونوں طرح کے فنکاروں کو نمائندگی دی گئی
اور کم مقداری کو اتلاف سے بچایا گیا۔ مشکل ترقی پسند انسانوں کا مجموعہ
انگارہ اورحال میں نظم جدید کی کردیں ، غزل انسائیکلو پیڈیا
اور نے نام وغیرہ مگر یہ کوششیں وسیع پیمانے پر نہں ہوئیں بار خاص
کتبہ خیال کی نمائندگی کرتی ہیں ۔
اس کے علاوہ متقی ہی کو لیجئے کم مقداری فی طور پر حائل نہیں
ہے جیسے جوش کے ضخیم مجموعوں سے چندہی نظوں پر اظہار خیال کیا جاتا ہے۔
اسی طرح فیض کے مختص مجوں میں سے بھی کچھ ہی نظمیں چن لی جاتی ہیں۔ اس
طرح ایک بڑی تعداد میں سے ایک چھوٹی تعداد چن لی جاتی ہے ۔ اسی پہنچے پر
وہ اعلی پائے کی تخلیقات خواہ وہ گئی میںہی کیوں نہ ہوں اور فن کار
کتابی غیر مرد کیوں نہ ہو، ادبی تاریخ و تنقید میں جگہ منی چاہئے۔
مقدار کی صلیب پر لگائے نہ جائیں اور ادب کو قلاش ہونے سے
بچایا جائے۔ مورخوں اور نقادوں کو مزید تحقیق کا بوجھ خندہ پیشانی ہے
برداشت کرنا چاہئے ۔ اس لئے کہ کسی بھی ادب کی رفتار کی صحیح سمت کی
تعین اور مشعل راہ کا کام اور ان کی قدروقیمت کا اندازہ اس ادب
کی صالح تنقید اور بے لاگ تاریخ ہی کرتی ہے ۔ اور یہ دونوں ادب
کی بقا کے ضامن ہیں ۔ بد قسمتی سے اُردو ادب کی ابھی تک کوئی مستند
تاریخ نہیں کی گئی ہے اور نہ عہد بہ عہد کی مفصل تنقید ی چند
صف اول کے قلمکاروں یا کچھ پسندیدہ فنکاروں کو ہی سب کچھ سمجھا
گیا۔",3045
P3_1988_39,Zaban O Adab,1988,Magazine,"یوں اور دوزبان میں مختلف علوم تحقیقی کتابیں لکھی گئی
ہیں، لیکن میری بحث محدود ہوگی ۔ یہاں اس عنوان کے تحت سرف
ادبی تحقیقات کا تعارف اور ان میں سے بعض پر تہ ہوگا۔ اردو میں
تحقیق سے مراد اردو شاعروں اورسادیوں سے تعلق تحقیقات سے
ہوگی نیز غیرملکی زبان کے شعرا اور ادب پر اردو میں کی گئی تھی یا نہیں
بھی اس ذیل میں آئیں گی ۔ بلحاظ زمانہ ہم اردو تحقیق کو چار ادوار میں
اس آئیں بالا ہم اردو
تقسیم کر سکتے ہیں ۔ تاریخی ترتیب سے مطالعہ کرنے پر اردو کے تحقیقی
سرمایے کے تجزیے میں آسانی ہوگی نیز بی بھی معلوم ہوا کہ کی روشنی
میں اردو تحقیق نے کیا ترقی کی ہے اور خواندہ طبقہ کو تحقیقی ذہن عطا
کرنے میں کیا کردار ادا کیا ہے اور یہ کردار ہمارے معاشرے کے لئے
کیسا مثبت رہا ہے اور کتنا مفید ثابت ہوا ہے ۔
دور اول :
اردو میں ادبی تحقیق کے ابتدائی منو نے اردو شاعروں کے
تذکروں میں ملتے ہیں ۔ جب ریختہ میں شاعری شروع ہوئی تو زیادہ
سے زیادہ افراد اس فن شریف میں دلچسپی لینے لگے ۔ قدیم شاعروں
کے رنجنہ گوئی کی طرف خاص توجہ کی۔ ان ہی کی وجہ سے ریخت کا
انتقائے عام ہوا۔ سماج کے ہر طبقے کے لوگ منہ اعروں میں
جسے اس وقت مراختہ بھی کہتے تھے ، شریک ہوتے ۔ اور اُلٹے
سیدھے کچھ اشعار کہہ کر اساتذہ سے رجوع کرتے لازماً شاعروں
اور متشاعروں کی تعدادمیں اضافہ ہونے لگا۔ ہم دیکھتے ہیں کہ دورا تدل
کے ریختہ گو شعرا میں شرفا اور اہل زبان کے علاوہ بخار، آہن گر،
خورده فروش و غیرہ بھی کثیر تعداد میں موجود ہیں ۔ حافظ محمود شیرانی نے
مجموعہ انغز کے مقدمہ میں ان کا احاطہ کیا ہے ۔
جب ریختہ گو شعر کی تعداد بڑھی تو سنجیدہ حلقہ میں یہ فکر بھی لاحق
ہوئی کہ شعرائے ریختہ کو یاد گار زمانہ بنانے کی صورت اختیار کی جائے۔
شعرائے ریختہ کی تذکرہ نگاری کے کئی اسباب ہیں یہاں ان کا احاطہ
مقصود نہیں۔ کہنا صرف یہ ہے
کہ ریختہ گوئی کی بڑھتی ہوئی مقبولیت
نے ہمارے بعض شاعروں کو تذکرہ نگاری کی طرف مائل کیا ۔ فارسی
ادب میں تذکرہ نگاری کی روایت پہلے سے موجود تھی۔ اس روش
کے مطابق شعرائے ریختہ کے تذکرے مرتب کئے گئے، گرچہ ایک
مترت تک ان
کی زبان بھی فارسی ہی رہی ۔
شعرائے ریختہ کے ان تذکروں میں اردو شاعروں کے مختصر
حالات زندگی ان کی سیرت و شخصیت اور شاعری پر تبصرے اور
نمونہ ہائے کلام پیش کئے گئے ہیں۔ یوں تو ان میں زیادہ تر سرسری
باتیں ہی ملتی ہیں، لیکن دو وجہوں سے چند تذکرے کافی اہمیت
کے حامل ہو گئے ہیں۔ اولاً ، بعض تذکرہ نگاروں نے چھان
بین اور تلاش و جستجو سے کام لے کر اردو زبان ، اردو شاعری
اور مختلف سماجی، سیاسی ،مذہبی اور ادبی و متنی حالات د تحریکات
سے تعلق معلوماتی مواد اپنے تذکروں میں جمع کردیے ہیں۔ ان کی حیثیت
اطلاع اول (First hand information) لی ہے۔
قدیم شعرا سے متعلق وہ معلومات نہیں کہیں دوسری جگہ نہیں مل سکتیں۔
آج کے محقق کی نگاہ میں وہ منزل کا نشان بنانے والے سنگ ہیں۔
بابائے اردو ڈاکٹر عبد الحق کی رائے بالکل صائب ہے کہ :
..... ہمارے شعرا کے تذکرے کو جدیدا اصول کے
مطابق نہ لکھے گئے ہوں، تا ہم ضمنی طور پران میں بہت
سی کام کی بانہیں مل جاتی ہیں جو ایک محقق اور ادیب، کی
نظروں میں جو ہر ریزوں سے کم نہیں ۔ “
ثانیاً ، کئی قدیم تذکروں میں تحقیق کے دہ اصول اپنائے گئے ہیں
جو آج بھی تسلیم شدہ ہیں ۔ جیسے شاعروں کو خطوط لکھ کر ان کے
احوال و آثار جمع کرنا یا ذریعہ معلومات Source of)
(Information بتا دینا یا تنقیدی تجزیہ کر کے حقائق کا
پتا لگانا۔
ان در اہم ترین تحقیقی خصوصیات کو مثالاً سمجھنے کے لئے
دو تین تذکروں کا مطالعہ مفید ہوگا۔ جسے تذکرہ شورش ، گلزار
ابراہیم، تذکرہ عشقی وغیرہ ۔
شعرائے ریختہ کے اولین تذکروں میں میر تقی میر کے نکات
الشعرا کو سب سے زیادہ اہمیت حاصل ہے۔ میراردو غزل کے
بادشاہ سمجھے جاتے ہیں ۔ انہوں نے اپنے تذکرے میں ادبی
تنفقیر کی ایسی راہ کھولی جس کے کناروں پر سخن سنجی سخن فہمی
اور نقد سیحون کے مردار درخت نظر آتے ہیں۔ انہیں حق تھا کہ
بعض شاعروں پر سخت نکتہ چینیاں کریں ۔ لیکن ادبی نکتہ چینیوں
کے ساتھ انہوں نے شعرا کی ذاتی زندگی پر بھی حملے کے نتیجہ یہ ہوا
کہ مملکت غزل کی شاہنشہی کے باوجو دایوان تذکرہ نگاری میں
ان کی سخت مخالفت کی گئی پروفیسر کلیم الدین احمد نے بالکل صحیح
لکھا ہے کہ "" میر نے تذکرہ کیا لکھا کہ مخالفت کی لہر دوڑ گئی۔
تذکرہ نگاروں نے میر کے اعتراضات کا جواب دینے کی پوری
کوشش کی ۔ اس سلسلے میں سید فتح علی گردیزی ، قیام الدین قائم
اور پچھمی نرائن شفیق کے نام خاص طور پر سامنے آتے ہیں ۔ لیکن
واقعہ یہ ہے کہ میر کے معترضوں میں میر غلام حسین شورش عظیم آبادی
سب سے زیادہ قابل توجہ ہیں ۔ نکات الشعر اسلام /
میں لکھا گیا تھا۔ شورش عظیم آبادی نے اپنا تذکرہ ۴۷۶/۱۹
میں لکھا اور اس کا نام رموز الشعرا رکھا ۔ نام سے ظاہر ہے کہ یہ
نکات الشعرا کا جواب ہے ، مگر یہ تذکرہ شورش کے نام سے مشہور
ہوار میں نے اپنی کتاب بہار میں تذکرہ نگاری میں تفصیل سے
ان دونوں تذکروں کا تقابلی جائزہ پیش کیا ہے ۔ مگر سب سے پہلے
ڈاکٹر محمود الہی سے نکات الشعرا کے بالمقابل رموز الشعرا کی حقیقی
تنقیدی اور سوانحی حیثیت پر روشنی ڈالی تھی ۔ آنجناب کا مقالہ ان کی
کتاب بازیافت میں شامل ہے جس میں تذکر کا شورش نسخہ جون پور کا
تفصیلی تعارف پیش کیا گیا ہے ۔
تذکرہ شورش کے دو نسخے تھے ۔ ایک ہوڈلین لائبریری
آکسفویه و (لندن) اور دوسرا خانقاہ رشیدیہ جون پور (یوپی) میں
ستھا۔ بودولین والے نسخہ کو پر وفیسر کلیم الدین احمد نے تذکرہ عشقی
کے ساتھ دو تذکرے کے نام سے سلالہ میں شائع کر دیا تھا نسخہ
جون پور کو ڈاکٹر محمد الہی نے مرتب کر کے ۱۹۸۲ء میں اتر پردیش
اردو اکادمی سے شائع کیا ہے ۔ ثانی الذکر نسخے میں موالف تذکرہ
کا طویل دیباچہ ہے، نیز یہ نسخہ اول کے مقابلہ میں مستند و معتبر
نسخہ ہے ۔ اس تذکرے کے مطالعہ سے یہ حقیقت بخوبی ظاہر
ہو جاتی ہے کہ اس میں اردو شاعروں اور ادیبوں سے متعلق اتنا
تحقیقی تنقیدی اور سوانحی مواد موجود ہے جو اس وقت تک لکھے
گئے تذکروں میں سے کسی میں نہیں ہے ۔ بارہویں صدی ہجری
کے اواخر میں شمالی ہند کی اردو شاعری سے کما حقہ واقفیت کے
لئے تذکرہ شورش سےزیادہ اہم اور بنیادی اخذ کوئی دوسرا تذکرہ
اہم
نہیں ہے ۔
اسی طرح شعرائے ریختہ کے تمام تذکروں میں اپنی انفرادی شان
کے لئے گلزار ابراہیم ہمیشہ ہی مشہور رہا ہے۔ اسے نواب علی
ابراہیم خان خلیل نے ۱۱۹۸ / ۱۷۸۴ ء میں مکمل کیا ۔ اس تذکرہ
میں چند ایسی خوبیاں ہیں جو ہمیں اردو شاعروں کے کسی تذکرے
میں پہلی بار نظر آتی ہیں ۔ مثلاً :
(1) سب سے پہلے خلیل نے ہی اُردو شاعروں کے حالات
زندگی بیان کرنے میں ماہ وسال کی نشاندہی کی ، بالخصوص اسن
وفات اور دیگر نین معلوم ہونے پر انہوں نے اہتمام سے لکھے۔
(۲) خلیل نے ہی یہ طریقہ اختیار کیا کہ ملک کے دور دراز
علاقوں میں بسنے والے شاعروں کے حالات جمع کرنے کے لئے
انہیں خطوط لکھے ۔ ان خطوں کے جواب میں جن شاعروں نے اپنے
حالات لکھ کر بھیجنے ان میں سے کچھ کے حالات ان ہی کی زبان
میں شامل تذکرہ کر لئے ۔
(۳) خلیل ہی پہلے تذکرہ نگار ہیں جنہوں نے اپنے تذکرہ
کو تنقید و نکتہ چینی سے آلودہ نہیں کیا ۔ ہم کہ سکتے ہیں کہ خلیل نے
اپنے تذکرے کے ذریعہ خالص تحقیقی اور تاریخی روش تذکرہ نگاری
میں ایجاد کی۔
() اگر چہ گلزار ابراہیم بھی فارسی زبان میں ہی لکھا گیا گھر
اس میں فارسی انشا پردازی سے حتی المقدور پر ہیز کیا گیا ہے
اور ساری توجہ اطلاع بہم پہنچانے پرصرف کی گئی ہے ۔ حالانکہ اس
وقت فارسی انشا پردازی سے تقطع تعلق کرنا ایک ادیب کے لئے
بڑا مشکل کام تھا۔ خلیل نے صاف سیدھی زبان میں اختصار
کے ساتھ زیادہ سے زیادہ معلومات فراہم کر دئے ہیں ۔
ان خصوصیتوں کی وجہ سے گلزار ابرا ہیم تحقیقی لحاظ سے
اہم ترین تذکرہ قرار پاتا ہے۔ اس کی اطلاعات پر آج کا محقت بیش
از بیش اعتبار کرتا ہے ۔
تحقیقی نوعیت کے تذکروں میں تیسرا اہم نام تذکریا عشقی
کا ہے۔ اسے شیخ محمد وجیہ الدین عشقی نے تالیف کیا ۔ قاضی
عبدالودود کا خیال ہے کہ تا کرہ کشتی ۱۲۰۵ ھ اور ۱۲۲۹ھ کی
درمیانی مدت میں لکھا گیا تھا یہ لیکن ڈاکٹر حنیف نقوی کا خیال
ہے ہے کہ اس تذکرہ کی تالیف کا آغاز ۱۱۸۸ سے پہلے ہو چکا تھا اور
اس کی تکمیل ۱۲۴۶ھ کے قریب ہوئی ہے ۔ ڈاکٹر نقوی نے جو
دلیلیں پیش کی ہیں، ان میں وزن ہے ۔
تذکرۂ عشقی کے سبھی دونسخوں کا علم اب تک ہوا ہے، ایک
بود لین لائبریری لندن میں ہے اور دوسرا قاضی عبد الودود کے پاس
تھا نسخہ کو ڈلین کو پروفیسر
کلیم الدین احمد نے ۱۹۶۳ء میں جیسا
کہ میں نے پہلے بتایا ۔ تذکرہ شورش کے ساتھ دو تذکرے کے
نام سے دو جلدوں میں شائع کر دیا ہے ۔ اور قاضی صاحب والے
نسخے سے بھی استفادہ کیا ہے ۔ اس طرح مطبوعہ تذکرۂ عشقی مستند
ہو گیا ہے۔ اس تذکرے میں بھی شعرا کے متعلق کانی معلومات ہیں۔
شاعروں کے حالات میں بیشتر مقامات پر سنین واقعات بنا دیے
گئے ہیں ۔ اور سوانحی امور کے اندراج میں مولف کی طبیعت وسعت
کی طرف مائل رہی ہے ۔ فارسی انشا پردازی سے یہاں بھی پر ہیز ہے ۔
بعض شاعروں کی سیرت و شاعری پر مختصر استبصرہ بھی ہے ۔ لیکن
خوردہ گیری نہیں پائی جاتی ۔ اس تذکرے کی ایک اور اہم خوبی یہ
نظر آتی ہے کہ اس میں اردو نثر سے بڑھتی ہوئی رغبت کے اشارے
ملتے ہیں ۔ عام طور پر یہ کہا جاتا ہے کہ اردو شاعری کے ابتدائی
دور میں رنجیتہ کو صرف شاعری کے لیے ہی استعمال کیا جاتا تھا اور
نشری اظہار کا ذریعہ فارسی ہی تھی ۔ یہ خیال ایک حد تک صحیح ہو سکتا
ہے۔ اردو شعرا در اور با ریختہ کو شعر د شر دونوں کے لئے استعمال کرتے تھے
اس طرح ہم دیکھتے ہیں کہ اردو شاعروں کے پرانے مار کر دی ہیں۔
اُردو تحقیق کے قابل لحاظ نمونے موجود ہیں۔ اگر یہ ان کی حیثیت
ابتدائی نقوش کی ہے، تاہم، آج کے حق کو ان سے کافی روشنی
ملتی ہے ۔ اس میں شک نہیں کہ بہت سی باتوں میں ہمارے تذکرہ
نگاروں نے سابقہ تذکروں کی پیروی کی ہے، مگر وہ چھنتی اطلاعات
فراہم کرنے سے غافل بھی نہیں رہے ہیں ۔ جہاں تک بن سکا ہے،
انہوں نے تحقیق کے طریقہ کار کو اپنایا ہے ۔ مواد کے حصول اور
ترتیب میں ان
کی محققانہ روش سے یہ اندازہ ہوتا ہے کہ دہ تحقیق
کی اہمیت کو سمجھتے تھے۔ وہ تحقیق کو ایک فن کی حیثیت سے تو
نہ برت سکے اور شاید انھیں اس امر کا زیادہ احساس بھی نہ تھا،
لیکن حقیقت
کی تلاش اور صداقت
کی نگہداشت ان کا بین میری نظر
تھی ۔ ان ہی وجوہ کی بنا پر شعرائے ریختہ کے قدیم تذکروں کی تحقیقی
اہمیت ہمارے نزدیک قابل تسلیم ہے ۔
انیسویں صدی کا وسط ہندوستان کی سیاست کے لیے
ہی نہیں، یہاں کی ادبی اور تہذیبی زندگی کے لئے بھی ایک تصیلہ کتن
وقت ثابت ہوا ہے ۔ وسط انیسویں صدی نے اعلان کر دیا کہ
پرانی مجلس برخاست ہوتی ہے اور اب نئے لوگ نئی روشنی میں
نئے تقاضوں کے تحت نئی محفل آراستہ کریں گے اور قصبہ جدید
قدیم دلیل کم نظری نہیں سمجھا جائے گا مغلیہ سلطنت کی گرفت ڈھیلی
پڑنے سے ہندوستان میں ایسی مہوتی کیفیت پیدا ہوگئی تھی۔
جس نے ہمارے تمدن اور علم وادب کو بری طرح متاثر کیا۔
وہ عبوری دور تھا۔ لازماً ہمارے ادیب و محقق کشمکش میں مبتلا
یہ ہے کہ کیا لکھا جائے ، کس پہلو پر زور دیا جائے اور کن امور سے
چشم پوشی کی جائے ۔ خیالات سے دماغ خالی نہ تھے۔ خیالات
دماغوں میں پکتے رہے اور بالآخر ہمارے ادیوں نے اپنی راہیں
متعین کرلیں سرسید احمد خان، مولوی محد حسین آزاد، مولوی الطاف
حسین حالی اور مولانا شبلی نعمالی جیسے ادیب سامنے آئے ۔ ان کی
تصنیفات اس وقت کے تناظر میں ہمیں ایک خاص فکری پہنچ کا
پتہ دیتی ہیں۔
مسلم تہذیب و ثقافت، علوم وفنون اور دیگر نقوش سلطنت
تیموریہ پر گردش زمانہ نے گرد ڈالنی شرو ع کر دی تھی ۔ ان کے احوال
آثار کو ثبات و درخشانی بخشنے کا واحد ذریعہ ہمارے پاس قرطاس و
قلم تھا۔ چنانچہ سرسید نے اس جانب توجہ کی گرچہ اردو تحقیق میں
سرسید کا کوئی مقام نہیں بنتا، تاہم ان کی تصنیف آثار الصنادید
(۱۸۴۷ ) اردو میں اپنے موضوع پر نادر کتاب ہے ۔ ڈاکٹر تنویر
احمد علوی نے اسے اردو میں پہلا حقیقی کارنامہ "" قرار دیا ہے بلیلہ
آزاد کو اردو شاعروں کو زندگی بار یا عطا کرنے کا خیال ہوا ۔ یہ
خیال پرانے تذکرہ نگاروں کو بھی تھا مگر
انہیں کیا خبر تھی کہ زمانہ کا ورق الٹ جائے گا۔
پرانے گھرانے تباہ ہو جائیں گے ۔ ان کی اولاد ایسی جاہل
رہے گی کہ اسے اپنے گھر کی باتوں کی بھی خبرنہ رہے گی
اور اگر کوئی بات ان حالات میں سے بیان کرے گا
تو لوگ اس سے سند مانگیں گے سدر
یہ جملے خاص منظر ر کھتے ہیں ۔ آزاد کا روئے سخن ۱۸۵۷ء کے
انقلاب کی طرف بھی ہے جو اس وقت نا کام ہوکر عظیم تہذی ہی
اور فکری انقلاب کا پیش خیمہ ثابت ہوا ۔ آزاد کو سیا حساس شدت
سے تھا کہ زمانہ نے جو درق التا ہے، اس سے سب سے زیادہ
مسلم گھرانے اور اردو کے شیدائی متاثر ہوئے ہیں۔ چنانچہ
انھوں نے آب حیات کے ذریعہ مٹتے ہوئے نقوش کو جدید ہ عام پر
ثبت کرنے کی کوشش کی ۔
حالی نے شاعری اور تنقید کے علاوہ سوانح عمریاں بھی لکھیں۔
ان کی ساری کاوش نئے وقت کے تقاضے پر دانشمندانہ غور وفکر
کا نتیجہ ہے ۔
حالی شاعر، نف را در سوانح نگار تھے تو شبکی نقادت ع
سوانح نگار اور حق اسلام بن کر ابھرے ۔ اسلامی تحقیق کی طرف
مائل ہونا کیا مقتضائے وقت نہ تھا ؟ مستشرقین نے تحقیق کے
نام سے اسلام پر جو یلغار کر رکھی تھی ، اس میں مشرق کی نوجوان نسل
کا اپنی شناخت برقرار رکھنا نہایت مشکل امر تھا۔ اگر عین وقت
پر شبلی نعمانی اس طرف متوجہ نہ ہوتے تو ہماری تاریخ خود ہی ہماری
نظروں میں یقینا مشکوک ہو جاتی ۔
اس تجزیہ کی روی میں ہم کہ سکتے ہیں کہ عبوری دور کے انقلابات
نے ہمارے مصنفین کو ایک خاص تحقیقی انداز بخشا۔ نتیجہ ہیں اور دقیق
کا جو دوسرا دور ہمارے سامنے آیا وہ شعائر مشرق کی بازیافت کا دور
کہلانے کا مستحق ہے ۔ یہ دور ۱۸۸۰ء سے شروع ہوتا ہے جب
مولادی محمد حسین آناد نے ابحیات لکھی ۔
دور دوم آزاد
دور دوم کے پہلے محقق آزاد ہیں ۔ انہوں نے ۱۸۸۰ء میں
آب آیات لکھی اور ۱۸۸۷ مر من سخندان فارس شائع کی ۔ ہمارے
موضوع میں یہی دونوں کتابیں قابل ذکر ہیں ۔ آبجیات بنیادی
طور پر تذکرہ ہے مگر تاریخ کے انداز میں لکھا گیا ہے ۔ تذکروں
کی عام نا می بینی تحقیقی معلومات کی کمی کا احساس آزاد کو شدت
سے تھا۔ انہوں نے آنحیات میں علوم وفنون کی نئی روشنی کی طرف
اشارے کئے تھے ۔ اس روشنی سے شمع جلا کر اپنے گھروں کو روشن
رکنے کا خیال عام ہونا گیا۔ یہی روشنی کا ہی نتیجہ تھا کہ پرانے
تذکروں کی خامیاں زیادہ واضح صورت میں دیکھی گئیں اور تمہارے
نئے تذکرہ نگار جن کے پیش رو آزاد تھے، ان خامیوں سے بچ کر
تاریخی اور تحقیقی موادفراہم کرنے پر آمادہ اور مضر ہوئے اور آزاد کی
بھی تحقیقی لغزشوں کی نشاندہی کی ۔ آزاد نے اپنے طور تحقیق کی تھی
لیکن اپنے ماخذ سے قارئین کو مطلع نہیں کیا تھا۔ پھر ان کے لطف
زبان نے تحقیقات کو مہم سا بنادیا تھا۔ اس لیے آئجیات کا
رد عمل ہوا ۔ پروفیسر سید مسعود حسن رضوی ادیب نے "" آبجیات کا
تنقیدی جائزہ “ لکھ کر یہ ثابت کیا تھا کہ آزاد کے بیشتر بیانات
قدیم ماخذ پر مبنی ہیں ۔ لیکن قاضی عبدالودود نے آزاد کا بحیثیت
محقق جو جائزہ لیا ہے ۔ اس سے آبیات کا تحقیقی جرم قائم نہیں
رہتا۔ اس کے باوجود یہ کتاب خواندہ طبقے میں ہمیشہ مقبول رہی ہے۔
سخندان فارس لسانی تحقیق پر مبنی کتاب ہے ۔ اس کتاب
کے متعلق سے ڈاکٹر محمد حسن لکھتے ہیں لیے
سخندان فارس علم لسانیات پر اردو کی اولین تصانیف
میں ہے ۔ بلاشبہ آج کے دور میں علم لسانیات کے جو
اصول و ضوابط ہیں، وہ آزاد کے زمانے سے بہت مختلف
ہیں، لیکن ایک ایسے دور میں جب یہ علم نیا نیا تھا اور
اردو میں علمی موضوعات و مسائل کی طرف بہت
کم توجہ کی
گئی تھی ، اس کتاب کی حیثیت کارنامے سے کم نہیں۔
آزاد اردو کے پہلے محقق تھے جس نے اردو اور فارسی کے
سانی رشتوں کی طرف توجہ دلائی۔ یہی نہیں۔ انہوں نے
قدیم فارسی اور قدیم سنسکرت کے لسانی رشتوں پر
بھی زور دیا اور یہ ثابت کیا کہ اردو کی لسانی اور ادبی درانت
میں صرف فارسی ہی کا نہیں بلکہ قدیم سنسکرت کے
ذخیروں کا بھی بڑا حصہ ہے
حالی :-
حالی نہ ہوتے تو اردومیں سوانح نگاری کو وہ فروغ نصیب
نہ ہوتا جو ان کی کوششوں سے ہوا ۔ اور تنقید کو بھی قوت و توانائی
ملنے میں خاصی دیر لگتی۔ حالی کی تحقیقی صلاحیت ان
کی تنقیدوں اور
سوانحی کتابوں میں جابجا نظر آتی ہے۔ مقدمہ شعر و شاعری میں مختلف
اصناف شعر پر انہوں نے جو تنقید کی آس میں ان کے تحقیقی مزاج
کو بھی دخل ہے اور اسی لئے اس تنقید میں جان پڑ گئی ہے ۔ مگر
اس نقطہ نظر سے مقدمہ حالی کا مطالعہ نہیں کیا گیا ہے ۔ میں اس
موضوع پر کبھی الگ سے گفتگو کروں گا ۔ حالی کی تحقیق کے ذیل میں
ان کی سوانح عمریوں کے نام بطور خاص ذہن میں آتے ہیں ۔ یہ ہیں،
حیات سعدی (۱۸۸۴ء) یادگار غالب (۱۸۹۷ء) اور
حیات جاوید (۱۹۰۱ء) ، یہ تینوں سوانح عمریاں ابو سوانح نگاری
کی بلند و بالا عمارت کے سنگ بنیاد ہیں ۔ جاگی نے ان کی تالیف
میں جو حقیقی کوشش کی ہے، اس کا اعتراف نہ کر نا ظلم ہوگا۔ حق تو
یہ ہے کہ غالب اور سعدی و سرسید کے مستندا در فصل حالات
اردو میں پہلی بار حالی نے ہی فراہم کئے ۔ وہ سعدی پر نہ لکھتے تو شاید
اتنا حرج نہ ہوتا کیونکہ حیات سعدی سے واقفیت کے دوسرے
ذرائع موجود تھے لیکن اگردہ غالب اور رسید کو موضوع نہ بناتے
تو ہمارا قومی نقصان ہو جاتا ۔ غالب شناسی میں بہت تاخیر ہو جاتی
اور سرسید یادت در از تک ما به النزاع ( controversial)
بنے رہتے ۔
حاتی کی ان کتابوں پر کچھ اعتراض بھی ہوئے ۔ حیات جاوید کو
دیکھ کر مولانات بکی نے کہا کہ "" یہ کذب و اختراع کا آئینہ ہے""
اور پڑھ کر کہا کہ سرسید کی مایل مداحی کی ہے۔ “ اس وقت عام
اعتراض یہ تھا کہ حالی نے ان شخصیتوں کو اپنا مثالی ہیرو مان لیا
ہے، اس لیے شروع سے آخر تک عقیدت ہی عقیدت ہے ۔
ان کتابوں میں انسان کی حیثیت سے ان کی لغزشوں اور غلطیوں
کی نشاندہی نہیں کی ہے ۔ اس اعتراض کا جواب اردو کے کئی
دوسرے سیرت نگاروں کے حوالے سے حامد حسن قادری نے
یہ دیا ہے ہے
مہندوستان کے سیرت نگاروں کو تحقیق و ترقیق اور
تجزیه و مفید کا سلیقہ تو آ گیا ہے، لیکن بے لاگ اظہار
رائے کی اخلاقی جرات پیدا نہیں ہوئی ۔ مولانا حاکی تو
بالطبع نهایت با مروت، صلح پسند' ہر باش دعیب
پوش تھے ۔ انہوں نے اگر غالب دسرسید کی عیب جوئی
نہی کی تو علامہ آنداد اور علامہ شبلی کی کوتاہیوں پر بھی
پردہ ڈالا ہے کیا
میں اس جواب سے پوری طرح منظم کی نہیں ہوں ۔
شیلی
حالی کے قریب ہی شبکی نظر آتے ہیں۔ لیکن تحقیق میں ان کا
شانہ حالی سے کچھ نکلتا ہوا نظر آتا ہے ۔ یوں تو شبی حالی سے عمری
بین سال چھوٹے تھے مگر علمی تحقیق میں وہ ہم عصر حاکی ہیں ۔ انہوں
نے تحقیقات کا ایسا ذخیرہ فراہم کیا ہے جس کی وجہ سے وہ حاکی
سے بلاشبہ بڑے محق قرار دیئے جائیں گے ۔ انہوں نے المامون
(۱۸۷۹ء) سیرة النعمان (۶۱۸۹۳) اور الفاروق (۱۸۹۸ء) جیسی
سوانح عمریاں لکھیں۔ حالی نے تین ایسی شخصیتوں کو چنا تھا جن کی
ادبی حیثیت مسلم تھی شبکی نے ان شخصیتوں کو موضوع بنایا جو سیاسی
اور مذہبی لحاظ سے تسلیم شدہ تھیں ۔ اس انتخاب سے دونوں کے
مزاج کا اندازہ ہوسکتا ہے شبلی سیاسی اور نہ ہی تحقیق کے بھی مرد
میدان تھے حاکی اس کی جرات نہ کر پائے۔
شبیلی کی تحقیقات دو طرح کی نہیں ۔ (1) ادبی اور دی) اسلامی۔
مذکورہ بال کتب سیر اسلامی تحقیقات کے ذیل میں آتی ہیں۔ ان کے
علاوہ انہوں نے متعدد تحقیقی مقالے بھی لکھے ہیں. جیسے ( مسلمانوں
کی گذشتہ تعلیم (۶۱۸۸۷) ، (۲) اسلامی کتب خانے (۶۱۸۹۲)
(۳) کتب خانه اسکندریہ (۱۸۹۲ء) (۳) اسلامی حکومت اور
شفاخانے (۱۸۹۵ء) (۵) انجریز (۱۸۹۵ء) - وغیرہ ۔ ان
مقالوں میں کہیں اسلامی سیاسی تحقیق کا معیار نہایت اونچا نظر آتا
ہے۔ ان کی وجہ سے مستشرقین کی پھیلائی ہوئی بہت سی غلط فہمیاں
دور ہوئی ہیں ۔
بلی کی ادبی تحقیق کا واحد موندن کی تصنیف شعر العجم ہے
جو شاہ سے منہ تک لکھی جاتی رہی اور پانچ جلدوں میں
مکمل ہوئی۔ اردو زبان میں فارسی شاعری پر اس تفصیل سے کوئی دوسری
کتاب نہیں ملنی شعر الحج میں تحقیق کے جو اصول بروئے کار آئے ہیں
حصول مواد کی جو کوشش کی گئی ہے اور بعض روایتوں کو از سر نو
درایت کی چھلنی میں جس طرح چھانا گیا ہے، ان کی مثال ایک عرصہ
بعد تک بھی اردو میں نہیں ملتی ۔ رشید حسن خاں
شبلی نعمانی کو محقق
نہیں مانتے یہ لیکن میرے نزدیک اس کتاب کے ذریعہ پہلی بار
شبلی نے ہی اردو میں ادبی تحقیق
کی نئی اور کشادہ راہ ہموار کی ہے ۔
بیشک شرالحج میں کو چھیتی خامیاں رہ گئی ہیں جن کی طرف حافظ نمود
شیرانی نے واضح اشارے کر دیئے ہیں ۔ ان خامیوں کے باد جو نظر تجم
ارد تحقیق کے معیاری ارتقا کی طرف موثر قدم ہے۔ شیرانی صاحب
کو فارسی شاعری پر مزید تحقیقات کا میدان شعر نجمہ پڑھ کر نظرآیا۔
البتہ شبلی کی ادبی اور اسلامی تحقیقات کا مطالعہ کیا جائے تو یہ
حقیقت سامنے آتی ہے کہ وہ اسلامی تحقیق میں زیادہ کامیاب
میں جدید ہندوستان میں اسلامی تحقیق شبلی کی اولیات میں سے
ہے اور وہ اب تک اس رادی کے واحد موسی ہیں ۔
اردو تحقیق کا یہ دوسرا دور ۱۹۱۳ء میں حاکی اور شبلی کی
موت پر ختم ہوتا ہے ۔
دور
سوم :
یمہ سے بھارت
کی آزادی تک کا عرصہ ہمارے نزدیک
اردو تحقیق کا تیسرا دور ہے۔ اس عہد میں اشاعت کی سہولیتیں زیادہ
فراہم ہوئیں۔ نئے نئے رسائل سامنے آئے اور نئے مصنفین پیدا
ہوئے جن کو ئی معلومات نے سنجیدہ لی کام اور تلاش وجستجو کی طرف
تیزی سے مائل کیا۔ چنانچہ اردوئے قدیم کا وہ خزانہ جو مختلف شہروں
اور قصبوں کے کتب خانوں میں پڑا ہوا تھا، منظر عام پر آیا۔ اس سلسلے
میں پرانے تذکروں کے قلمی نسخے ہمارے متقین کی توجہ کے مرکزبن گئے
ان تذکروں سے دور دوم کے محققوں نے بھی روشنی حاصل کی تھی اور
اور ان کی اہمیت آج بھی مسلم ہے ۔ اس لیے ان تذکروں کو شایع
کرنا ضروری سمجھا گیا ۔
مولوی عبد الحق :
تذکروں کی اشاعت
کا کام سب سے زیادہ ڈاکٹر مولوی عبالیق
نے انجام دیا ہے یوں تو دوسرے محققوں کو بھی تذکروں کی اہمیت
کا احساس تھا، لیکن عبدالحق سے پہلے کسی نے ان کی طرف خاص توجہ
نہیں کی تھی عبدالحق نے چند برسوں میں کی ، تذکروں کو شائع کر دیا ۔
میر تقی میر کا تذکرہ نکات الشعر سب سے پہلے عبدالحق کی مساعی
سے ہی ۱۹۳۵ء میں شائع ہوا تھا۔ اس کے علاوہ ریختہ کو پانی ۴۱۱۹)
از سید فتح علی گردیزی، مخزن نکات (۱۲۸) از قیام الدین قائم
چمنستان شعرا (۱۱۷۵مه) از پچھمی نرائن شفیق ، گل عجائب (۱۱۹۴)
از اسد علی خان تمت ، تذکرہ ہندی (۱۲۰۹ھ) اور ریاض القصی
(۱۲۳۶) از شیخ غلام ہمدانی مصحفی اور مخزن الشعرا (۱۲۶۸ عد)
از نور الدین خان فائق کو مولوی عبد الحق نے ہی اپنے مقد مے اور
دیباچے کے ساتھ بالترتیب ۱۹۳۳ء ۱۹۳۹، ۱۱۹۲۸
1934ء 1933ء ، ۱۹۳۴ء اور ۱۹۳۳ء میں شائع کیا۔
ان مذکروں کے مقدموں سے عبدالحق کی تحقیقی بصیرت آج بھی روشن
ہے ۔ ان کے ساتھ انہوں نے اردو نشر کی مشہور ومقبول کتاب
باغ و بهار (۶۱۸۰۳) از میرامن کا بھی تحقیقی اور تنقیدی جائنده
لیا ، جس سے باغ و بہار کے متن و اسلوب پرنئی تحقیقی روشنی
پڑتی ہے۔ مجھے معلوم ہے کہ اردو کے محتاط و محیط محق مقامی
عبدالودود نے اپنے طویل تحقیقی مقالہ "" عبد الحق بحیثیت محقق ""
میں عبد الحق کی کئی تحقیقی لغزشوں کی نشاندہی کی ہے لیے لیکن اسی
مقالہ سے ثانی الذکر کی تحقیقی حیثیت ثابت بھی ہو جاتی ہے ۔
حافظ محمود شیرانی :
اسی دور میں حافظ محمود شیرانی آتے ہیں اور اردو تحقیق کو معیار
کی بلندیوں پر لے جاتے ہیں ۔ انہوں نے مقالے بھی لکھے اور تقل
تصنیفات بھی پیش کیں ۔ ان کے متقالات کو مجلس ترقی ادب،
لاہور نے ۱۹۶۶ ء میں مقالات حافظ محمود شیرانی کے نام سے
سات جلدوں میں شائع کیا ہے ۔ مرتب متقالات
منظم محمود شیرانی
نبیرہ حافظ محمد شیرانی ہیں۔ راقم السطور کی نظروں سے صرف دو
جلدیں گذری ہیں، جلد اول و دوم - جلد اول میں مرتب نے حافظ صاحب
کے حالات زندگی اور ڈاکٹرسید عبد اللہ نے طویل مقدمہ لکھا ہے ۔ سارے
مقالات اور نیشنل کالج میگزین لاہور میں ۱۹۲۵ء سے ۱۹۴۵ تانک
شائع ہو چکے ہیں ۔ اگر چہ ان مقالوں سے کٹا ہر ہے کہ حافظ صاحب
نے تاریخ زبان وادب کی گم شدہ کڑیوں کی کیسی سی بلیغ کی تھی اور
اور کیسے کیسے ہفت خواں طے کئے تھے لیکن اردو تحقیق میں ان کی
شہرت کا چاند درج ذیل کتابوں کی وجہ سے بدر کامل بن کر چمکا۔
تنقید شعر العجم : یہ مولانا بلی کی مشہور کتاب شعر العجم
پر طویل تحقیقی متبصرہ ہے۔ اس کی قسطیں اکتوبر ۱۹۲۲ء سے جنوری ۱۹۲۷ کر
تک شائع ہوتی رہیں ۔ اس طویل تحقیقی متبصرے نے اردو مصنفین کو
جھنجھوڑ کر رکھ دیا۔ چنانچہ اس کی حمایت و مخالفت میں کئی تبصرے اور
رمضامین لکھے گئے۔ ایک طرف سید سلیمان ندوی اور عبد اللطیف
مولانا شبلی کی حمایت میں تھے تو دوسری جانب مولانا عبد الحلیم شرر
محمد اکرام اور پروفیسر نذیر احمد نے حافظ صاحب کی ہمنوائی کی والعجم
سے متعلق مشبکی اور شیرانی کی تحقیقات کا نہایت سنجیدہ اور معروضی تجزیہ
ظفر احمد صدیقی نے پیش کیا ہے جو ان
کی کتاب تنقیدی معروضات
(۱۹۸۳ء) میں شامل ہے کے اس تجربے سے فقید شعر نجم کی حمایت و
مخالفت میں لکھے گئے مذکورہ بالا صفین کے مضامین و تبصروں کا
تعصب نظر جاتا ہے ۔ واقعہ یہی ہے کہ حافظ صاحب نے مولانا شیلی
کی کئی تاریخی در تحقیقی لوبوں کی گرفت اور قطعیت کے ساتھ ان کی
تصحیح کی مشکلا ایرانی سلاطین کی ملکت کے حدود فارسی شاعروں کی
تاریخ ولادت و وفات اور دیگر ستین، ان کے نام اور القاب اشعار
کا انتساب وغیرہ - حافظ صاحب کے تبحر علی نے ان کے اندر جو خود
اعتمادی پیدا کر دی تھی، اس کی وجہ سے وہ جابجا سخت نکتہ چیں ہوگئے
تھے اور شبلی نعمانی پر جہالت، غلط بیانی وغیرہ کے الزام لگائے گئے تھے۔
تنقید شعرالعجم کے ان ہی مقامات نے صاحب تنقید کو اردو مصنفین
کے درمیان موضوع بحث بنادیا تھا۔ اگر وہ ان الزامات سے شبلی کو
محفوظ رکھتےاور صرف تحقیقی تسامحات کی نشاندہی پر ہی اکتفا کرتے
تو ان
کی تنقید وجہ نزاع نہ بنتی۔
(۲) مجموعه نغز از قدرت اللہ قاسم، خوراک ریخته
یہ تذکرہ ۱۲۱ھ میں لکھا گیا تھا ، اور اشاعت کا منتظر تھا ۔ اسے پہلی
بار حافظ محمود شیرانی نے ۱۹۲۳ ء میں ایڈٹ کر کے شائع کیا اور طویل
مقدمہ بھی لکھا ۔ اس تذکرہ کی اشاعت سے تدوین و ترتیب متن کے
سائنٹفک اصول سامنے آئے اور مقدمہ سے زبان ریختہ اور ریختہ
گو شعرا کے متعلق نہایت نادر معلومات فراہم ہوئیں ۔ اردو میں اس طرح
کا آرٹ ورک پہلے نہیں کہا تھا ۔ اس لیے اصول تحقیق اور ترتیب
متن کے لحاظ سے حافظ صاحب کے اس کام کی بڑی اہمیت ہے۔
(۳) پنجاب میں اردو : یہ کتاب بھی حافظ صاحب بے نظیر
ادبی تحقیقی کارنامہ ہے ۔ اس کی اشاعت ۱۹۲۸ء میں ہوئی مولودی
محمد حسین آزاد نے ابیات میں اُردو کی پیدائیش کے متعلق یہ نظریہ
پیش کیا تھا کہ یہ برج بھاشا سے نکلی ہے ۔ حافظ صاحب نے
اردو پر پنجابی کا اثر دکھاتے ہوئے یہ ثابت کیا کہ اردو پنجاب
میں پیدا ہوئی ہے۔ یہ کتاب در اصل قدیم اردو مینی تعلق معلومات
کا خزانہ ہے ۔ خطہ پنجاب میں اردو کے قدیم ترین نمونے حاصل کرنے
میں حافظ صاحب نے جو کامیابی حاصل کی ہے وہ ان کی شرف
نگاہی، محنت کشی اور ماخذ اس کی بے پناہ صلاحیت کا بین
ثبوت ہے۔
پنجاب میں اردو کی دوسری بڑی خوبی یہ ہے کہ اس میں مستند
دلیلوں سے یہ ثابت کیا گیا ہے حضرت امیر خسرو سے منسوب
خالق باری در اصل ان امیر خسرو کی تصنیف نہیں ہے جو حضرت
نظام الدین اولیا کے مرید خاص اور فارسی در ریختہ کے مشہور شاعر
تھے ۔ بلکہ وہ ضیا الدین خسرو میں جنہوں نے ۱۰۳۱ دو میں حفظ الان
لکھی تھی اور یہ خالق باری کی اور جبل "" درت ہے۔ حافظ صاحب نے
بہت بعد ۱۹۴۴ء میں حفظ اللسان کو ایڈٹ کر کے اپنے بسیط مقدے
کے ساتھ شائع بھی کر دیا۔
گرچہ اب پنجاب میں اردو کی پیدائش کا نظریہ رد کیا جا چکا
ہے تاہم قدم ادب کی تحقیق کے حو اصول مصنف نے وضع کئے
تھے، وہ سلم ہیں اور یہی ان
کا اردو تحقیق پر سب سے بڑا احسان ہے ۔
ان گرانقدر کتابوں کے علاوہ حافظ صاحب نے فردوسی
پر بھی چل مقالے لکھے تھے ۔
(1) شاہنامے کی نظم کے اسباب اور زمانہ ۔
(۲) مجوسلطان محمود غزنوی .
(۳) یوسف زلیخائے فردوسی ۔
(۴)
چوتھا مقالہ فی الحال دسترس سے باہر ہے اور عنوان بھی ذہین
میں نہیں ہے ۔
باغ وبہار کا تحقیقی مطالعہ “ اور پرتھوی راج راسو “ اور
بعض
کتابوں اور رسالوں پر تبصرے مثلاً اردو شہ پارے از محی الدین قادری
زور یا رسالہ تاج کا اردوئے قدیم نمبر وغیرہ بھی حافظ صاحب کے
اہم تحقیقی مقالے اور تبصرے ہیں ۔
ان مقالوں اورتصنیفوںمیں خالص تحقیقی اور تنقیدی تحقیق کی ایک
نئی اور ویسے دنیا نظر آتی ہے ۔ حافظ صاحب نے ایک طرف نوادرات.
تحقیق جمع کر دیئے تو دوسری جانب بعض اہم مصنفین اور مشہور روایتوں
کی مدل تنقید بھی کی ۔ ان تحریروں سے ادب میں استناد کا ایسا معیار
قائم ہوا جو مولانا شبی کے علاوہ اور کہیں نظرنہ آتا تھا۔ شیران مصیب
نے خبلی کے معیار تحقیق میں قابل رشک اضافے بھی کئے کسی امر کی
تحقیق کس طرح کرنی چاہئے، اس کام میں لگنے پر کن امور سے بچنا
چاہئے اور کن سے سرد کا رکھنا چاہئے۔ کن افرد کو تحقیق کی طرف مائل
نہیں ہونا چاہئے ۔ اور کون لوگ اس کام میں کامیاب ہو سکتے ہیں ۔
یعنی تحقیق میں کامیابی کی شرائط اور اچھے حق کے اوصاف پر
پہلی بار حافظ محمود شیرانی نے ہی اپنی تحریروں کے ذریعے روشنی
ڈالی ۔ رشید حسن خاں نے اسی لیے شیرانی صاحب کو اردو تحقیق
کا معلم اول “ کہا ہے لیے اور یہ بجا ہے۔ حقیقتا اردو کی ادبی
تحقیق میں شیرانی صاحب پہلے محقق ہیں جنہوں نے بھیانک
جنگلوں کو صاف کر کے، نا قابل عبور دریاؤں پر پل باندھ کئے،
اونچے پہاڑوں کو سطح زمین سے کاٹ کے، دور دراز خطوں اور
کوردہ علاقوں سے ضروری سامان فراہم کر کے اردومیں ادبی تحقیق کی
ایک ایسی تحکم اور کشادہ اور طویل شاہراہ تیار کی جس پر تقبل
کے محققین اردو بے خوف و خطر چلتے رہیں گے ۔
حافظ صاحب کے متعلق میں اپنی بات ڈاکٹر سید عبداللہ کے
ان جملوں پر ختم کرتا ہوں :
ه و پروفیسر شیرانی ہمارے دور کے بہت بڑے
نقاد محقق تھے ۔ وہ واقعات کی صحت وصداقت
پر جان دیتے تھے ۔ اور اس معاملے میں کسی غلطی اور
غلط بیانی کو معاف نہ کر سکتے تھے سچائی کی تلاش
ان کا ایمان تھی، جس کی خاطر انہوں نے بڑی بڑی
شخصیتوں کی بھی پروا نہ کی۔ انہوں نے تاریخ وادب
کی بڑی بڑی غلطیوں کی اصلاح کی اور ایسے ایسے پختہ
نظریں کے طلسم کو توڑا جن کی بری علی دنیامیں بطور ایک
حقیقت ثابتہ کے راسخ اور پکی ہو چکی تھیں .
محض روایت پر وہ اعتماد نہ کرتے تھے بلکہ درایت کو
بھی کام میں لاتے تھے ... اگر چہ شیرانی صاحب
کے تعمیری کاموں کی کچھ کچی نہیں، پھر بھی ادب اور
تاریخ کے بہت سے غلط نظر یوں اور عقیدوں کو
انہوں نے جس شدت اور قوت کے ساتھ توڑا ،
اس کی بنا پر اگر نہیں ... بت شکن کہ دیا جائے
تو بیجا نہ ہوگا ""
نظیر الدین هاشمی
....
مولوی محمد حسین آزاد اور حافظ محمود شیرانی کے نظریہ نموداردو
کے علی الرغم نصیر الدین ہاشمی نے دکن میں اردو نام کی کتاب لکھی اور
یہ ثابت کیا کہ اردو دکن میں پیدا ہوئی ہے۔ انہوں نے اور بھی کئی
تحقیقی مقالے لکھے ہیں جو مقالات ہاشمی کے نام سے شائع ہو چکے
ہیں، ان کا ایک اور اہم تحقیقی کارنامہ بیر میں کسی خطوط است
ہے۔ یعنی ، قدیم دکنی ادب پر ہاشمی صاحب کی تحقیقات استناد
کا درجہ رکھتی ہیں ۔
مولانا سید سلیمان ندوی :
سطور گذشتہ میں ملانا شبلی نعمانی کا تذکرہ ہو چکا ہے۔ وہ ایک
ایا اور کام کرنا چاہتے تھے تعلیم یافتہ نوجونوں میں صحیح
ادارہ قائم
تاریخی تحقیقی اور تہذی ذوق پیدا کر سکے لیکن وہ اس ارادے کو
عملی شکل نہ دے سکے۔ مگر اس سے بڑا کارنامہ یہ انجام پا گیا کہ
انہوں نے چند لائق و فائق شاگرد پیدا کردئیے جنہوں نے بعد
میں وہ خدمتیں انجام دیں جو اب تک عاریم المثال ہیں ۔ ان
ذی علموں ، دانش وروں اور محققوں میں سب سے زیادہ نمایاں
نام سید سلیمان ندوی کا ہے ۔
سید صاحب سیرت نگار رسول ، ناقد، محقق شاعر اور صحافی
عرض ادب وتالیف میں کئی حیثیتوں کے مالک تھے۔ فی الحال
ہماری بحث ان کی تحقیقی حیثیت سے ہے ۔ ان کے تحقیقی
کارنامے درج ذیل ہیں :-
) تاریخ ارض القرآن (۱۹۱۵ء)
(۲) عرب و ہند کے تعلقات (۱۹۳۰ء)
(۳) خیام (۱۹۳۳ء)
(۴) عربوں کی جہازرانی (۱۹۳۵ء)
ان میں خیام کو چھوڑ کر باقی تین کتابیں بظا ہرادبی تخلیق سے تعلق نہیں
ہیں ۔ لیکن واقعہ یہ ہے کہ اردو کی لسانی تحقیق میں ان سے خاصی
مدد لی جاسکتی ہے۔ اردو میں غیر مہندوستانی زبانوں کے الفاظ
کثیر تعداد میں دخل پاگئے ہیں، ان کی نوعیت کیا ہے، جڑیں کہاں
تک پہنچی ہوئی ہیں اور ان جڑوں سے مختلف الفاظ کی کیسی شاخیں
پھوٹتی رہی ہیں مختلف علوم کے الفاظ اور اصطلاحیں کس طرح ""
رائج ہو کر جز د اردو بن چکی ہیں اور ریختہ کا خیر کتنا پہلے سے سرتا
رہا ہے ۔ ان ساری باتوں کی تحقیق کے لیے ان
کتابوں
کا بغور مطالعہ از بس ضروری ہے ۔
تاریخ ارض القرآن قدیم عرب کی سیاسی، سماجی اور تہذی زندگی
کی نہایت مستند دستاویز ہے ۔ اس کے علاوہ اس کتاب میں ان
تمام مقامات داماک کی جعرافیائی اور قوی حالت بیان کی گئی ہے
جن کا ذکر قرآن میں ہوا ہے ۔ اس وجہ سے یہ کتاب قدیم قوموں اور
ان کی بستیوں کے متعلق معلومات کا نہایت نادر خزانہ بن گئی ہے۔
سید صاحب نے قرآنی آیات
کی روشنی میں ان قدیم ترین قوموں
اور خطوں کی جو تاریخ مرتب کی ہے، وہ ان کے علمی شغف اور
تحقیقی انہماک کی زندہ مثال ہے ۔ اردو شعر کی تعلیمات کا مطالعہ
اس کتاب
کی روشنی میں کیا جائے تو تخلیق کاری کے بعض نمونے
ہمیں حیرت میں ڈال دیتے ہیں ۔
عرب و ہند کے تعلقات میں تحقیق پیش کی گئی ہے کہ
بھارتیوں اور عربوں کے درمیان زمانہ قدیم سے ہی قریبی تعلق رہا
ہے۔ یہ کتاب در اصل خطبات کا مجموعہ ہے جو ۱۲۲ در ۲۳ ماریچ
۱۹۲۹ء کو مہندوستان اکیڈمی میں دیئے گئے تھے ان میں تعلقات
کا آغازها در مہندوستان کے عرب سیاح، تجارتی تعلقات علمی
تعلقات ، مذہبی تعلقات اور مہندوستان میں سلمان فتوحا
ہے
پہلے جیسے موضوعات پر نہایت پر مغز اور تحقیقی گفتگو کی گئی ہے۔
مستشرقین نے بھارت کی دو بڑی قوموں ہندوؤں اور سلمانوں
میں ذہنی بعد پیدا کرنے کی ہمیشہ مذموم کوشش کی سید صاب
نے اس رویہ کے مہلک اثرات کو سمجھتے ہوئے یہ لکھا ہے ؛
مدت سے خیال تھا کہ عرب و ہند کے تعلقات
پر ایک مفصل بیان
کسی تقریر یا رسالہ کی صورت میں
اہل ملک کے سامنے پیش کروں ۔ ایک علمی حقیقت
کے اثبات کے علاوہ اس سے یہ بھی غرض تھی کہ ہندو
مسلمان دونوں عنصروں کو ان کا وہ زریں عہد یاد دلا دوں
جب دونوں گوناگوں اتحاد کے رابطوں اور سلسلوں
سے جکڑے تھے ""
مہندؤوں اورمسلمانوں کے اتحاد قدیم کے اتنے براہین سید صاحب
نے فراہم کر دیئے ہیں کہ ان کی بہار پر یہ کہنا غلط نہ ہوگا۔
مَرجَ الْبَحْرَيْنِ يَلْتَقِيَانِ لا بَيْنَهُمَا بَرْزَج
لا يبغينِ : نَبِي اللَاء رَبِّكُمَا تُكَذِّبَنِ.
خیام ایک ایسی تصنیف ہے جس میں سید سلیمان ندوی کی ادبی
تحقیق کا پر جوش اور تجربہ یافتہ شباب نظر آتا ہے ۔ فارسی
زبان کے اس مشہور و مقبول شاعر پر بہت کچھ لکھا گیا ہے ۔ مغربی
مصنفین نے بھی خیام کی سوانح حیات پر تحیط کئی کتابیں لکھی ہیں ۔
لیکن ان کا بیشتر حصہ نذر شعلہ تعصب ہو گیا ہے ۔ سید صاحب نے
اپنی جرات تحقیق سے ان مصنفین کو جواب دیتے ہوئے یہ ثابت کر دیا
ہے کہ عمر خیام صرف شاعر فلسفی اور ماہر نجوم در ریاضیات ہی نہ
تھے بلکہ ایک صالح انسان بھی تھے ۔ انہوں نے تہذیب انسانی
کی اعلیٰ قدروں
کی ہمیشہ حفاظت کی تھی ۔
عمر خیام پر سید صاحب کے خیالات پہلی بار دسمبر ۱۹۱۳ء میں
آل انڈیا اور مینل کانفرنس منعقدہ میٹنہ میں بشکل مقالہ ظاہر ہوئے
تھے۔ پھر کتابی صورت میں ان کی اشاعت ۱۹۳۳ ء میں ہوئی۔
اس سے قبل مولانا شبلی نعمان نے شعرالعجم میں یا پراظہارخیال
کیا تھا۔ لیکن انہیں تفصیل میں جانے کا موقع نہ تھا۔ سید صاحب
نے خیام کے حالات مفصل طور پر لکھے ۔ اس ضمن میں تحقیقی لحاظ
سے ان کی دو کار میں زیادہ لائق احترام ہیں۔ اول حیات خیام
کے ماہ وسال کی تعیین ۔ اور ددم، خیام کی اصل رباعیوں کو متعدد
قلمی نسخوں کے سہارے جدل والحاق سے ممیز کرنا۔
حیام پر اس سے بہتر تصنیف اردو میں نہیں لکھی گئی ہے۔
عربوں کی جہاز رانی بھی ایک اہم حقیقی تصنیف ہے۔ اس کے
نام سے ہی ظاہر ہے کہ اس میں عربوں کے بحری سفر کے احوال و
کو الف بیان کئے گئے ہیں۔ سید صاحب لکھتے ہیں :
عہد جاہلیت میں عربوں کی جہازرانی اور بحر
کے سفر کے شو ہر تین ماخذوں سے فراہم کئے جا سکتے
ہیں ۔ (۱) عرب کا لغت‘ (۲) ان کی شاعری
(۳) ان کا صحیفہ ۔ ان تینوں نہایت ہی قدیم ماخذوں
سے یہ دعویٰ پایہ ثبوت کو پہنچتا ہے کہ عرب ہمیشہ
جہازراں اور دریا پیما قوم تھی ۔
اس وجہ سے بلاشبہ دوسرے ملکوں سے تعلقات قائم کرنا عربوں
کے لئے بڑا آسان تھا اور نئی آبادیوں کی تلاش بھی مشکل نہ
تھی ۔ سید صاحب کی تحقیق کے مطابق پر لگالیوں کو پہلی بار بھارت
لانے والا ایک عرب ستیاح ابن ماجد تھا ۔
یہ کتاب بھی در اصل سید صاحب کے خطبوں کا مجموعہ ہے۔
اس میں چار خطبات میں جو ۱۸ ۱۹ ۲۰۱۰ را در ۲۱ ماریخ ۶۱۹۳۱
کو انجمن اسلام ہائی اسکول ممبئی میں دیئے گئے تھے ۔ اس کتاب
سے سید صاحب کی وسعت مطالعہ اور عرب سیاحی سے انفیت
کا پورا اندازہ ہوتا ہے ۔
سید صاحب کی تصنیفات
کی تعداد کافی ہے ،انہوں نے
سیرۃ النبی کی تکمیل کی جو سات جلدوں میں ہے اور پورے اسلام
کا عطر ہے ۔ علاوہ بریں سیرت عائشہ (۱۹۱۷ء) نقوش سلیمانی
(۱۹۳۹ء) اور حیات شبلی (۱۹۳۳ء) بھی ان کے قلم ۔
ہے
نکلیں ۔ حیات شبلی میں تحقیقی صلاحیت کو بروئے کار لانے کا بڑا
اچھا موقع تھا مگر استاد محترم کے مرتبے کا خیال قلم گیر رہا۔
نقوش سلیمانی میں بعض مقالے تحقیقی لحاظ سے نہایت قیمتی ہیں
مثلا بعض پرانے لفظوں کی نئی تحقیق "" یا "" اردو کیونکر پیدا ہوئی وغیرہ۔
چونکہ سید صاحب کی ذہنی تربیت مولانا شبلی نعمانی نے کی
اس لیے فکر تصنیف میں ان ہی کا اثر غالب رہا۔ شبلی کی طرح سید صاب
نے بھی ادبی تحقیق کی طرف کم مذہبی اور قومی ولی تحقیق کی جانب زیادہ
توجہ کی۔ ان میں حق بینی اور حق جوئی کی جو صلاحیت تھی، اس کے پیش نظر
یہ کہا جاسکتا ہے کہ اگروہ ادبی تحقیق کی طرف کچھ اور مائل ہوتے تو یقیناًا
اردو تحقیق میں بیش بہا افسانے ہوتے ۔ بہر حال، یہ امر خود اپنی
جگہ قابل ذکر اور لائق احترام ہے کہ سید صاحب نے اردو زبان میں
تحقیق کی نئی دنیا تلاش کی۔ چونکہ اس دنیا سے ان کا فطری لگاؤ تھا،
اس لیے، ایک خاص طرح کی حق جوئی کی لیاقت نے ان سے قیمتی
موتی فراہم کروائے ۔
امتیاز علی خاں عشى :
میں
تقسیم ہند سے پہلے اردو تحقیق میں حافظ محمود شیرانی کے بعد
سب سے بڑا نام امتیاز علی خاں عرشی کا ہے ۔ وہ رضا لائبریری
رام پور کے ناظم تھے اور وہیں رہ کر داد تحقیق دی ۔ ان کی تحقیقات
سے غالبیات میں خاص طور پر اضافہ ہوا ہے ۔ انہیں ماہر غالبیات
کہنا بجا ہے ۔ موصوف کی درج ذیل کتابیں تحقیقی نقطہ نظر سے اہمیت
رکھتی ہیں :-
مکاتیب غالب ( ۱۹۳۷ء) یہ غالب کے ان خطوں کا
مجموعہ جو رامپور کے نوابوں اور حاکموں کے نام لکھے گئے تھے عرشی قاب
نے بڑی محنت سے انہیں مدون کیا ہے اور حاشیوں کے علاوہ
تفصیلی مقدمہ بھی لکھا ہے ۔ غالب سے متعلق عرشی صاحب کی یہ
پہلی کتاب ہے ۔
:
(۲) انتخاب غالب (۸۱۹۴۲) ، نائب نے خواب کلب
علی خاں
کی فرمایش پر عربی فارسی اور اردو شاعری کا ایک انتخاب
۱۸۶۶ءمیں کیا تھا۔ عرشی صاحب کو اس کا ایک نسخہ رضا لائبریری
رامپور میں مل گیا۔ اسے انہوں نے اپنے حواشی اور مقدمے کے ساتھ
۱۹۴۲ء میں شائع کر دیا ۔",7182
P3_1981_040,Auraq,1981,Magazine,"ادارہ ہمدرد کی متقل شام میں کے بھولے ہوؤں کو گھر کی راہ بتانے کے لئے قائم ہے۔ ایک مدت سے شام ہمدرد میں زندگی کے مختلف
شعبوں میں اخلاقیات کی تلاش کی جاتی ہے اور یہاں آکر علما و متقین ، دانش ور اور منکرین زندگی کے مختلف پہلووں کے ساتھ اخلاقیات کے تعلق کی
وضاحت کرتے ہیں۔ آج کی شام تعلیم اور اخلاقیات کے رابطے پر گفتگو کے لیے وقف کی گئی ہے۔ اس سلسلے میں حضرت اشرف صبوحی نے کہ بات سے بات
انے کا ملکہ رکھتے ہیں چھوٹے منہ سے بڑی بات ملنے کا تجربہ کیا ہے اور میرے زرتے یہ کام سونپا ہے کہ میں اس موضوع پر آپ کی سمع خراشی کردن، باہندا چند
چھوٹی سے چھوٹی باتیں سن لیجیے۔۔ بڑی بڑی باتیں تو آپ علما د سے سنے ہی رہتے ہیں۔
چونکہ تعلیم کا شعبہ پورے معاشرے کا حض ایک حجتہ ہے اس لیے اُس کا وجود معاشرے کی بقا، اس کے نظم ونسق اور اُس کی صحت کے تقاضوں کے مطابق
ہونا چاہیے۔ اور پورے معاشرے کی ساکھ کو بر قرار رکھنے والے خاص تعلیمی اداروں سے اس تقاضے کو پورا کرانے کی کوشش کرتے ہیں۔ ایسی تمام معاشرتی اور
اقی اقدار و معاشرتی زندگی کی بقا اور متکی ضامن ہوتی ہے، خاندان اور پراٹری تعلمی اداروں کے ذریعے بچوں کے ذہنوں پر مرتسم کی جاتی ہیں۔ انصاف
تھائی انیکی، حسن، محبت ، ایمانداری ، آداب معاشرت اور قانون کی پابندی وغیرہ ، یہ وہ قدریں ہیں جو ابتدا ہی سے بچوں کے ذہنوں میں ڈالی جاتی ہیں اور اس
سلے میں مذہبی احکام اور معاشرتی بہبود کو والہ بنایاجاتاہے اس کے باوجود بچوں کے ذہن میں تضادات اور مشکوک بھی پیدا ہوتے ہیں جو خاندان کے بزرگوں
اور مدرسے کے استادوں کی اخلاقی تھیں اور اُن کے عمل کے تضاد کے باعث جنم لیتے ہیں۔ بچوں کا ذہین تجریدی تصورات کو قبول نہیں کرتا۔ وہ ٹھوس مثالوں
سے سیکھتے ہیں۔ ہند اگھرمیں والدین اور اسکول میں استادوں کے قول و فعل کا تضاد انکی اخلاقی بے راہ روی کا باعث بنتا ہے ۔ ایک اور اہم بات یہ ہے کہ
انسان کے باطن کے استحکام کی بنیاد محبت ہوتی ہے ۔ گھرا اسکول میں محبت کی کسی بچوں کی اخلاقی بے راہ سردی کی دوسری بڑی بنیاد ہوتی ہے۔ قول و فعل کے تضاد
اور محنت کے منکر کے فقدان کے پیچھے کیا حرکات ہوتے ہیں اس پر بعد میں گفتگو ہوگی۔ ابھی یہ دیکھتے چلے کہ ہم اخلاقی اقدار کی بنیاد کی مقامی پر رکھتے ہیں۔ کہیں
ہماری اخلاقی قدروں کی بنیاد محض امر و نواہی اور معاشرتی بہبود کے تصوریہ ہے یا اُن کے پیچے حقیقت کاکوئی مطلق تصور بھی ہے۔ اگریہ تسلیم کرلیا جائے کہ اخلاقی اقدار کی
بنیا رفض امرو نواہی اور معاشرتی بہبود کے تصورات پر ہے تو اُن کے منصب کو پرکھنے کے لیے اور اُن کی درجہ بندی کے لیے عقلی مفرد منے، معاشرتی افادیت اور اصلاحی
مقاصد حوالہ نہیں گئے ۔ اس کا مطلب یہ ہوگا کہ اقتدار کارد و قبول معطلیت ، افادیت اور اصلاحی مقاصد کے تحت کیا جائے گا۔ مختصر یہ کہ دور میں اضافی حیثیت حاصل
کر لیں گی۔ اس کے بر عکس اقدار کو کسی منطق اصول کے تابع کیا جائے تو وہ اضافی نہیں مطلق ہوں گی۔ اور بجائے اس کے کہ معاشرتی ضرورتوں کے تحت اندار کا
مد و قبل ہو اور معاشرے کو ان اقدار کے مطابق ڈھلنا ہوگا۔
انلامی تہذیب نے حقیقت کا مطلق تصور پیش کیا ہے جس سے تمام اخلاقی اقدار مستعار ہیں۔ یہ مطلق حقیقت اللہ تعالی کی ذات ہے ۔ اس ذات مطلق
ے مخلق در باتیں خود کو ظاہر کیا اور اپنی شناخت کے لٹے کا نا کبیر میں پنی نشانیا اور امی پیراکی کا نا کر کے ما انسان کا بٹن ہے جو کائنات میر ے ہوں انسان کا ان کے مانی
اور دہی قوانین جو کائنات میں کار فرما ہیں انسان کے باطن میں بھی جاری وساری نہیں۔ اس طرح دیکھیں تو را علم وجود باری تعالی کی معرفت حاصل کرنے کی کوشش
ہے اور ساری اخلاقیات اس علم کی عملی صورت ہے ۔ اللہ تعالیٰ کے ننانوے ناموں میں سے ایک یا بعضوں کے نزدیک دو اسمائے ذات نہیں۔ اور باقی
اسمائے صفات نہیں ۔ صفات کے ذریعے بھی ذات ہی کی معرفت حاصل ہوتی ہے لہذا ان اسمائے صفات سے مطلق اخلاقی اقدار ماخوذ ہیں جن کے مطابق
زندگی بسر کرنا اللہ تعالیٰ کے عرفان کے لیے ضروری ہے۔
یہی علم مابعد الطبیعات ، ندا ، انسان اور کائنات کے تعلق کی وضاحت کرتا ہے ۔ اور یہی دگر علوم کی اصل اور کل پرمحیط ہے۔ تمام مالیاتی اور اخلاقی
اندار اسی سے مستعار ہیں، اسلامی روایت کی طرح دیگر روایتی معاشروں میں بھی علم مابعدالطبیعات ک پر محیط تھا۔ یونانی ہدایت کے زوال نے بالعدل بیتا
کو ضلع کے تابع کر دیا۔ اور فلسفہ کو عقل جزوی (REASON) کا میدان عمل گردانا ۔ یوں صداقت نیکی اور حسن کی مطلق اقدار کے علم یعنی مابعد الطبیعیات علم
اخلاقیات اور جمالیات کو فلسفہ کی تین شاخیں قرار دیا گیا ۔ یہیں سے صداقت ، اخلاق اور شین کے تضادات پیدا ہوئے جن کے حل کی کوشش میں مغرب
کے فلسفی اور شاعر آج تک سرگرداں ہیں ۔
یر خان شاہ ثانیہ نے حقیقت کے ایک نئے تصور کوجنم دیا۔ اب یہ مابعدالطبیعات ملی تھی یا جدای عقل سے حاصل شدہ چند بنیادی مردونوں کو
تسلیم کر کے اُن سے منطقی استخراج کرتی تھی۔ اب سائنسی فکر نے حتی ادراک اورعلی تجربے کی کسوٹی پر پرکھے ہوئے حقائق سے اصول وضع کرنے شروع کیے۔ یوں
استقرائی منطق پیدا ہوئی جس نے ان تمام حقائق کو رد کر دیا جو اس کے دائرے میں نہ آتے ہوں قبل جزدی (eapon) کی پیدا کردہ ہر نئی مطلق سائینسی
نکر کی بنیاد بنی اور حیاتی اور اک سے باہر کی دنیا جو قبل بزودی کی کسوٹی پر پوری نہ اترتی ہو غیرحقیقی قرار پائی۔
حقیقت ماورائی صداقتوں کی سطح سے نیچے اتری تو اخلاقیات بھی معاشرتی اخلاقیات بن گئی ۔ حقیقت اور افادیت کے پیمانے اُس کی پر رکھ کا معیار
بن گئے ۔ اٹھار دیں اور انیسویں صدی کے انگلستان کی معاشرتی اخلاقیات اور عقلی دا فادی نقطہ نظر اصلاحی تحریک کے ساتھ ہمارے یہاں بھی دارد
ہوا۔ اس نے نقطہ نظر کا ٹکراؤ ہماری تہذیبی روایات اور اُن ما بعد الطبیعاتی اقدار سے ہوا جنہیں تصوف کی تعلیمات نے عام کیا تھا۔ انگریز حاکم تھا۔ جام
اکثر اپنی ضرورتوں کے مطابق رعایا کے فکری نظام میں تاویل اور تنسیخ کے رحجانات پیدا کرتے ہیں ۔ انگلستان میں جان سٹوارٹ مل اور مسند دوستان
میں لارڈ میں کالے محکوم قوم کی ذہنیت بدلنے کی کوشش کر رہے تھے۔ سرسید نے نئی سائنسی فکر پیدا کرنے کے لیے نیچر (NATURE) کا تصور پیش کیا
اور سترھویں صدی کے انگریز فلسفی اور انشائیہ نگار لارڈ بیکین کے قول کا لفظی ترجمہ کرتے ہوئے بائیل کی جگہ قرآن کا لفظ ر کھ کر یہ کہا کہ قرآن قول الله
ہے اور پنچر فل اللہ۔ تاہم انہوں نے مسلمانوں کی عظیم سائیسی روایات کا کوئی حوالہ قوم کونہ دیا۔ ڈپٹی نذیر احمد کے ناول توبتہ الضوع کے امیر و نصوح
نے اپنی بیوی کو گستاں پڑھاتے ہوئے آدھی گلستان قلم زد کردی اور یہ اعلان کیا کہ گر محلے کی کئی اور بہو بیٹی اس سے پڑھنے آئی تو وہ تین چوتھائی
گھلتاں قلم زد کر دیا۔ ڈپٹی نذیر احمد کے جزوی عقلی و افادی زاد بہ نظر میں شیخ سعدی کا مکلی زاد یہ نظر سا بھی کیسے سکتا تھا۔ انہوں نے اپنے ایک اور
نادل ابن الوقت انہیں ناول کے بیرو ابن الوقت کو انگریزی تہذیب کے سانچے میں ڈھلتے ہوئے دکھایا تھا اور یہ انہیں کا کمال ہے کہ این الوقت
کا لفظ ہماری نہ بان میں حالات سے سمجھوتہ کرنے والے کا مفہوم دینے کا۔ حالانکہ یہ تصوف کی اصطلاح ہے جس کے معنی ایسے شخص کے ہیں جو گھر
شرک اور نفاق سے پاک ہو، عابدہ پرہیز گار اوروقت کا پابند ہر جمالی شر کے ناول فردوس بریں میںسب سے اہم کردار شین لو اوری
کہا ہے جو دنیا میں شیطنت کا مظہر ہے مگر اس کی زبان سے جو کچھ کہلایا گیا ہے، وہ تصوف کے خیالات نہیں ۔ اس طور سے اخلاقیات کی مابعد الطبیعاتی
یادوں کوغیر معتبر بنانے کی کوششیں ہوئیں۔ اس کے بعد جو کچ بچار میل جزی کی بنیاد پر تمام مادر وای وای اخلاقیات تھی۔ ایسی اخلاقیات
جو معا شرقی مروریات کو پورا کر سکے۔ حقیت اور اس سے پیدا شدہ اخلاقیات کے حوالے سے ہی یہ کمی ہوگا کہ ہم گیر مابعدالطبیعاتی خوی نظام پر بشنون
مارا جا سکے اور یہ سلسلہ اب تک ہماری ہے لیکن آج یہ کام سرسید ، ڈپٹی نذیر احمد اور شر کے بجائے پست قامت ٹٹ پونجیے بھی کرنے لگے ہیں۔ استعارات
اور علامتوں کے نظام کو عقل جزوی کی کسوٹی پر پرکھے سے حماقت افروز نتائج ہی برآمد ہو سکتے ہیں۔
رای عقلی و اداری نقطہ نظر کا اک تیر یہ تک کہ ایک مکمل طور پر رکھنے کی صلایت ختم ہوگئی حمیت کا اور اک عقل جزوی سے ممکن ہی نہیں ہے ۔ اسی
ا اور اس ایپل نے کہا کہ باپ کی ٹوٹ پھوٹ کے مال اندر بھی ٹوٹ پھوٹ ہوگئی کائنات کبیر میں مد د کمیت ختم ہو جائے تو اس کے مائل کائنات صغیر
میں بھی انسان کی باطنی وحدت و کلیت نختم ہو جائے گی۔ انگریزی زبان کے شاعری ایس ایلیٹ نے اسے طرز را احساس میں بے ربطی کا نام دیا ہے بعقل ایک
طرف ہوگئی، جذبے نے دوسری طرف منہ پھیر دیا۔ یورپ میں اس سے ربطی نے فکری خلفشار پیدا کیا مختلف نظریات پیدا ہوئے۔ کسی نے عقل کو بنیاد بنایا
کسی نے جذبے کو کہیں خارج کے مطالعے سے حقیقت کو پانے کی سعی کی جانے لگی تو کہیں حقیقت کے شراغ کے لیے باطن کا مطالعہ ہونے لگا۔
ان قام علوم و افکار کی بنیاد پر متضاد اخلاقی تصورات پیدا ہوئے جنہوں نے فکری انتشار میں مزید اضافہ کیا۔
محض یہی نہیں ، یورپ میں ایک ماشہ یہ ہوا کہ ہر پچاس ساٹھ برس بعد کسی نئے سائنسی تصور کے پیدا ہونے سے حقیقت کا تصور بھی بدلتا رہا۔
نیوی کی طبعات حقیقت کا ایک نیکی تصویر ہی کیا ۔ ڈارون کے نظریہ ارتقا کے مطابق حیات کا تصور نامیاتی ہوگی۔ آمین سائٹ کے نظریہ است
نے حقیقت کو اضافی بنادیا۔ اس طرح اخلاقیات کا تصور بھی حقیقت کے تصور کے ساتھ ساتھ بدلتا رہا۔
مغربی استعار کیا تو اخلاقیات کے انتشار کی یہ صورت حال نو آبادیات میں بھی پھیل گئی جہاں کی روایتی تہذیب مغربی سائیں کے کارناموں کی چکا
چوند میں ماند پڑ گئی اور اس کا نتیجہ یہ صورت حال ہے جس میں ہم آج مبتلا ہیں۔
ابتدا میں ہم نے بچوں کی اخلاقی بے راہروی کی دو بڑی وجوہات ، بزرگوں اور اُستادوں کے قول و فعل کا تضاد اور محبت کی کمی کو بتایا تھا۔ چند باتیں
اس ضمن میں اور بھی شھ لیجیے۔ یورپ کے دو مشہور مفکروں نے نفسیات انسانی کے بارے میں دو مشہور نظریے پیش کیئے ہیں۔ فرائڈ کا نظریہ جنسیت اور ایڈلر کا
نظریہ احساس کمتری، پہلے نظریے کے مطابق معاشرے میں انسان کے لیے سب سے بڑی محرک قوت جنسی کشش ہے اور دوسرے نظریے کے مطابق یہ توریت
خواہش اقتدار ہے۔ چونکہ یورپ کا مادہ پرست ذہن حقیقت کے تصور کو ادنی ترین سطح پر لے آیا تھا۔ اس لیے انسانی محرکات کی بھی اتنی ہی صورت میں پیش کی گئیں انہیں
تصورات کا علی یا پر دیکھیں تو فرائڈ کا جنی کشش کا تصور ہماری اصطلاح میں عشق میں جائے گا اور ایڈلر کا خواہش اقتدار کا تصور ہوس کے متران
ہوگا۔ روایتی اردو غزل میں یہ دونوں اصطلاحیں یعنی عشق و ہوس، انسانی محرکات کی دو مختلف صورتیں ہیں جو فرائیڈ اور ایڈالر کے تصورات کے
ماثل ہیں ۔ یہاں ایک چھوٹی سی صراحت اور سن لیجئے۔ جنسی کشش ہو یا شق دونوں کیفیات آنا کی نفی سے وجود پاتی ہیں جبکہ خواہش اقتدار یا ہوس کے لیے
اثبات انا ایک لازمہ ہے، نفی آنا سے جزو انکار پیدا ہوتا ہے اور اثبات انا سے تعمیر اور ہوس اقتدار پہلی صورت میں قوت و اقتدار کے متلاشی
ہمہ وقت اپنی انا دوسری اناؤں سے ٹکراتے رہتے ہیں۔ اس ٹکراؤ سے خود بھی زرمنی ہوتے رہتے ہیں اور دوسروں کو بھی گھائل کرتے ہیں، ایک اور بات
ذہن نشین کرنے کی ہے اور وہ یہ کہ یہ دونوں رجحانات انسانوں کو دو علیدہ علیدہ انواع میں تقسیم نہیں کرتے۔ دونوں رجانات انسانوں کی سرشت میں
داخل ہیں۔ بات محض غالب رجحان کی ہے۔ بعض صورتوں میں غالب رحجان ہوس اقتدار کا ہوتا ہے اور بعض میں معنی کشش یا اس کی اعلی ترین صورت
مشق کا ۔ ایک صورت کا لازمہ اثبات آنا ہے اور دوسری کا فی کار نفی انا اعشق کا اصول تبدیلی کا انمول ہے۔ عاشق نقی آیا کے مسلسل مل سے خود کو درجہ
بدرجہ تبدیل کرتا رہتا ہے۔ اس کے برعکس اثبات آنا اور ہوس اقتدار ہر قسم کی تبدیلی سے خوفزدہ رہتی ہے۔
اقتدار اور قوت کے محرکاتے انسانوں کو مقابلے اور مسابقت کے لیے تیار کرتے ہیں۔ دنیا کے آزاد معاشروں کے پیداواری نظام کے لیے یہ رات
نیک فال کی حیثیت
رکھتے ہیں اس لیے کہ وہ معاشرے کی خوشحالی اور ترقی کے لیے ضروری ہوتے ہیں لہذا ایسا معاشرہ اپنے پیدا داری نظام کے فروغ کے لیے
ان رحجانات کو ترقی دیتا ہے اور قوت و اقتدار کی علامتوں کو معتبر ، وقیع اور مشترک بناتا رہتا ہے۔ یہ معاشرہ مقابلے اور مسابقت کی قوتوں کو پیداوار میں
میں بھی ظاہر کرتا ہے اور صرف میں بھی۔ اس معاشرے کی اخلاقیات منقلبطے اور مسابقت کی قوتوں کو فروغ دینے اور پیداوار اور صف میں توازن قائم رکھنے
کا آلہ کار ہوتی ہے ۔ پیداوار کے فروغ اور اس کے صرف کے امکانات کو وسیع تر کرنے کے لیے محنت، دیانت، انصاف، صلاحیت کار کی قدر
اور نخوش اخلاقی جیسی اقدار آزاد معاشروں کا امتیازی وصف ہوتی ہیں ۔
آج کے ترقی پذیر ملکوں کی صورت حال پر غور کیجیے۔ نو آبادیاتی نظام نے انہیں اشیائے صرف
کی منڈیوں میں تبدیل کردیا تھا۔ آزادی کے
بعد بھی یہاں کی معاشرتی ذہنیت صارفین کی ذہنیت ہے ۔ اسی لیے ان ملوں میں پیداواری قوت کم اور صرفی توت بہت زیادہ ہے۔ کم و بیش ہیں
صورت ہمارے معاشرے کی بھی ہے جہاں پیداوار کا تعال عمل کم سے کم اور صرف کا انفعال حمل زیادہ سے زیادہ ہے۔ صرف کرنے کا اور اسراف کی
مد تک صرف کرنے کا انفعالی عمل ایسی انفعالی ذہنیت کو پیدا کرتا ہے جس سے منفی ردیتے ہی جنم لے سکتے ہیں۔ انفعالی ذہین کے منفی رویے صرف کی
خواہش کو تیز سے تیز تر کرتے رہتے ہیں جس کے نتیجے کے طور پر رشوت پور بازاری، علاوٹ اور ان سب کی بنیاد پر رات کے رات دولت مند بن جانے کی
خواہش اور پھر ان سب کا حاصل زر پرستی ۔ یہی قومی مقدر بن جاتا ہے۔ پہلی صدی عیسوی کے ایک یونانی منکر انجائنس نے اخلاقی زوال کی توضیح ایسے
لفظوں میں کی ہے جس میں خود ہمارے معاشرے کی واضح جھلکیاں نظر آتی ہیں ۔ ملاحظہ ہو۔
انسان کی فطری نیکی اس جنگ سے تباہ ہوتی ہے جو اس کے نفس میں جاری رہتی ہے۔ بالآخر انسان خواہشات اور سفلی جذبات کا اسیر ہو
جاتا ہے۔ دولت اور لذت حاصل کرنے کی خواہش ہمیں نام بنالیتی ہے ۔ ایک کاکام تک نظر بنانا ہے اور دوسری کا کام ذلیل کرنا دولت
مند گھرانوں کے لڑکے حبیب بالغ ہوتے ہیں تو ان کی رد میں گستاخی لاقانونیت اور دیدہ دلیری کے چنگل میں پھنس چکی ہوتی ہیں۔ ان حالات
میں روح کا چراغ مدھم ہو جاتا ہے۔ انسان فنا ہو جانے والی چیزوں کے پرستار ہو جاتے ہیں اور و فانی چیزوں سے قطع نظر کر لیتے ہیں
رشوت زندگی میں عام ہو جاتی ہے اور اچھے برے کی تمیز مٹ جاتی ہے۔
آج ہارے کردار کو جو چی کھائے جارہی ہے وہ ہماری امام علی ہے دیا ہو کر ہم غیر کی کام کے نہ رہنے کی کوشش کرتے
ہیں اور صرف وہی کام کرتے ہیں جس میں یا تو ہماری تعریف ہو یا ہمیں عزت ہے کیا
پہلی صدی یونان کے اخلاقی زوال کی یہ صورت حال آج دو ہزار سال بعد ہماری صورت حال سے بڑی حد تک مطابقت رکھتی ہے۔ ہمارے اخلاقی
زوال کے پیچھے قوت واقتدار سے تحریک پانے والا ذہن ہے جو معاشرے کی پیداوار ی قوتوں میں کوئی اضافہ نہیں کرتا اور محض صرف کو زندگی کا اصل
اصول بجھتا ہے، زیادہ سے زیادہ قوت و اقتدار زیادہ سے زیادہ صرف کرنے کے اہل ہونے کی ضمانت ہے، پس صرف کرنے کی ہوس جتنی زیادہ
ہوگی اقتدار کی خواہش اتنی ہی شدید ہو گی۔ فعال پیداواری صلاحیتوں سے محروم یہ ذہن معاشرے کو کچھ دینے کا تصور ہی نہیں کر سکتا۔ وہ ہمہ وقت
اپنی ہوس کی تسکین کے لیے پورے معاشرے کو نچوڑ تا رہتا ہے۔
ہوس اقتدار سے تحریک پانے والے ذہن کے برعکس وہ ذہن جو اصولی محبت سے تحریک پاتا ہے۔ معاشرے کی پیداواری قوتوں کا خلیف
ہوتا ہے ۔ تربیت نفس کے ذریعے وہ معاشرے کی فلاح وبہبود میں شریک ہونے کا اہل بن جاتا ہے۔ لیکن تخلیقی صلاحیتوں کا حامل یہ ذہن صارفی
معاشرے میں زیادہ معتبر نہیں سمجھا جاتا۔ تاہم وہ اپنی صلاحیتوں کے مطابق معاشرے کو کچھ نہ کچھ دیتا رہتا ہے۔ ایسے ادارے جو کچھ نہ کچھ پیدا کرتے ہیں
اہلے ہی ذہنوں سے فروغ پاتے ہیں۔ ادب ، فنون اور تعلیم کے شعبوں میں ایسے ہی ذہنوں کی ضرورت ہوتی ہے۔ جن کے بغیر یہ شعبے تیر ہو جاتے ہیں۔
اب اگر یہ سوال کیا جائے کہ منافقت یعنی قول و فعل کا تضاد اور محبت کی عدم صلاحیت کیسے پیدا ہوتی ہے تو ان تصریحات کے پیش نظر جواب واضح
ہے۔ انا پرست اور ہوس اقتدار کا حامل ذہن محبت کرنے کا اہل ہی نہیں ہوتا۔ ہمارے معاشرے کی اسراف کی حدیک صرف کرنے والی انفعالی ذہنیت ،
محبت کو بطور سامان صرف مصرف میں لا اتو جانتی ہے گروہ فعال طور پر نہ خود میں محبت پیدا کر سکتی ہے نہ دوسروں میں وجہ یہ ہے کہ محبت میں آدمی خود
خریج ہوتا ہے اور اقتدار کی حالت میں دو سردی کو خرچ کرتا ہے ۔ ایک خود قربان ہونے کو تیار رہنا ہے دوسرا ہر شے کو اپنی ذات پر قربان کرنا چاہتا ہے ۔
انا پرست انفعالی زین قول وفعل کی ہم آہنگی بھی قائم نہیں رکھ سکتا۔ اس لیے کہ نا پستی کا رویہ انسان کی باطنی کلیت کو ختم کردیتا ہے۔ اندر اکائی اور روایات
قائم نہ ہو تو باہر بھی وحدت قائم نہیں کی جاسکتی۔ جلا وطنی کی زندگی بسر کرنے والے روسی ناول نگار سولز سے نیشن نے اپنے تو نبیل لیکچر میں یہ لکھا ہے کہ منافق
آدمی کوئی مشکل تمثال (MAGE) نہیں بناسکا مکمل ایمیج یا مثال بنانا یک تخلیقی عمل ہے۔ یوں کہ لیجئے کہ ہر قسم کی وحدت اور حمیت کی تشکیل تخلیقی عمل ہے
وحدت کو مانے والا اگر خود میں وحدت قائم نہیں کرسکتا تو اسے ایمان بھی نصیب نہیں ہوتا۔ قول وفعل کی وحدت باطنی وحدت
کا ظاہر سی اظہار ہے۔ اسی ضمن میں
مولا علی کا یہ قول بھی سن لیجیئے :
جولوگوں کا پیشوا بہتا ہے تو اسے دوسروں کو تعلیم دینے سے پہلے خود اپنے کو تعلیم دینا چاہیے ۔ اور زبان سے درسی اخلاق دینے سے پہلے
اپنی سیرت و کردارسے تعلیم دینا چاہیے ۔ اورجو اپنے نفس کو تعلیم و تا ریب کرے وہ دوسروں کی تعلیم دنا ریب کرنے سے زیادہ احترام
کا مستحق ہے یا
حمت کرنے کی صلاحیت ، باطنی وحدت اور پیداواری میلان سے محروم ، مصارفی آنا پرست ذہن ہوس اقتدار اور صارفی ذہنیت کے طفیل حرص
کا شکار تو ہوتا ہی ہے۔ اس کے ساتھ وہ خوف کا اسیر بھی ہوتا ہے۔ اقتدار اور صرف کرنے کی صلاحیت کے نظم ہو جانے کا خوف بحرص اور خوف دونوں ایک
ساتھ پیدا ہوتے نہیں اور ایک دوسرے کو تقویت دیتے رہتے ہیں ۔ ایک کا وجود دوسرے کے لیے لازمہ ہے اور ایک کا خاتمہ دوسرے کے خاتمے کے مترادف
ہے۔ ہم نے پہلے کہا ہے کہ ایسا نہ ہی تبدیلی سے خوف کھاتا ہے ، بالخصوص ایسی تبدیلی سے جو اشیا کو وجود کی ایک سطح سے دوسری سطح پر لے جائے ۔ یہ ذہین
ہرقسم کے تخلیقی عمل سے یوں بھی خوفزدہ ہوتا ہے کہ تخلیقی صورت حال نفی آنا کے مترادف ہوتی ہے اور اس لیے بھی کہ تخلیقی عمل کے باعث اشیا اپنی واقعاتی
سطح سے بالا تر ہو کر استعاراتی اور علامتی سطح کی حامل ہو جاتی ہیں ۔ استعارے اور علامتیں بالا تر صداقتوں کی طرف اشارہ کرتی ہیں اور انا پرست ذہن اشیا
کو محض ایک سطح پر بینی قبل جزوی کی سطح پر دیکھنے کا عادی ہوتا ہے۔ اسی قسم کا ایک اور خوف جنس کا خوف ہے ۔ قدرت کی جانب سے عطا کردہ اس غیر
شعوری قوت کو فی مابعد الطبعات نظام او عقل کلی یا جدای حق کے والے سے نظم دنیا عطاکیا جاسکتا ہے یا یوں کہیے کر رفع بخشا جاسکتاہے ۔ لیکن
عقل جزری کا حامل انا پرست ذہن یہ کام کرہی نہیں سکا۔ قدیم حکماء اور منظرین معنی کو اعلی تر حقیقت اور صداقت کے ادراک کے لیے بطور علامت یا استعداد
استعمال کرتے تھے۔ آج کا ذہین ایر بنائے خون ، اسے رد کر تا ہے۔ آج آپ فحاشی کا نام بھیجو اور کسی بھی کلاسیکی ادب پارے کو سولی دینے کا مطالبہ کر دیجئے۔
میرامین حیدر بخش حیدری اور اس قبیل کے دیگر مصنفین کے بارے میں یہ اعتراض اہل علم کے حقوں میں اکثر سکتے میں آتا ہے، کہتے ہیں ایک بزرگ درسی
کتابوں کے لیے منتخب ہونے والی غزلوں سے لفظ عشق والے اشعار کو خارج کرا دیا کرتے تھے۔ ظاہر ہے کہ عشق کی کیفیت عقل جزوی اور آمار دونوں کے لیے
سازگار نہیں ہوتی ۔ ادھر میر صاحب نہیں کہ عشق کے حوالے سے اخلاقی درس دیتے ہیں۔
عشق میں کیا کام ہے نازک مزاجی کے تیئی
کوہ کن کی طرح سے جی توڑ کر محنت کرد
عشق میں جی توڑ کر محنت کرنا خود کو مسلسل خرچ کر کے کوہ کن کی طرح دودھ کی نہر نکانا ، اس تخلیقی گلی میں جان کا زیاں ہے۔ عقلیت اور افادیت
نے ہیں یہ بتایا کہ حضرت بہان ہے تو جہان ہے لہذا اس رجحان نے یہ شعر تخلیق کیا ہے ۔
نہر پر چل رہی ہے پنی سیکی
دھن کی پوری ہے کام کی پکی
اخلاقی درس تو یہاں بھی ہے لیکن کوہ کن سے عشق کی باطنی اورحیاتیاتی تو اور بھی چکی کی میکانیکی وقت کے درمیان جو فرق ہے، اسے بھی ملحوظ
رکھنا چاہیے۔
استعارے اور جنس کے خوف کی ایک اور صورت موت کا خوف ہے ۔ ہماری دینی روایت اور مابعد الطبیعاتی حوالے موت کو انسانی وجود کی ایک
صورت سے دوسری صورت میں تبدیلی کا آلہ کار سمجھتے ہیں ۔ انا پرست ذہن ہر قسم کی تبدیلی سے خوفزدہ رہتا ہے ۔ محض یہی نہیں ، وہ انا کہ دیود کے
مترادف سمجھتا ہے لہذا آنا کے خاتمے کی ہر صورت سے خائف رہتا ہے ۔ اور اُس کی ایک صورت موت بھی۔ سے ۔ زندگی کرنے کے کل میں موجودہ صورت
حال کو برقرار رکھنے کی ہر کا درش اسی خوف کا علامتی اظہار ہوتی ہے۔ بچے بالغ ہونے سے اور بالغ بوڑھے ہونے سے خوفزدہ ہوں تو یہ بھی موجودہ صورت
حال کو برقرار رکھنے کی علامت ہے ۔ ملازمت سے سبکدوش ہونے کا خوف اور اس میں توسیع کی خواہش بھی موت کے خوف اور زندگی کی تو مسلع کی کوشش
کا استعارہ ہے۔
بوڑھے جوان بننے کی کوشش کریں اور جوان بچپن سے بچھٹے رہیں تو زندگی کا فطری نظام بگڑ جائے گا۔ نظام فطرت بگڑ جائے تو انسان کو اس کی
بھاری قیمت ادا کرنی پڑتی ہے ۔ لہذا سب سے بڑی اخلاقیات یہ ہے کہ زندگی میں قدرت کے بنائے ہوئے فطری آہنگ
کو قائم رکھا جائے ۔ معاشرتی
عمل میں شریک ہو کر اسے فطری تقاضوں سے ہم آہنگ کرنا ہماری سب سے بڑی اخلاقی ذمہ داری ہے
ہم نے پہلے یہ کہا ہئے کہ تعلیمی اداروں کا کام معاشرے کے تقاضوں کو پورا کرنا اور ایسے ذہن پیدا کرناہے جو معاشرتی آہنگ کو برقرار نکا
سکیں، اسی لیے معاشرے کے تقاصوں اور تعلیمی اداروں کی کارکردگی میں حتی الامکان ہم آہنگی قائم رکھنے کی کوشش کی جاتی ہے۔ اگر معاشرہ تخلیقی صلاحیتوں کا
متقاضی ہو تو تعلیمی اداروں میں تخلیقی ذہن پیدا ہوں گے اور اگر معاشرے کی ضرورت یہ ہو کہ کسی نہ کی طرح موجودہ صورت حال کو برقرار رکھا جائے تو تعلیمی اداروں
کی کارکردگی بھی اسی سمت میں ظاہر ہوگی ۔ اور کوشش یہ ہوگی کہ ایسے ذہن پیدا ہوں جو وجود مشورت حال کو تسلیم کر کے معاشرتی آہنگ کا حصہ بن جائیں۔ ہمارے
تعلیمی اداروں میں معاشرتی تقاضوں کے مطابق انفعالی صارفی ذہن بہ کثرت پیدا ہوتے ہیں جو پیداواری اور تخلیقی ذہنوں کے خلاف زیر دست محاذ قائم کرتے ہیں
تاہم چونکہ زندگی خود تخلیقی ہے۔ اس لیے اس کا فروغ تخلیقی قوتوں سے ہی ممکن ہے ۔ لہذا زندگی کے فطری تھامنے بغیر صورت سال کے خلاف تخلیقی عمل کے
علیف ہوتے ہیں۔ تخلیقی عمل کی ہر صورت کسی نہ کسی حد تک صورت حال کو تبدیل کر دیتی ہے اور یہ بات ہر انفعالی ذہین کے لیے خطرے کی گھٹی ہوتی ہے۔
معاشرے کے دیگر تخلیقی عوامل کی رح تعلیم بھی اک تخلیقی عمل ہے اور جس طرح ہر تخلیقی عمل ای کیت اور وحدت کو پہلی کرتا ہے ، اسی طرح تعلیم کا تخلیقی
عملی طالب علم میں حقیت اور وحدت و پیارا ہے یاکم ازکم آئیڈیل سطح پر سے پیداکرنا چاہیے لیکن اس کی ایک شرما ہے۔ کلیت اور وحدت محض وہی لوگ
پیدا کر سکتے ہیں و اشیا کو گلی طور پر دیکھنے کی صلاحیت رکھتے ہوں۔ اور یہ صلاحیت محض انہیں نصیب ہوتی ہے جنہوں نے اصول محبت کے حوالے سے
اپنے نفس کی تہذیب و تربیت کی ہو اور خود اپنی ذات میں وحدت و کلیت قائم کی ہو
ہم نے کلیت اور وحدت کی ایک نشانی بتانی ہے کہ قول وفعل میں وحدت ہور تعلیم کے دائرہ کار میں بھی وحدت علم و عمل ضروری ہے اور اگر یہ نہ برتور
مولا علی اسے قول کے مطابق علم مرحمت ہو جاتا ہے۔ آپ نے فرمایا کہ
علم عمل سے وابستہ ہے۔ ہذا یہ جاتا ہے وہ کل بھی کرتا ہے۔ اور علم عمل کو پکارتا ہے اگر وہ ایک کہتا ہے تو بہتر ورنہ وہ بھی اس سے رخصت ہو جا ہیں۔
ہمارے معاشرے میں ہو ی اقتدار سے تحریک پانے والا انفعالی صارفی زمین اس وحدت
کو قائم کرنے کی اہمیت یہ کھتا ہے اور نہ ہی اس کی ضرورت محسوس کرنا
ہے۔ معاشرے کا یہ عام ذہن تعلیمی شعبے میں بھی اکثریت کا حامل ہے ۔ دیگر اہم کاموں کو ر واردی میں سرانجام دیتے ہوئے یہ ذہن اپنی صارفانہ قوتوں کو گریڈ
کے حصول کے لیے وقف کر دیتا ہے ۔ اُستاد تنخواہوں کے گر پڑ کے لیے کوشاں ہوتے ہیں تو شا گرد نتائج سے گریڈ کے لئے۔ تعلیمی معیارات کے گرنے کی شکایت
۔
عام ہے لیکن سے محض طریق کار ی خرابی بتاکر طرز تعلیم و مطعون کیا جاتاہے اور یہ جلادیا جاتا ہے کہ ناپنے کے لیے آنگن کا سیدھا ہونا ضروری نہیں ہے ۔
تعلیمی بجے کی بنیادی ضرور ہیں دو ہیں۔ طالب علم اور استاد ۔ طالب علم کو اذیت اس لیے ہے کہ اس کی ضرورتوں کے مطابق استاد فراہم کیے
جاتے ہیں ۔ اور ان دونوں خاصر کی ضرورتوں کے مطابق تعلیم کا پورا ڈھانچا استوار ہونا چاہیے۔ جی ہاں ہونا چاہیے مگر ہوتا یہ ہے کرگھانچا
تعلیمی ضرورت سے بے نیاز ہو کر انتظامی ضرورت میں تبدیل ہو جاتا ہے اور پھر کاغذی کاروائیاں ،قانونی موشگافیا کمیٹیاں ، میٹنگیں، اور ان
سب کے ذریعے اقتدار حاصل کرنے کی کوشش اور اکھاڑ پچھاڑ ۔ اقتدار کا حصول اس لیے نہیں کہ اس سے دوسروں کو فائدہ پہنچایا جائے۔ آج کے مات
میں نقصان پہنچانے کی جتنی قوت کسی شخص میں ہوگی اور وہ جتنا زیادہ لالچ دینے یا خوف پیدا کرنے پر قادر ہو گا اتنا ہی زیادہ مقتدر ہوگا اور جتنا زیادہ
اقتدار کسی شخص کے پاس ہو گا اتنا ہی زیادہ انا کی تسکین کے مواقع ہوں گے۔
م نے بھی کہا ہے تعلیم دینا ایک خلیقی عمل ہے۔ استادکو ایک ای تخلیقی فن کار ہونا چاہئے جو اپنے موجود مواد یعنی طالب علموں کو اپنے تحقیقی مل کے
ذریعے ایسی وحدت اور کلیت میں ڈھال دے جو دنیا کے لئے مسرت تسکین اور درس کا باعث ہو۔ یہ وہی کام ہے جو شاعر اپنے لفظوں سے اور معصو ر اپنے
رنگوں سے سرانجام دیتا ہے ۔ لفظوں اور رنگوں کی تغیر کامل بہت مشکل ہے لیکن انسانوں کی تغیر کامل مشکل تر ہے۔ فنکارانہ تسخیر کا ہر عمل محبت کے سحر کے
بغیر نا ممکن ہے اور اس سحر سے آشنا ہونے کےلیے اپنی ان کی قربانی دینی پڑتی ہے۔ اسی سحر کا کرشمہ یہ ہوتا ہے کہ استاد اپنے وجود کو طالب علموں کے دلوں
میں اتار دیتا ہے۔ ورنہ یہ کام کہ استاد کلاس کو کھر سے بے طلبا اپنی کاپیوں میں اتار لیں، ٹیلی وژن ، ریڈیو اور ٹیپ ریکارڈ بھی سر انجام دے سکتے ہیں
اور اس طرح علیا یک زیادہ بہتر علم پہنچ سکتا ہے مولاعلی نےعلم کی دوقسمیں بتاتی ہیں۔ علم سموع اور علم مطبوع - علم مسموع کا تعلق عن ساعت سے ہے
جب کہ علم مطبوع دہ ہے جو دلوں پر نقش ہو جائے۔ یہی وہ علم ہے جو بصیرت کی روشنی میں معلومات کی کثرت کونئی نئی وحدتوں میں متشکل کرتا رہتا ہے بقول
وہ علم کم بصری جس میں ہم کت رنہیں
تجلیات کلیم و مشاہدات حکیم
علامہ اقبال:
کثرت میں وحدت دیکھنا بعیت کی روشنی یا بقول لامہ اقبال تجلیات کیم سے ہی ممکن ہے۔ یہ روشنی اصول محبت اور نئی نا کے بغیر بلی ہی نہیں سکتی یہ ہیں
اس کے بغیر وحدت اور کلیت کا عرفان ممکن ہے۔
اب ایک نظر طالب علموں پر ڈالتے چلے جنہیں تعلیمی شعبے میں اولیت حاصل ہے۔ عام طور پر نو جوانوں میں آنا کا نہ در شور زیادہ ہوتا ہے بالخصوص
ہمارے انا پرست معاشرے میں تو یہ اور بھی زیادہ نمایاں ہے۔ چونکہ ان کی تربیت عام معاشرتی رحمان کے مطابق ہوتی ہے جس میں خواہش صرف کی تحریک
خواہش پیداوار سے کہیں زیادہ ہے اس لیئے ان میں بھی خود غرضی، عام معاشرتی حالات سے لا تعلقی اور بلبل کہ فلاحی کام کرنے کا فقدان نمایاں نظر آتا ہے حیض
بھی نہیں انا کا منفی پہلو نہیں خوف و ہراس کا اسیر بنا دیتا ہے۔ فیصلہ کرنے کی صلاحیت ختم ہو جاتی ہے ۔ ہر قسم کے امتحان کی بحرانی صورت حال سے گرینہ
ان کے طبائع کی خصوصیت بن جاتا ہے ۔ وہ ایک ایسی انفعالی کیفیت کے قابل ہو جاتے ہیں جس کے باعث تخلیقی سرچشمے خشک ہو جاتے ہیں ۔ اور ذہن
کر منت
اور زیادہ توقعات کا عادی ہو جاتا ہے۔ زندگی کی اعلیٰ اقدار کا احساس ختم ہو جاتا ہے اور حصول مدعا کے لیے ہرنا جائز گوشش جائز قرار پاتی ہے
اہم طالب علموں کو اس صورت حال کا افتہ انہیں ٹہرایا جاسکتا ہے چونکہ نیکی اور باری دونوں کا ٹریفک یکطرفہ ہوتا ہے یعنی یہ کہ وہ اوپر سے نیچے کی طرف آتی
ہیں لہذا یہ کام اُستادوں کا ہے کہ وہ طلباء کے منفی رحجانات کو مثبت رجحانات میں تبدیل دیں۔
تعلیمی اداروں میں ایسے استاد کتنے ہیں جو یہ کام سرانجام دے سکتے ہیں ؟ ظاہر ہے کہ ان کی تعداد بہت کرہے جیساکہ عام تعلیمی صورت حال اور
اس سے پیدا شدہ نتائج سے ظاہر ہے۔ اور اگر کہیں ایسے اُستاد ہیں بھی تو اُن کی ہمت افزائی نہیں ہوتی محض ہیں نہیں مختلف ہتھکنڈوں سے اُن کے اثر و نفوز
کو کم کیا جاتاہے یہاں تک کہ اس غلط مفروضے کی بنیاد پر کہ معاشرے اور طلباء میں اُستاد کی شہرت و وقعت راس کی تنخواہ کے گریڈ پر بنی ہوتی ہے ان پر
ترقیوں کے دروازے بند کر دیئے جاتے ہیں ۔ اندھیرے کے لیے ایک ٹمٹماتا ہوا دیا بھی چیلنچ کی حیثیت رکھتا ہے اور اُس کی بقا کے لیے مستقل خطرہ بنا ہاہا
طلباء میں منفی سیاست کے رحجانات حیوانی قوت کے مظاہرے اور جنگجوئی استحانات کے دوران میں کی جانے والی بدعنوانیاں علم
کو محض سند حاصل کرنے کا ذریعہ سمجھنا ۔ ان تمام باتوں کو آپ کے سامنے دہرانا لا حاصل ہے کہ ان سے آپ سب بخوبی واقف ہیں ۔
اس سے پہلے کہ میں اپنی گفتگو کو سمیٹوں آپ کو ایک واقعہ سناتا ہوں ۔ آج سے کوئی سترہ اٹھارہ برس پہلے کی بات ہے اسلامیہ کالج سول لائٹنر ہیں
فرکی کے صدر شعبہ اور سائیں کے ڈین مرزا عبدالحمید بیگ صاحب نے بھارت
کے مشہور ماہر تعلیم خواجہ غلام السیدین کو جو لا ہور آئے ہوئے تھے، کالج میں
ر کیا۔ استادوں اور طالب علموں پرمشتمل ایک مختصر سی نشت کا اہتمام مقار خوجہ غلام الیدین نے بھارت کے سابق صدر اور ماہر تعلیم ڈکٹر ز ارشین
کا یہ قول سنایار
اگر میں کسی ملک میں بھاؤں اور دیکھوں کہ وہاں کا اقتصادی ڈھانچا بہت مضبوط ہے ، کارخانے اور بینک بہت ترقی پر ہیں سیکھ
وہاں کا تعلیمی ڈھانچہ کمزور ہے تو مجھے اس ملک کا مستقبل تاریک نظر آئے گا۔ اس کے برعکس اگر یک کا تعلیمی نظام مضبوط بنیادوں پر استوار
ہے تو وہاں کی اقتصادی حالت مایوس
کن ہو تو بھی میں اُس کے روشن مستقبل کی ضمانت دوں گایا
میں نے اپنی پوری گفتگو میں ایک خاص صورت حال کی طرف اشارہ کیا ہے جس میں ہم سب بتلا ہیں۔ یہ ایک واردات ہے جو ہم سب پر گزر رہی ہے۔
میرے خیال میں اخلاقیات کے سارے مسائل اس غیر تخلیقی ر دیتے سے جنم لیتے ہیں جوزندگی کی تخلیقی قوتوں کو بروئے کار نہیں آنے دیتا ۔ پورے معاشرے
میں بالعموم اور تعلیمی شعبے میں بالخصوص بنجرین کی یہ صورت حال انا پرست انفعالی ذہن کی مرہون منت ہے جو اپنے منفی رویوں سے اثباتی و تخلیقی قوتوں
کو شکست دینے کے درپے ہے۔ یہ ذہن کیسے پیدا ہوتا ہے اور اس کے معاشرتی و نفسیاتی اسباب
کیا ہیں ، ان سب کا حتی المقدور تجزیہ کیا گیا ہے۔ اس کے
ساتھ ساتھ اس بات کی وضاحت کی کوشش بھی کی گئی ہے کہ فعال تخلیقی ذہن اصول محبت سے پیدا ہوتا ہے۔ یہی وہ کیمیا ہے جس سے اندر کی معمولی درمات
سونا بن جاتی ہے اور منفی کر دیتے مثبت رجحانات میں تبدیل ہو جاتے ہیں ۔
اب اگر آپ
مجھ سے یہ پوچھیں کہ اس صورت حال کا علاج کیا ہے تو اس کا کوئی حتمی جواب میرے پاس نہیں ہے۔ البتہ میں یہ کہہ سکتا ہوں کہ اولا تو
مرض کی مکمل آگہی علاج کی جانب ایک مثبت قدم ہے دوسرے یہ کہ ذہن کی تبدیلی کی توقع بھی اسی کا رخانے میں ہو سکتی ہے جہاں ذہن کی تشکیل کاکام
ہوتا ہے یعنی تعلیمی ادارے ۔ اس ضمن میں ایک چھوٹی سی بات یہ عرض کرتا چلوں کہ محض نظریات و تصورات کی تبلیغ و تلقین سے کام نہیں چل سکتا، انا پرست
انفعالی صارف ذہن ہر قسم کے نظریات و تصورات
کو اپنے مقاصد کی تکمیل کے لیے صرف کرنے کی قدرت
رکھتا ہے۔ لہذا تعلیمی اداروں میں ایسے ذہنوں کی
ضرورت ہے جو تھوڑا بہت خود اپنی ذات کو صرف دفخری کرنے کی اہمیت رکھتے ہوں۔ ایسے ذہن کہاں سے لائے جائیں اور تعلیمی اداروں میں موجود تخلیفی بنوا کو
کسی طرح تحفظ دیا جائے یہاں بات سائل کے حدود سے نکل کر وسائل کے حدود میں پہنچ جاتی ہے جہاں خود میری پہنچ نہیں ہے۔
آپ نے میری باتیں ہمدردی سے سنیں ۔ آپ کا شکریہ انگریزی زبان کا ایک محاورہ ہے۔ SYMPATHY
TEA AND - شام ہمدرد
میں اس کا ترجمہ ہمدردی اور چائے کہ ہمدردی آپ کر چکے لہذا مجھے اجازت دیجئے کہ میں آپ کے اور چائے کے درمیان فاصلے کو کم کروں ۔ شکریہ!",5962
P3_1981_041,Auraq,1981,Magazine,"دید افسانے کی عوام اناس میں عدم مقبولیت کی یوں تو بہت سی وجوہ بتائی جاتی ہیں لیکن ان میں ایک بنیادی وجیہ افسانے میں
کہانی کے عنصر کا فقدان ہے لیکن کہانی کا عصر کیا ہے ؟ اس بارے میں آج تک کوئی بات واضح ہو کرسامنے نہیں آئی حالانکہ ہم میں سے ہر شخص
جدید افسانے میں افسانو نیت نہ ہونے کا رونا روتا رہتاہے لیکن کوئی یہ نہیں بتاتا کہ وہ کون سا عصر ہے جس کے نہ ہونے سے افسانہ، افسانہ نہیں
رہتا۔ آپئے اہم جدید افسانے کے اس اہم مسئلہ پر غور کریں اور یہ معلوم کریں کہ افسانے میں کیا کیا شامل ہونے سے افسانونیت پیدا ہوتی ہے اور کیا نہ
ہونے سے افسانہ ، افسانہ نہیں رہتا ۔
افسانونیت کی بحث در اصل افسانے کی بحث ہے اور افسانے کی مکمل اور جامع تعریف میں ہی اس کا جواب مضمر ہے لیکن جیسا کہ ہم سب
جانتے ہیں، آج تک افسانے کے جامع اور متفقہ اصول مرتب نہیں ہو سکے اور نہ ہونے چاہئیں اس لیے کہ افسانے کی ہیئت ہر دور میں بدلتی رہی
ہے۔ ہر دور کا فن کار اس صنف میں ہئیت د اسلوب کے تجربے کرتارہا ہے اسی لیے محمد حس عسکری نے افسانے کی صنف کو ادب کی سب سے
آزاد صنف قرار دیا ہے ۔ اس سے مراد یہ ہے کہ اسکی کوئی مقررہ اور متعین تعریف نہیں ہوسکتی ہے اور نہ افسانہ لکھنے کے لیے کوئی متقین اور
تا قابل تغیر اصول مرتب کیے جاسکتے ہیں۔ ہر دور کا افسانہ نگار افسانے کے لیے خود اصول وضع کرتا ہے اور آئندہ بھی وہ اپنے پیش
روؤں کے اصول
توڑ کر نئے اصول مرتب
کرتا رہے گا۔ یہ عمل ہمیشہ ہماری رہا ہے، افسانے کا جو اصول ایک دور میں متعین ہوتا ہے ، دوسرے دور کا افسانگار
اسے توڑ دیتا ہے اسی لیے افسانے کی کو سیکی تعریف آج کے افسانہ نگار کی نظروں میں کوئی اہمیت نہیں رکھتی لیکن یہ بھی حقیقت ہے کہ امین پوا در
ہینری جیمز جیسے خلاق فنکاروں نے افسانے کے چندا مول مرتب کیئے ہیں اور دنیا کے مختلف ملکوں میں طویل عرصے بک افسانہ نگار ان اصولوں
کے مطابق افسانے لکھتے رہے ہیں لیکن ایلین پر اور ہینری جمیز کے افسانے کے اموروں پر سختی کے ساتھ عمل کیا جائے تو دنیا کے بہت سے مقبول
اور شاہکار افسانوں کو رد کرنا ضروری ہو جائے گا اور اگر انہیں افسانہ تسلیم کیا گیا توافسانے کے اصول مرتب کرنا ممکن نہ ہو گا۔
افسانے کی کلاسیکی تعریف کے مطابق اس میں مربوط اور منضبط پلاٹ ہونا ضروری ہے تاکہ اس میں افسانو نیت اور ریسپی پیدا ہو اور ہر طرح
کے لوگ اس سے لطف اندوز ہو سکیں جس کا مطلب یہ ہے کہ افسانہ نگار کو داستان گو کی طرح افسانہ کہنے کا فن آنا چاہیئے ۔ اس طرح افسانے میں
سب سے زیادہ اہمیت پلاٹ اور اف نونیت کو حاصل ہو جاتی ہے ۔ اگر افسانے کے لیے یہ پہلی شرط بیان بھی جائے تو کہانی کے بغیر انسانے کا
نقور ممکن نہیں رہتا لیکن جیساکہ ہم عالمی ادب کی تاریخ سے واقف ہیں، دنیا کے عظیم افسانہ نگاروں نے بہتیرے۔ ایسے افسانے لکھے ہیں چین
میں مروجہ معنوں میں کوئی پلاٹ یا افسانونیت نہیں اس کے باوجود ان افسانوں کا شمار دنیا کے شاہکار افسانوں میں ہوتا ہے پچیخوف اور
موپساں نے جو مختصر افسانے کے اساتذہ تصور کیے جاتے ہیں متعدد ایسے افسانے لکھے ہیں جن میں عام معنوں میں کوئی کہانی نہیں ہے۔ اگر
انانے کے لیے کہانی کے عصر کو لازمی قرار دیا جائے تو ہم ان افسانوں کو کیا کہیں گے؟
جیسا کہ افسانو نیت کی اصطلاح سے ظاہر ہے ، اس کا مطلب افسانے میں کہانی کا عنصر ہے لینی جب تک کسی افسانے ہیں کہ باطنی کے تمام
لوازم اور خوبیاں موجود نہ ہوں اسے کہانی نہیں کہا جائے گا لیکن جیسا کہ ہمیں معلوم ہے جدید افسانہ نگار افسانے کی کلاسیکی تعریف اور را فسانہ
نگاری کے مروجہ اصولوں اور قاعدوں کو تسلیم کرنے کے لیے آمادہ نہیں ہیں۔ ان کا کہنا ہے کہ روایتی افسانہ اپنی ترقی کے تمام امکانات ختم کر چکا
ہے اور اب وہ محض فارمولہ بن چکا ہے لینی اس کے فرسودہ اصولوں میں اب کوئی جان نہیں ہے ۔ افسانے کا اچانک شروع ہو جانا ، اس میں
نہیں پیدا کرنے کی شعوری کوشش ، سوچے سمجھے منصوبے کے تحت کل مکس اور پھر غیرمتوقع طور پر انتقام یہ تمام باتیں میکانکی سو رہ گئی
ہیں۔ اس میں آمد نہیں آرید کا دخل ہے۔ روایتی افسانے میں سب کچھ ایک فارمولے کے تحت انجام پاتا ہے اس لیے روانی افسانہ لکھنا ان
کاری نہیں منائی ہے جبکہ تخلیقی فنکار سنائی کو نہیں فنکاری کو اہمیت دیتا ہے۔ جدید افسانہ نگار اسٹوری کا نہیں، اینٹی اسٹوری کا فائی ہے۔
چنانچہ جدید افسانہ نگاروں نے افسانے میں نہ صرف افسانو نیت کی اہمیت سے انکار کیا بلکہ افسانے کی مقررہ بیت ا فارم کو بھی توڑنا۔
ضروری سمجھا اس طرح جدید افسانے سے روایتی مفہوم میں انسان نیت غائب ہوگئی۔
اس ضمن میں کمار پاشی کا خیال ہے کہ "" جدید افسانہ نگاروں نے افسانے کو افسانہ بین سے نجات دلا کر اسے تخلیفی ذائقہ سے روانشناس
کرایا ہے تخلیفی افسانہ از کمار پاشی سطور ا د ملی۔ خاص نمبر سے) بھارت کے نوجوان افسانہ نگار عبد الصمد کا خیال ہے کہ آج کا
افسانہ بندھے مکے فارمولے کو کیسر توڑتے ہوئے بہت آگے بڑھ چکا ہے۔ افسانہ کے لیئے مرکز تصور اور وحدت خیال جیسے خیالات فرسوده
ہو چکے ہیں ۔ آج افسانہ کے لیے مخصوص پلاٹ اختیار نہیں کیا جا سکتا۔ آج کے افسانے کے مطالعہ کے لیے ضروری ہے کہ ہم مطالعے کے پڑانے
ڈھرنے کو بالکل چھوڑ دیں ورنہ ہم نئے افسانے سے حفظ نہیں اُٹھا سکیں گے دو ماہی الفاظ ، علی گڑھ) رشید امجد کا خیال ہے کہ دنیا افسانہ
نگار پڑا نے افسانہ نگار کی طرح پلاٹ کو منطقی ترتیب نہیں دیتا بلکہ وہ پلاٹ کے خیال کو لکھتا ہے۔ لفظ افسانو نیت بھی بوڑھے نقادوں
کا جتایا ہوا الفظ معلوم ہوتا ہے جس کے میرے نزدیک کوئی معنی نہیں۔
افسانے میں کہانی کا عنصر، افسانے کے بنیادی سوالوں میں سے ہے جس کا کوئی نہ کوئی تسلی بخش جواب ضروری ہے ۔ اس سوال سے
فرار ممکن نہیں چنانچہ گوپی چند رنگ کو بھی تسلیم کرنا پڑرہا ہے کہ تیس بتیس برسوں کے تخلیقی اور ذہنی سفر کے گونا گوں تجربات نے نیکشل آرٹ
کی نوعیت کے بارے میں بعض بنیادی سوال پیدا کر دیئے ہیں یعنی نئی کہانی نہایت بے رحمی سے پرانے فرسودہ ڈھانچے کو پاش پاش کرتی
ہے لیکن کیا یہ واقعی صحیح ہے کہ جدید کہانی میں حد تک وہ جدید ہے
کہانی نہیں ہے۔ اور جس حد تک وہ کہانی ہے کہ جدید نہیں ہے ؟
میرا خیال ہے یہ ایک گمراہی ہے جس کا سد باب ضروری ہے ۔ دنیا افسانہ ۔ دوراہے پر)
جدید افسانہ نگاروں میں افسانے میں کہانی کے عصر کے سوال پر کافی اختلاف ہے۔ ایک حلقہ کا خیال ہے کہ ایک کامیاب افسانے میں
کہانی کا ہونا قطعی ضروری نہیں اس لیے کہ آج کا افسانہ نگار افسانے میں کہانی بیان نہیں کرتا ۔ صرف آئیڈیا یا تصور یا کیفیت پیش کرتا ہے اور
قاری کو کسی مسلہ پر سوچنے کی دعوت دیتا ہے۔ یہی وجہ ہے کہ اپنے ناک کا بنا کہانی یا کردار نگار کے ذریعہ نہیں بلکہ مخصوص علامات اور مالیات
سے بنتا ہے چنانچہ وہ اس کے لئے کبھی شعور کی روہ کبھی خود کلامی اور کبھی سادہ بیانیہ انداز اور علامتی زبان استعمال کرتا ہے۔ ان تمام لوزارات
کے ذریعہ روایتی انداز میں کہانی بیان نہیں کی جاسکتی تاہم جدید افسانے ہمیں افسانہ انڈر کرنٹ کے طور پر چھپا رہتا ہے جبکہ دوسرے طبقے کا خیال
ہے کہ جدید افسانے کو عوام میں مقبول بنانے اور کمیونیکیشن گیپ یعنی ترسیل کے فقدان کو ختم کرنے کے لیے افسانو نیت کی تجدید مزوری ہے اس
ضمن میں نوجوان افسانہ نگار نجم المن رضوی کا خیال ہے کہ نیا افسانہ کسی بے معنی ، بے کیف ، پہلے مدرج اور بے مقصد تحریر کا نام نہیں جس میں
سارے علوم اور فلسفیانہ مباحث ہوں، لمس کہانی نہ ہو۔ حسین طرح غزل کا ایک مزاج ہوتا ہے اسی طرح افسانے کا بھی ایک ذائقہ ہوتا ہے۔
اور یہ اس وقت نکھرتا ہے جب افسانے میں کہانی کے عصر کا خیال رکھا جائے یہی وہ گرم ہے جو کہانی کو غیر دلچسپ اور نا مقبول ہونے سے محفوظ
رکھ سکتا ہے .... خود میں افسانہ نگاروں کے جس مکتب سے تعلق رکھتا ہوں اس کا خیال ہے کہ افسانہ نگار وں کو کہانی کہنے کا بنیادی فرق ہوا کرنا چاہئے
اور علامت
کا استعمال کہانی کو موثر بنانے کے لیے ہونا چاہیے یعنی علامت
کہانی کے تابع ہو نہ کہ کہانی علامت کی۔ (سیپ کراچی شمارہ )
ہندوستان کے نوجوان افسانہ نگار اور نقادر مراحن کا خیال ہے کہ دادی نانی کی کہانیوں سے داستان تک اور داستان سے ماضی پرستی
کے رجحان ایک افسانہ در اصل نقل واقع رہا ہے۔ اب اس بات کی شدید ضرورت ہے کہ ہم ایک بار پھر افسانہ کی نیت اور کہانی پن کو آنہ میں
خواہ وہ کہانی بین زیریں رد کی ہی طرح ہو اس میلے کہ افسانہ کی کمزوری، شناخت یا مجبوری ہے کہ وہ گڑھا ہوا ہے۔ مجرد خیال ، احساس یا واقعہ بغیر
کہانی بین کے اقتباس کے افسانہ میں ممکن ہی نہیں اور کسی سوشل RELEVANCE کے بغیر اس کا تصویر ہی نا ممکن ہے چونکہ یہ بیانیہ (خوبصورت
یا ناقص) کا محتاج ہے اور رہے گا اس لیے اس زمانہ میں زمانہ، پلاٹ اور نقل واقعہ یا واقعہ کا ہونا ضروری ہے ...... ۔ ورنہ افسانہ، افسانہ
ہو ہی نہ پائے گا خواہ وہ کچھ بھی کہلائے معیار علی شمارہ نمت ) سلام بن رزاق کا کہنا ہے
کہ کہانی کسی بھی شکل میں لکھی جائے لیکن اُس
یاں کہانی پن کا ہونا بہت ضروری ہے ( شاعر بھٹی میٹی کمشنر ) مسعود اشعر کا خیال ہے کہ انور تجار کے زیر اثر جو افسانے لکھے گئے ہیں
ان میں کہانی ختم ہو چکی ہے اور صرف لفاظی رہ گئی ہے۔ مسعود اشعر افسانے میں کہانی کے عصر کو واپس لانے کے حق میں ہاں ۔ مغرب میں خصوصاً
امریکہ میں جہان تجرب بند دیوں نے ہیئت داسلوب کے تجربے کے ہوش میں افسانے میں کہانی کے عنصر کو قطعی فراموش کر دیا تھا، اب کلاسیکی افسانے
کے احیا کی کوششوں میں مصروف ہیں۔ نوبل انعام یافتہ ادیب آئزک بنگر کاخیال ہے
کہ بغیر کہانی بغیر پٹ اور بغر کردار کے نادل، کشن کے
زوال کا شاخسانہ ہے۔ وہ کہانی کے ان فنی لوازم کی پاپندی کو بہت ضروری تصور کرتا ہے جو آج سے کئی ہزار سال قبل ارسطو نے مقرر کئے
تھے ۔ آئزک بینگر اپنے ناولوں اور انسانوں میں پلاٹ کو ضروری سمجھتا ہے۔ وہ کہانی کے باقاعدہ آغاز، نشو ونماء لقطہ سورج اور انجام کا قائل ہے۔
مندرجہ بالا حمالات اور اقتباسات سے ظاہر ہو گیا ہوگا کہ افسانے میں کہانی کے عنصر کے سوال پر جدید افسانہ نگاروں کے درمیان
کافی اختلافات ہیں اور کوئی دوافسانہ نگار اس سوال پر متفق نہیں ہیں۔ اگر تھوڑی دیر کےلیے یہ تسلیم کرلیا جائے کہ کہانی (واقعہ یا پلاٹ کے
بغیر لکھا جانے والا اضافہ، افسانہ نہیں ہے تو چیخوف، موپساں کا کا کا مو، مٹر، احمد علی، عزیز احمد اور کرشن چند ر سے اُن افسانوں کو کیا کہا جائے
گا جن میں کوئی کہانی یا اف نونیت نہیں ہے ؟ ادبیات عالم میں سینکڑوں ایسے مشہور اور قابل ذکر افسانے ملیں گے جو افسانے کی متذکرہ العریف
اور معیار پر پورے نہیں اترتے ہیں۔ یہاں میں اُردو اور دنیا کے اُن مشہور افسانوں کا حوالہ پیش کر نا چاہوں گا جن میں افسانو نیت نام کی کوئی
ے نہیں ہے۔ جن لوگوں نے کافکا کے افسانے ""بیٹا مور فوبس قلب ماہیت) آلبیر کا مورکا "" ایڈ لٹریس ( فاحشہ ) سارتر کا"" دال (دیوار)
حمدلی کا ہماری گلی، کرشن چندر کا دوفرلانگ میں مشرک اخی اور خوان علم میں نا پڑا زندگی کے موٹر پر گر جن کی ایک شام بالکونی
یز احمد کا رقص نا نام اور منٹو کا پھندنے اور فرشتے ، پڑھا ہے وہ یقیناً میری رائے سے اتفاق کریں گے ۔ ان تمام افسانوں میں روایتی
مفہوم میں کوئی افسانویت نہیں ہے اس میں شبہ نہیں کہ دنیا کے بہت سے عظیم افسانے افسانہ نگاری کے کلاسیکی اصولوں کے مطابق سیکھے
گئے ہیں اور ان کا شمار کا سیکس میں ہوتا ہے لیکن ان اصولوں کو ناقابل تبدیل قانون کا درجہ نہیں دیا جا سکتا چخوف اور موپساں جیسے مخفر انسان
کے اساتذہ نے بھی ضرور تا ان اصولوں سے انحراف کیا ہے ایسی صورت یاں اگر جدید افسانہ نگار افسانے کے کلاسیکی اصولوں کی نفی کر رہے ہیں تو
حیرت کی کیا بات ہے لیکن اس کا ہر گز یہ مطلب نہیں کہ انسانے میں کہانی کے عنصر
کی کوئی اہمیت نہیں ہے۔
جو لوگ اپنی انتہا پسندی کے باعث افسانے میں کہانی کے عصر کے مخالف ہیں اور کہانی یا پلاٹ کو غیر ضروری سمجھتے ہیں وہ بھی ایک طرح
سے تنگ نظری کے شکار ہیں اور اپنی جدت طرازی اور تجربہ بندی کوہی سب کچھ تصور کرتے ہیں حالانکہ ان کا نظریہ نام ہے اگران کے نظریہ
کوتسلیم کرلیا جائے تو امین پور، ہینری جیمز، تالستائی ، پیچخوف ، سو یہاں اور دنیا کے سینکڑوں مصنفوں کے شاہکار افسانوں کو دریا برد کرنا ضروری ہوجائے
گا جس طرح یہ سمجھنا درست نہیں کہ کہانی اور پلاٹ کے بغیر لکھے جانے والے افسانے قابل اعتنا نہیں اسی طرح یہ سمجھنا بھی درست نہیں کہ کہانی اور
پلاٹ کی بنیاد پر رکھے جانے والے انسا نے مبتذل اور ناقابل توجہ نہیں حقیقت یہ ہے کہ افسانہ نگاری کا کوئی ساکت اور جامد نظریہ، سفر ینہ اصول
قابل قبول نہیں ۔ یہ افسانہ نگار کے صوابدید پر ہے کہ وہ پلاٹ اور کہانی کی بنیاد پر افسانہ لکھے اس کے بغیر افسانہ نگار اس ضمن میں آزاد ہے۔ محرم من
عسکری کا یہ خیال درست ہے کہ ہر لکھنے والے کو حق پہنچتا ہے کہ وہ اپنے لیے اصول بنائے ۔ کیسی اصول یار دایت کی پابندی نہ کرے مگر جوبات
ادب کے تق میں مقید نہیں کر دوسرے اصولوں کے مطابق لکھی ہوئی چیزوں کو یک قلم رد کر دیا جائے انسان کیا ہے؟ ماہنامہ ماہ نو کراچی)
جیسا کہ میں نے پہلے عرض کیا ہے جدید افسانے کی تعمیر کہانی یا پلٹ کی بنیاد پر نہیں، خیال یا احساس کی بنیاد پر ہوتی ہے ایسی صورت
میں افسانو نیت یا روایتی اندازہ میں کہانی بیان کرنے کی بہت کم گنجائش ہوتی ہے اگر کوئی افسانہ نگار اپنے افسانے میں کیسی مخصوص خیال ، احساس
یا فضا کو پیش کرنے کے ساتھ ساتھ کہانی بیان کرنے میں کامیاب رہتا ہے تو یہ یقیناً اس کے فن کا بہت بڑا کمال ہے جیسا کہ انتظار حسین
کے افسانے وہ جو دیوار چاٹ نہ سکے اور خواب
اور تقدیر، ہیں۔ ان دونوں انسانوں کی بنیاد محض ایک خیال پر ہے یعنی جبر تبت کے
مقابلے میں انسان کی بے بسی لیکن حیرت انگیز بات یہ ہے کہ ان دونوں افسانوں میں روایتی مفہوم میں افسانہ نہ ہوتے ہوئے بھی کہانی کی زیریں
رو موجود ہے۔ اس طرح دیکھا جائے تو انتظار حسین ہی موجودہ دور کے واحد افسانہ نگار ہیں جن کے افسانے جدید ترین رحجان کے حامل ہونے
کے ساتھ ساتھ افسانو نیت کے بھی حامل ہوتے ہیں اور یہی انتظار
حسین کی مقبولیت کا سبب ہے ۔",2563
P3_1989_042,Asri Adab,1989,Magazine,"یہ تو نہیں کہا جاسکتا کہ اگر پریم چند نہ ہوتے تو اردو افسانے کا وجود نہ ہوتا لیکن
یہ سچ ہے کہ زندگی کی بہت ساری حقیقتیں جن کی طرف پریم چند نے اشارے کیے اور
جنھیں انھوں نے اپنے افسانوں میں سمیٹ کر اردو کی افسانوی دنیا کو حقیقتوں کے
ادراک کا ایک نیا راستہ دکھایا اور اسے ایک نئے تجربے اور ایک نئی لذت سے آشنا
کیا، یہ تمام باتیں اردو افسانے کو جلد نہ مل پاتیں۔ بات یہ ہے کہ پریم چند سے پہلے
اردو افسانے کے پاس صرف خیالی اور رومانوی تھیم تھے اور ایسے ہی تھیم کے اظہار کے
لیے اسلوب اور ذرائع بھی، کیونکہ اردو کا افسانوی مزاج، داستانوں اور غزل کا پردہ
تھا۔ اسباب کچھ بھی رہے ہوں مگر ماضی میں پناہ لینا، اس کی بڑائی کے گن گانا عظمت
پاستانی کے قصیدے پڑھنا اور حقیقتوں کی تلخیوں سے گھبرا کر رومان میں پناہ لینا
زیادہ اچھا معلوم ہوتا ہے۔ خصوصاً جب زندگی میں حرکت و عمل سست رو ہوں اور
زندگی کرنا بغیر پروگرام کے ہو گیا ہو۔ سجاد حیدر یلدرم سے سلطان حیدر جوش
پھر یاز، سدرشن اور مجنوں کے خواب و خیال، سمن کوشش اور زید کی کا حشر تک
چلے آئینے تو ایسا محسوس ہوتا ہے کہ نہ تو اردو افسانے کے پاس زندگی کا نیا پروگرام
ہے نہ ہندوستان کی حشر بداماں حقیقتوں کا ادراک کیا جو کچھ ملک میں ہو رہا تھا اس
سے یہ افسانہ نگار بے خبر تھے ؟ ایسا تو نہیں تھا مگر ان واقعات اور معاملات کو وہ اپنے
ادب کا مسالہ بنانا نہیں چاہتے تھے یا یہ سمجھتے تھے کہ یہ سب لمحاتی باتیں ہیں اور بھاتی
صورتیں ادب کا موضوع نہیں بن سکتی ہیں۔ اس کے بر خلاف اس وقت
کے افسانوی
مزاج کو ٹیگور متاثر کر رہے تھے۔ ان کا تھیم بھی اور ان کا اسٹائل بھی۔ یہاں تک
کہ نیاز
سدرشن اور اس وقت کے بہت سے لکھنے والوں نے جن میں ل احمد اکبر آبادی جیسے
لوگ بھی شامل تھے سبھوں نے ٹیگوری اردو کے نام سے ایک اسٹائیل بنا لیا جس
میں جو ابناک واقعات، کچھ اشاروں، کچھ نقطوں، کچھ تخیل کی اڑان اور یونانی میتھالوجی
کی مدد سے بیان کرنے لگے اور پھر اردو کی ایک افسانوی سطح کے اسی طرح کے تعین بھی
پیدا ہو گئے جو تمام تقریباً دوسرے درجے کے افسانہ نگار تھے جن کا ذکر یہاں چنداں
ضروری نہیں۔ اس مزاج کے افسانہ نگار اور ان کے متبعین پریم چند کو نہ افسانہ نگار
سمجھتے تھے اور نہ ان کے تھیم کو افسانوی تھی ۔ کیونکہ یہ تھیم ان کی خوابناک، رومانوی
کیفیات کو اسی طرح منتشر کرتا تھا جس طرح افیون کے نشے کی ترنگ میں مین کی
چھت پر ایک بڑے پتھر کا اگر نا ۔ اور تو اور فراق صاحب جیسے با شعور ادیب، ناقد
اور شاعر بھی پریم چند کے لیے اکثر کہتے تھے کہ پریم چند کے افسانے اور ناول کے ہر
صفحے پر ایک بھینس بندھی ہوئی گوبر کیا کرتی ہے ۔ یہ جملہ تفریحا ہی سہی مگر اس سے
ایک رومان پرست جمال پرست کا ننگی حقیقتوں سے بیزاری کا اظہار ضرور ہوتا ہے۔
اردو کی افسانوی دنیا میں صرف ترقی پسند تھے جو پریم چند سے قریب تھے
اور جنہوں نے انھیں اپنا ہر اول مان کر ان کے انداز فکر اور طرز ا ظہا ر سب کو اپنانے
کی کوشش کی، کہ ترقی پسند بھی پریم چند کی طرح زندگی کی حقیقتوں سے لگ کر
چلنا چاہتے تھے۔ اردو کی نئی نسل پر جو مذہب کے تعصبات، ادب خصوص کا مالی
ادب کی نئی آگہی، ملک میں انگریزوں کی چیرہ دستیوں اور معاشی بحران کا جو دباؤ
پڑ رہا تھا، پریم چند سے اس نئی نسل نے ، ان صورتوں سے مقابلہ کرنے اور ان میں
ڈوب جانے کا طریقہ پا لیا تھا جس کا اُبال انگارے کی شکل میں ظاہر ہوا جس نے
اردو افسانے کی کایا پلٹ دی۔ یہیں سے حقیقت نگاری، اردو افسانے کا اعلان نامہ
بنی۔ وہ حقیقت نگاری تھی، جس میں آج کے پر استرانی کا اور گلاس ناس ASMOST با نام
بھی شامل تھے اور آرٹ کو زندگی کا آئینہ دکھانے کا فن بھی۔ اور پھر ان موضوعات
اور طرز اظہار کو لے کر اردو افسانوں میں نئے تقسیم اور صورت و معنی کا ایک سیلاب آگیا
جو کرشن چندر، منٹو، عصمت چغتائی، غلام عباس، علی عباس حسینی ، بیدی، احمد ندیم
قاسمی، خواجہ احمد عباس حیات اللہ انصاری ، سہیل عظیم آبادی، اشک، خدمت توره
رضیہ سجاد ظہیر، بلونت سنگھ اور جو گیند ریال تک پھیلتا چلا گیا، اور یہی لوگ اردو
افسانے کے اصل دھارے بن گئے۔ آنگی سے خونی ناچ، زندگی کے موٹر پر ٹوٹے
ہوئے تارے، دھواں، بابو گوپی ناتھ، ٹوبہ ٹیک سنگھ ، نمرود کی خدائی، بھولا،
اپنے دکھ مجھے دے دو، ببل، ایک باپ بکا و ہے، جنازہ کہاں ہے، سائے،
جاڑے کی چاندنی، آنندی، کن ،رس، میرا گھومنی، میرا گاؤں، طلوع و غروب، بازار
حیات میں کون ہوں ، میری موت ، زعفران کے پھول ، شکر گزار آنکھیں ، الا ؤ ،
کانجی ، دو ہاتھ ، سونے کا انڈا، جڑیں، کاکران کا تیلی، ہینڈ پمپ ، جگا ، بے ہے،
اور یہ فہرست یہیں ختم نہیں ہوتی۔ ترقی پسند دور کا افسانہ اپنے تھیم اور ٹریٹ منٹ
دونوں میں اردو کی افسانوی تاریخ میں شاید حکیمی صورت میں رہے گا، پریم چند
کی وراثت کا صحیح جانشین بھی اور ان کی توسیع بھی۔ باقی لوگ پیچھے چھوٹ گئے
نیاز، سدرشن اور حجاب امتیاز علی جنھوں نے خوابناک رومان میں پناہ لی تھی
اور کیو پڑا اور سائیکی"" - دو گھنٹے جہنم میں ۔ "" اور ایک رقاصہ سے، جیسے افسانے
لکھے، ان کی حیثیت ضمنی سے زیادہ نہ رہ گئی اور اس قبیل کے دوسرے لکھنے
والے جیسے ایم اسلم ، رشید اختر ندوی سید انور مس کرشنا کماری ایم اے،
ے آرخاتون، فاطمہ مبین، مسرور جہاں سلمی کنول، پیلئے لکھنوی، اور عفت موہانی
غیر افسانے کے دھارے میں کبھی شامل نہ ہوئے۔ ہندی افسانے کے متعلق
تمہیں زیادہ نہیں کر سکتا مگر جہاں تک سمجھ پایا ہوں، پیش پال، بھگوتی چرن 1
درما، امرت لال ناگر، جندر کمار وغیرہ۔ پریم چند کی ترقی پسندی کی توسیع
تھے مگر کچھ لوگ، پریم چند کے آدرش اور روایت کو ہی لے کر شاید الگ ہو گئے
انہوں نے کہانی کہنے کا فن اُن سے لیا۔ ایسے لوگوں میں شاید نرمل و رما،
ایلا چند جوشی ، اگئے اور مومن راکیش کے نام لیے جاسکتے ہیں۔ انھیں پریم چند کا
سیاست کا علم بردار ا دیب تو نہ بھایا، لیکن پریم چند کی کچھ چیزیں اچھی تھیں جنھیں
انھوں نے لے لیا۔ تاہم ہندی میں پریم چند کی روایت کی بیچ کی کڑی باقی رہی۔ رینو،
امرکانت، مارکنڈے، بھیروں پر سادگیت، پر سائی سے ہوتی ہوئی یہ کڑی دودھ ناتھ
گیان رنجن، مدھو کر گنگا دھر سلیش ، مٹیانی، شیکھر جوشی اور کاشی ناتھ سنگھ تک
چلی آئی۔ مگر اردو افسانے کی بیچ کی کڑی مضبوط نہ رہ سکی ۔ ۱۹۵۰ء کے بعد ترقی پسندوں
کی وراثت میں قرۃ العین حیدر ریشیشے کے گھر پت جھڑ کی آواز)، قاضی عبدالستار
جیلانی بانو، عابد سہیل رام لعل بشی شر پر دیپ، غیات احمد گدی، رتن سنگھ
کلام حیدری، کے علاوہ کوئی نہ رہا ان میں سے بھی کچھ لوگ اپنے کو کبھی ترقی پسندی
سے الگ کر لیتے ہیں اور کبھی ساتھ ہو جاتے ہیں مگر ان کی کہانیاں ترقی پسند کہانیاں
ہیں۔ مزاجاً بھی اور فن کے لحاظ سے بھی) اور پھر اردو افسانہ اچانک چھلانگ لگا کر
علامتوں کے علاقے میں داخل ہو گیا۔
یہاں ایک مسئلہ اردو کہانیوں میں پیدا ہوتا ہے۔ یہ بات اچانک کیسے ہوئی
کر اردو افسانہ اپنی تمام روایتوں کو چھوڑ کر ایک بھیڑ میں کیسے کو گیا ؟ نہ تو یہاں
اظہاریت پر کوئی قدغن تھی اور نہ ملک اور سماج کے وہ حالات تھے جو دو ایک
پڑوسی ملکوں میں تھے ؟ تو اس سلسلے میں دوباتیں میری سمجھ میں آتی ہیں۔ ایک
ادب کا نئے تجربے کرتے رہنے کا مزاج اور علامتی افسانے لکھنا ایک نیا تجربہ مجموعی
اور پر تھا جو کچھ تو مغرب سے اور کچھ پاکستان سے اردو کے کہانی کاروں کو ملا مغرب
سے اس طرح کہ اردو کے نئے ناقدین جو ہر سانس میں کامیو اور کافکا کا نام لیتے
تھے، ان کی تخلیقات کے تذکرے ، اردو افسانہ نگاروں کے لیے دو انچھر ثابت ہوئے
ے نے انگریزی ترجموں سے یہ تخلیقات پڑھیں بھی مگر زیادہ تر لوگ ہوائی باتیں
کرتے رہے، کچھ نے فارسی سے افسانہائے کافکا "" کا اردو میں ترجمہ کر کے نئی نسل
بر رعب بھی جمایا اور انھیں للجانا بھی رہفتہ جمین جرمین اور فرانسیسی زبانوں سے
واقف نہ تھے اور ان پیچپ رگیوں اور اشاروں کو سمجھ نہ پائے تھے جو اصل مصنف
نے اپنی زبان کے گھماؤ میں رکھتے تھے۔ اگر اصل مترجم نے کوئی غلطی کی تو یہ
بیچارے کیا سمجھے ہوں گے مگر چونکہ علامت نگاری کے فیشن میں کامیو اور کافکا
کی نگارشات انجیل کا درجہ رکھتی تھیں اس لیے ہمارے نئے افسانہ نگار، ان ناموں
کا ذکر اپنے اوپر فرض سمجھتے تھے۔ وجودی فلسفیوں کا ذکر اور ان کے افسانوں کے حوالے بھی
درمیان میں ہونے لگے۔ حیرت کی بات یہ ہے کہ انگریزی زبان کا ایک بڑا کہانی کا رہینگے
اور اس کی علامتی کہانیاں، ان نئے افسانہ نگاروں کو کیوں متوجہ نہ کرسکیں بھی منجارو
کی برف فرانس میکا مبر کی مختصر مسرور زندگی، اور ISLAND IN THE STREAM
یا اولڈ مین اینڈ دی سی جیسے علامتی ناول اور کہانیاں ، نئے علامتی افسانہ نگاروں
کو متاثر کیوں نہ کر سکے ؟ موبی لڈک"" اور AS I LAT DYING یا اسٹائن
بک کا GRAPES OF WRATH کا علامتی بیانیہ انھیں کیوں پسند نہ آیا ؟ پھر
اگر افسانوں میں میتھالوجی اور علامتیں ہی لانا تھا تو وہی لوگ کیوں پسند کیے گئے
جو زوال پسند وجودی تھے۔ جب مغرب ہی سے استعارے اور علامتیں لینا تھا تو
یونانی اروس EROS یا EOS کی گلابی انگلیاں اور زعفرانی زرنگار کی
جانے کی علامتیں یا زیوس ZFUS اور اس کی بغاوت یا ہیرا HERA کی
پیشین گوئیاں جو کلاسیکی انداز رکھتی تھیں اور ایک طرح سے یونی ورسل علامتیں
بن سکتی تھیں۔ ان سے نئے علامت نگار کیوں متاثر نہیں ہوئے ؟ دراصل اردو افسانوں
میں یہ مزاج اوپر سے اوڑھی ہوئی صورتوں کی وجہ سے پیدا ہوا کہ یہ سب صورتیں،
ان کے اپنے سماج سے نہیں آ رہی تھیں۔ اسی وجہ سے ان نئے افسانوں میں ایک
طرح کا انتشار پیدا ہو گیا۔ کچھ اشاریت سے وضاحت کے قائل تھے لیکن جتنے
جعلی افسانہ نگار تھے ان کا بھرم اسی میں باقی رہ سکتا تھا کہ ان کی تخلیقات بہم
رہیں اور پڑھنے والا جس طرح چاہے ان کی تعبیر کرے ۔ اس گنجلک تعبیر کو علامتی
افسانہ نگارانی کامیابی سمجھتے تھے اور اسے افسانے کی مختلف الجہاتی بتاتے تھے
""مقتل"" (بلراج مین را) ۔ دوسرے آدمی کا ڈرائنگ روم، تلقائیس، سریندر
پر کاش) - "" طلسمات، نیا منظرنامہ"" ( قمر احسن) سب میں یہی صورت دیکھی
جاسکتی ہے (اگر چہ یہ تخلیقات جعلی ہیں، افسانہ نگار نہیں) یہ افسانہ نگار چاہتے
تھے کہ ان کی ایسی تخلیقات کی کلید کسی کو نہ ملے کہ ان پہیلیوں میں مزہ تھا۔ دوسرا
سبب ترقی پسند نقادوں اور افسانہ نگاروں کی عصبیت تھا جس کو اردو میں
جدیدیت کی تحریک ہوا دے رہی تھی۔
تیسری بات بہت معمولی ہے مگر ہے ، وہ یہ کہ ترقی پسندوں کے پاس کوئی
معیاری رسالہ نہ رہ گیا تھا اور جدیدیوں کے پاس ایک ایسی آواز تھی جو سب کو اپنے
یہاں جگہ دینے کو تیار تھی بشر طیکہ تخلیق کار ان کے مزاج کی چیزیں پیش کرے۔
اب آج کا ادیب قاری کی طرح دیر میں سمجھنے اور فیصلہ کرنے والا ہے بلکہ بہت ہوشیار
ہے۔ وہ اب پریم چند کے آدرشوں اور ادب کی روایتوں
کی فکر نہیں کرتا بلکہ اس
کی نظر گرفتی بازار پر رہتی ہے۔
ہوا یہ بھی کہ ترقی پسند اپنے گنبد میں، اپنے معیار اور خاص اصول لے کر بیٹھ
گئے۔ پھر کچھ دنوں میں انھوں نے اپنے آدرش بھی چھوڑ دیے اور مفاہمت اور
مصلحتوں سے کام چلنے لگے اور عوام سے ان کا رابطہ کٹتا گیا۔ وہ ترقی پسند
جو تیسری اور چوتھی دہائی میں ادب اور آئیڈیا لوجی کو سمتیں دیتے تھے، اب
حکومت کی نگاہ کرم دیکھنے لگے۔ ہندوستان جو کبھی انقلابیوں کی آماج گاہ تھا
ایک عالمی معارفت اور سرمایہ دارانہ سوشلسٹ پالش اور تک کے پھندے
میں پھنس گیا۔ گرمی بازار پر نظر رکھنے والا افسانہ نگار دیکھ رہا تھا کہ علامت
نگاری کو فروغ ہو رہا ہے اس لیے یہی راستہ سب سے اچھا راستہ ہے۔ اُدھر
ہنیت پرست یہ سوچ رہے تھے کہ اچھا ہے، افسانے سے تھیم غائب ہو رہا ہے اور
جب موضوع ہی نہ رہے گا تو کسی طرح کے خیال کی تبلیغ نہ ہو پائے گی ترقی پسندی
اپنی موت آپ مر جائے گی۔ وہ ترقی پسند جن میں ضمیر کی کچھ روشنی باقی تھی۔ یہ
سوچ کر خاموش ہو رہے کہ چلو اس طرح علامتوں ہی میں کچھ باتیں کہ لیں گے۔ نئے
لوگوں کو بھی اسی طرح ہماری محفل میں جگہ مل جائے گی۔ اور پھر چ
میر کے واسطے تھوڑی سی فضا اور سہی
نیا افسانہ نگار یہ سوچ کر خوش ہوا کہ چلو ایک تیر سے دو شکار ہوں گے اور دونوں یہ
سمجھیں گے کہ بدھو میاں ہمارے ساتھ ہیں۔
اتفاق سے پڑوسی ملک میں فوجی حکومت تھی اور وہاں جو رسم زباں بندی
ہوئی تو کچھ اچھے علامتی افسانہ نگار پیدا بھی ہو گئے جن کے دو ایک افسانے رسم
زبان بندی کے خلاف بھی تھے اور علامتوں کے پر دے میں ایک نئی معنوی دنیا
بھی دکھاتے تھے۔ ان میں انور سجاد، انتظار حسین، خالدہ حسین اور زاہدہ حنا نے
نئی کونپل، زرد کتا، شهر افسوس ، سواری، نام کی کہانی ، جل ہے سارا جال، اور
تتلیاں ڈھونڈھنے والی، جیسے افسانے لکھ کر اردو افسانے کے آفاق کچھ وسیع بھی
کیے مگر انور سجاد کے مجموعے استعارہ ، خالدہ حسین کے پہچان، اور انتظار حسین کے
مجموعے 'شہر افسوس ) میں بہت سے علامتی افسانے ایسے ہیں جن کی علامتوں تک
پہنچنا نا ممکن ہے۔ مثال کے طور پر انور سجاد کا کیکر، بچھو، غار، نقش خالد چین
کے افسانے ہزار پایہ، انتظار حسین کا سیڑھیاں، وہ جو دیوار نہ چاٹ سکے ، وغیرہ
نگران افسانوں سے لوگوں کو ایک شگوفہ تو ہا تھ آہی گیا۔ بلراج مین را، احمد ہمیش،
سریندر پرکاش، مرزا حامد بیگ اور قمر احسن وغیرہ نے علامتی مبہم افسانے لکھنے شروع
کیے اور کمپوزیشن مکھی، (احمد ہمیش) کنواں، (بلراج کومل) ڈریج میں گرا ہوا قلم،
دوسرے آدمی کا ڈرا کنگ روم ، گھمسان کارن ، کوڑھی کے ہاتھ میں سور کی بڑی
قمر احسن) زمین جاگتی ہے، (مرزا حامد بیگ) کے ساتھ ایک مجموعی علامتی اور تجریدی
انداز افسانے میں داخل ہوا اور یہ کہا گیا کہ یہ انسان کے جبر سے نکلنے کی کوشش ہے
جبریہ کہ ہم کسی ڈکٹیشن کو برداشت نہیں کر سکتے۔ ہم سب اپنے دور کی بیزاری اور
یکسانیت سے نکلنے کے لیے ایسی کہانیاں لکھ رہے ہیں۔ اگر افسانہ نگاری زندگی
کی حقیقتوں کی تلاش ہے تو یہ بھی ایک سچی حقیقت ہے کہ انسان بیزار ہو چکا ہے اپنے
سماج سے اور اسی بے کیفی اور بیزاری کو علامتوں کے پر دے میں اپنی کہانیوں میں
پیش کر رہا ہے۔ آخر ایسی پیشکش حقیقت نگاری کیوں نہیں ؟ نہ سمجھنے والی علامتوں
اور تہہ داریوں کی بات تو یہ سب اس لیے ہے کہ قاری کہانیوں کو صرف خارجی
رکھنا چاہتا ہے جب کہ کہانی اب صرف داخلی ہو کر ہی سمجھی جا سکتی ہے۔
خیر یہ سب کچھ دنوں تک ہوتا رہا مگر کہانیوں کا سچا قاری ٹس سے مس نہ ہوا۔
ایسا نہیں ہے کہ اُس کے پاس علامتوں کی روایت نہ تھی ایسپ فیبل -
پنچ تنتر، شہر زاد، سب ہی علامتوں کے سلسلے تھے اور بڑی خوبصورت علامتیں
کچھ نئی کہانیوں میں بھی تھیں جو پسند بھی کی گئیں۔ مگر کچھ نئے کہانی کار اپنی تمام
جہل کہانیوں میں بھی جب گہری معنویت اور تہہ داریاں نکالنے لگے کو کہانی کا
رشتہ خوبصورت علامتوں اور پریم چند کی روایت سے ٹوٹ گیا۔
ماضی کے ان تجربوں میں کہانی کی روایت بھی تھی اور اس کے کچھ آداب بھی چنانچہ
نتی بے سر پیر کی علامتی کہانیوں کو کہانی کی روایت اور قاری دونوں نے رد
کر دیا اور اردو کہانی پھر ایک قدم آگے بڑھ گئی۔ کہانی پن کے ساتھ گہری
معنویت کے ساتھ اور نئے مسائل اور نئی اظہاریت کے ساتھ جسے کہانی کا RESCUE
OPERATION سمجھنا چاہیے جو لوکاچ کے الفاظ میں زوال آمادہ جدیدیت
DECADENT MODERMIS سے ادب کو نکال کر CRITICAL REALISM کے
منطقے میں لاتی ہے۔ رجب سے یہ صورت ہوئی ہے علامت نگار اور ان کے ہوا خواہ
کہنے لگے کہ اردو کہانی کا زوال ہورہا ہے کیونکہ کہانی تھیم اور تقسیم کی طرف جاری
ہے اب یہاں سے اردو کہانی میں دوشاخیں پھوٹتی ہیں۔
پہلی وہ جو مجتر جدیدیت کو رد کر کے اظہاریت اور ماجرائیت کو اپناتی ہے
جس میں وہ لوگ بھی شامل ہیں جو پہلے علامتوں ہی کو سب کچھ سمجھتے تھے ۔ خاص طور
پر سریندر پرکاش، جو تلقار میں سے نکل کر افسانہ بازگوئی اور پریم چند کے نئے
وری کو لے کر بجو کا ایک آگئے مگر بلراج مین را افسانوں کی دنیا سے گم ہو گئے اور میڈیا
کے بڑے بھائی صاحب بن گئے۔ ان کے ساتھ ہی پہلے آسمان کا زوال، والے
کمار پاشی ، مکھی والے احمد ہمیش اور قمر حسن سب علامتوں کی دھند میں کھو گئے
اور اسی کے ساتھ ان کی نا آسودہ آرزوؤں اور تمناؤں کا بے ہنگم علامتی اظہار بھی
نئی اردو کہانی نے ان بے ہنگم علامت نگاروں سے کہا کہ بہت ہو چکا۔ اب ہمارے
چہرے ہمیں واپس کر دیجیے ہم چہروں کے ساتھ ہی اپنی پہچان بنا سکتے ہیں ورنہ
انشائیہ یا واہیات اظہاریہ یا کرب کا اظہار بن کر رہ جائیں گے۔ چنانچہ سمٹی ہوئی
زمین والے شفق، کھلا آسمان، بہروپیا اور بادل ایک اندیشہ، سے آگے بڑھ
آئے اور اب 'شناخت، ان کا موڑ ہے۔ اسی طرح عبد الصمد نے اپنا "" بارہ رنگوں
والا کمرہ چھوڑ دیا ہے اور اپنے ابتدائی کال بیل والے تفہیمی انداز
کو اپنا کر ادھر
انھوں نے ایک معرکے کا ناول "" دو گز زمین لکھا ہے جو رینو کی طرح اردو میں بہار
کا آنچلک ناول ہے اور بنگلہ دیش پرابلم پر دوسرا اہم ناول ہے۔ اسی طرح حسین الحق
نے بھی بڑی سچائی سے اپنی بازیافت کرتی ہے۔ وہ بھی اتھاہ گہرا اندھیرا، دھند اور
آہستہ اترتی شام، اور اپنی انتر آتما کی تلاش، چھوڑ کر باہر نکل آئے ہیں اور چہرہ
پس چہرہ صرف آنکھ کے سامنے زندگی کا روشن چہرہ بن گیا ہے اور وہ اب اسی کی
تلاش میں ہیں کہ یہی ان کا آبائی راستہ ہے اور ان کی صحیح پہچان بھی۔ اب وہ اترنے
والا ہے“ والے انہیں رفیع نے ” ترتیب اور دو آنکھوں کا سفر ""وش کی پان
کتھا پتا مبرہ میں زبان کے استعمال کا ملا جلا اچھا تجربہ کیا تھا مگر کہانی کو کھو بیٹھے
تھے۔ اب انھوں نے بھی کہانی کی تلاش شروع کر دی ہے۔ اب وہ کہانی کے ساتھ
واپس آ رہے ہیں جو کہانی کی دوسری شاخ ہے جو شروع سے ماجراثیت اور تفہیم
کے ساتھ روزمرہ کے مسائل سے وابستہ رہی ہے۔
جدید نقاد لاکھ کہتے رہے کہ یہ کہانی کا اکراپن ہے اور اس میں سوچنے کے لیے کچھ
نہیں ہے ، یہ بے لذت ہے، یہ ذہن کی کہانی نہیں، اس میں نیا تجربہ بھی نہیں اور تجربے
سے مطلب صرف بہیت کا تجربہ) کہانی کا زوال ہے مگر کہانی کی دوسری شاخ نے اپنا
راستہ نہیں چھوڑا۔ ہندوستان میں سلام بن رزاق، انور قمر ، انور خاں، اقبال مجید
احمد یوسف، ساجد رشید، کنورسین، علی امام نقوی، مشتاق مومن، ذکیہ شہری
نور الحسنین، اسلام حیدر نوگانوی، فیروز عابد، متوجہ اور مشرف عالم ذوقی اس نئی۔
شاخ کی نئی کھیپ ہیں۔ پاکستان میں تقی حسن خسرو، سات یا شمی، زاہدہ حنا
محمد منشا یاد، اختر جمال احمد جاوید احمد داؤد، پروین عاطف، روشن سبطین ،
درمیانی اور بالکل نئے دور کی کھیپ ہیں۔
اُدھر بنگلہ دیش میں سورج مکھی، اور میگھنا کی لہروں والے شام بارکپوری
ہیں جن کی اکہری اور علامتی دونوں طرح کی کہانیاں، ماجرا نیت اور روزمرہ کے
مسائل کا دلچسپ اور پرکشش اظہار ہیں نقطے کا سفرا فریقہ کے کالے لوگوں
اور سفید فام لوگوں کی آویزش کی دلچسپ رمز یہ کہانی ہے۔ علامت میں بھی ہر
قدم پر اپنی تفہیم کا اعلان کرتی جاتی ہے ۔ ادھر انگلستان کے مصطفے کریم حمید چین
رضوی اور چاند کردن شرما نے چند اچھی کہانیاں لکھ کر اردو کی نئی کہانیوں کے دائرے
کو وسیع کرنے کی کوشش کی ہے۔ یہ تمام کہانی کار پریم چند کی توسیع ہیں۔ ان میں سلام
بن رزاق، علی امام نقوی، ساجد رشید انور قمر
اور زاہدہ حنا نے وقت، مسائل
اور کرافٹ، سب کو نہ صرف بڑی اچھی طرح سے گرفت میں لیا ہے بلکہ مسائل اور
کہانی بین کا سلسلہ پریم چند سے شہر زاد تک پہنچا دیا ہے۔
میرا خیال ہے کہ علی امام نقوی کی کہانیاں مباہلہ اور ڈونگر واڑی کے گدھ ،
را بدہ حنا کی کہانیاں زیتون کی ایک شاخ، تتلیاں ڈھونڈنے والی جل رہا ہے سارا
جال، مصطفے کریم (برطانیہ) کی گلگو، اور شام پارک پوری کی کہانی نقطے کا سفر
عصری کہانیوں میں مسائل کے ساتھ ایک نئی ڈائمنشن پیدا کرتی ہیں۔ چاندکرن
شرماکی کہانیاں، اُن عورتوں کی کہانیاں ہیں جو ہندوستان اور پاکستان سے
شادی کر کے انگلستان لے جائی جاتی ہیں اور وہاں چھوڑ دی جاتی ہیں۔ ان کے
مسائل پر چاند کردن شرما نے بڑی جاندار کہانیاں لکھی ہیں۔ کہانیوں کا یہ ڈائمنشن اردو
کہانیوں میں نسوانی آزادی کی تحریک کی سمت پیدا کرتا ہے۔
سلام بن رزاق کا تحیر ، داستانی رنگ اور نئی علامتوں میں اچھا کرافٹ
د معتبر رکھتی، کالے ناگ کے پجاری، انجام کار اور ندی میں اپنے عروج پر ہے۔
جیلانی یا نو کی کہانی ادھر کے نئے مسئلے سے وابستہ ہو کر بڑی خوبصورت کہانی
بن گئی ہے جو ریل کی پٹڑیوں پر پڑی ہوئی کہانی "" کے نام سے شائع ہوتی ہے۔
جیلانی بانو، اگر چہ پرانی پیڑھی کی کہانی مکار ہیں مگر ان کا موضوع کسی قدر نیا اور
ہندوستان گیر ہے۔ یہ بدلتی ہوئی اور نئی صورتیں اردو کہانی کے نئے آفاق کا
پتہ دیتی ہیں۔
اردو کے یہ نئے کہانی کا صحیح معنوں میں ترقی پسندوں کا اور پریم چند کا
تسلسل میں پیس یہ ہے کہ ان کو کیسے مسائل متوجہ کرتے ہیں اور کن مسائل کو
وہ اپنی گرفت میں لیتے ہیں۔ ان کے سامنے اپنی نجی سمت جی ، ملکی اور اب
تو انٹرنیشنل مسائل بھی ہیں۔
یہ سب تو ہے مگر آج کا کہانی کار
کس حد تک مسائل کی تلاش میں مخلص ہے
جب یہ سوال اٹھتا ہے تو پریم چند کے وارثوں سے ایک سوال میں بھی پوچھتا ہوں
کیا انھیں اس بات کی پوری آگا ہی ہے کہ پریم چند کا دیہات اور ان کا کسان
یکن حالات سے گزر رہا ہے ؟ اور ان حالات اور مسائل پر اردو میں کتنی کہانیاں
لکھی گئی ہیں یا لکھی جا رہی ہیں ؟ کیا نئے کہانی کاروں کو معلوم ہے کہ پریم چند کا
دبیات شمالی ہندوستان میں کئی قسطوں میں آگے بڑھا ہے ۔ زمین داری ٹوٹنے
کے بعد کی صورت ، کسان کا زمین پر یا نکا نہ قبضہ اور اس سے پیدا ہونے والے مسائل
دبیلچی، جیسے واقعات، ذرائع پیداوار کی توسیع اور کسانی کے نئے طریقے، زمیندار
سے چھوٹ کر کسان، اور بہت سے استحصالوں کا جو شکار ہو گیا ہے جن میں لاقانونیت
رشوت ستانیاں، بلاک اور بینک کے استحصال کے ساتھ ساتھ مقامی بد معاشوں
نے جو زمین دار کی جگہ لے لی ہے اور جو معرکے کی تبدیلی، بدمعاشوں کے قصیدہ گوئی سے
نیتاؤں کے لیے ووٹوں کے حصول تک ہوتی ہے، کیا یہ کہانی کا مسئلہ اور مسالہ
نہیں ہے؟ کیا جو آئے دن ستی اور عورتوں کے جلانے کے واقعات ہوتے رہتے ہیں
جس نے ہندوستانی سماج کی زندگی اجیرن کر رکھی ہے، یہ تمہاری کہانی کا مسئلہ
نہیں ہے۔
کیا پنجاب جو ایک بوچڑ خانے میں تبدیل ہو گیا ہے، جو ملک میں ہر طرف آتنک دار
پھیلا ہے، جو یہ میر کھ، گجرات، آسام میں ایک بے چینی ہے، فرقہ وارانہ فسادات کی
چنگاریاں اڑتی رہتی ہیں۔ یہ تمہارا مسئلہ نہیں ہے۔
یہ جو صارفیت کی لعنت سے سماج کے کردار میں دوغلا پن پھیل رہا ہے اور
بے کر داری، عیاری، دھوکہ دھڑی ہی سماج کا اصل کردار بنتی جاتی ہے، یہ کہانی
کا مسلہ نہیں ہے اور اگر مسائل اور زندگی کی حقیقتوں پر کہانیاں لکھنا یا ادب
میں ان کا عکس اتارنا، ادب کا مسئلہ یا وطیرہ نہیں تو پھر ادب کا مسالہ
کیا ہے ؟
پھر یہ بھی کہ ادب کیا ہے ؟ افسانہ کیا ہے ؟ ادب کے مسائل کیا ہیں؟ دیکھیں کہ
کتنی کہانیاں اردو ہندی میں، ان مسئلوں کو لے کر لکھی گئی ہیں؟ اور اگر نہیں لکھی
گئیں تو کیوں نہیں لکھی جارہی ہیں دیہ واضح رہے کہ یہاں تقاضا معیاری افسانہ
نگاروں ہی سے ہے) کیا جعلی جمہوریت ایسا نہیں چاہتی ؟ کیونکہ یہ مسئلے ملک کی
ایک بڑی آبادی کے مسئلے ہیں علامتی رنگ میں بھی بہقیت پرستی اور شہری زندگی
کی کہانیوں ہی تک اردو ہندی کہانیاں کیوں اپنے کو محدود کیے ہوئے ہیں ؟
دیہات جو روز بروز شہروں میں منتقل ہو رہا ہے، اس کے اسباب اور اس
انتقال آبادی سے پیدا ہونے والے مسئلے کیوں قابل غور نہیں ؟ یہ جو شہروں پر
دیہات کا کلچر غالب آتا جاتا ہے، یہ کیسی سماجی تبدیلی ہے ؟ عموما شہر کا کلچر دیہات
پہنچتا ہے، یہ دیہات کا کچھو شہر پر کیسے غالب آ رہا ہے ؟ کیا ان صورتوں پر کہانیاں
لکھنا ہمارے کہانی کاروں کو پسند نہیں آتا ؟ شاید حکومت اور میڈیا کا منہ دیکھنے
والے ان مسئلوں کو چھوتے ہوئے ڈرتے ہیں۔ میں ہندی کہانیوں کے بارے میں
تو زیادہ نہیں کر سکتا مگر اردو کہانیاں ان مسائل سے مجموعی طور پر خالی ہیں اور
اردو کے کہانی کاران میں سے بہت سے مسئلوں کی طرف پیٹھ کیے ہوئے بیٹھے ہیں
ابھی وہ ڈر خوف، بے حسی، تنہائی، بے تعلقی اور تجرید کی کہانیوں ہی کو پریم چند
کے آگے کی کہانیاں سمجھتے ہیں یا یہ سوچتے ہیں کہ وہ پریم چند کو چھوڑ کر ایک اپنی
نئی روایت بنا رہے ہیں جس میں مغربی تکنیک حاوی ہے اور یہی اصل میدان
ستی اردو کہانی کا میدان ہے ۔
ایک بات اور یہ نگر یودھ ہی کہانیوں کو کیوں بھاتا ہے ؟ پھر شہر میں بھی
جو انسانیت تقریباً بے حس ہوتی جاتی ہے، انسانوں سے محبت اور اخوت کی
گرمی جو چھنتی جا رہی ہے، اس موضوع پر ہم نے کتنی کہانیاں لکھی ہیں ؟ مسائل
کے انبار لگے ہیں مگر ہمارے کہانی کار موضوع اور مدار کی تلاش میں رہنے والوں
کو روائتی کہانی کار اور ہمارے نئے نقاد موضوع اور مواد کی طرف متوجہ کرنے والوں
کو سماجی حقیقتوں کو تلاش کرنے والے ترقی پسند اور آؤٹ ڈیٹ کر کر اساطیر
تمثیل اور علامتوں کے پیروں کو عقیدت کی حد تک پسند کرنے کی ترغیب دے
رہے ہیں اور اسی کو نئی کہانی کا ڈیٹا بتاتے ہیں۔ پھر افسانے کے لیے عالمی تنقید
اور افسانوی معیار کی باتیں کرتے کرتے "" قضائی کی دُکان سے ایک پاؤ گوشت
لینے چلے جاتے ہیں کہ مسائل میں بلا وجہ کہاں اُلجھ گئے ہم تو بیوی کے لیے قصائی
کی دُکان سے گوشت لینے جا رہے تھے گویا کہانی اور ادب کا مسئلہ کتنا اسفل ہے).
مگر سامنے کے مسائل اُن نئے نقاروں کو نہیں دکھائی دیتے اور جو اِن
مسائل کو اہمیت دے کر اُن پر کہانی لکھتا ہے اسے کس ڈھٹائی سے ترقی پسند
از کار رفته موضوع روایتی کہانی ، سماجی مسائل کی کہانی اور معلوم نہیں کیا
کیا کہتے ہیں۔ صرف نئے فارمولے ، زبان کے نئے تجربے معنوی تہہ داریاں،
تخلیقی سطح پیدا کرنے کی تڑپ ، کہانی میں مختلف پر میں پیدا کرنا، موضوع کچھ
بھی ہوا آج کی نئی کہانی کی سمت ہے. ہم کہتے ہیں کہ سب تسلیم۔ مگرہ موضوع کی کاٹ“
اور تفہیم کے معیاری راستوں اور وقت کے ساتھ پیدا ہونے والے مسائل کو چھوڑ کر
کہانی زندگی سے دور ہو جائے گی ، کوئی لاکھ اس میں اسلوبیاتی، اسطوری اور
معیناتی جہان ڈھونڈھتا رہے۔ پنجاب کی دہشت گردی، آسام کی مارکاٹ
INSURGENCY ، ہندوستان کے لیے جلتے ہوئے مسائل ہیں۔ ان پر یا ان سے
پیدا ہونے والے مسائل پر کتنی کہانیاں اردو ہندی میں روائتی یا تجریدی فارم
میں لکھی گئی نہیں ؟
جہاں تک مجھے معلوم ہے اردو میں صرف رتن سنگھ نے ایک خوب صورت
علامتی کہانی ڈری ڈری ہوا لکھنے کی ہمت کی ہے۔ یہ آنچلک کہانیاں لکھنے
والے بھی بنگال، پنجاب، میگھالے ، مہاراشٹر اور تمل ناڈو کے مسئلوں پر کتنی اور
کیسی کہانیاں لکھ رہے ہیں ؟ تندولکر، گنگا دھر، گیڈ گل، مدھو منیگش اور نا نا چند
کیسی کہانیاں لکھ رہے ہیں، یہ بات اردو کے ناقدین کو پہلے معلوم ہونا چاہیئے
کافکا، کامیو، کالاتمان اور آتریس مرڈوک کی کہانیاں بعد کو یہ حوالے صرف
مرعوب کرنے اور بقراط بننے کے لیے ہوتے ہیں جب کہ واقعہ یہ ہے کہ ان کی
کہانیاں بھی کس نے اور کتنی پڑھی ہیں ؟ ) ۔
ہندوستان میں کہانیاں لکھنے والوں کو اپنے مسائل، اپنی رنگا رنگ
تہذیب ، اپنے کرب ، اپنی خامیوں، اپنے سیاسی، سماجی مسائل کی طرف پہلے
توجہ کرنی چاہیے کہ یہی ہماری کہانیوں کا خام مواد ہے۔ موضوع، مسائل ہماج،
اور سیاست سے ادب کو دور رکھنے کی ترغیب اس لیے بھی ہے کہ اس سے کہانی
کار
کے رویوں کا پتہ چلتا ہے۔ اس سے یہ بھی پتہ چلتا ہے کہ فن کا ر ظالموں کے
ساتھ ہے ، پینترے بازوں کے ساتھ ہے کہ حق پسندوں کے ساتھ ، اسی وجہ سے ادب
میں کمٹ منٹ کے بغیر کہانی کار
کا کہانی لکھنے کا کیا جواز رہ جاتا ہے ؟ یہ تقاضہ ہیں
کہ ہر واقعے اور ہر حادثے پر کہانیاں ضرور لکھی جائیں مگر یہ جو علاقائیت، مذہبی
تعصب، بنیاد پرستی کے احیا کی کوششیں ہو رہی ہیں۔ جو سچائی کو دبانے او حقیقتوں
کو مٹانے کی سازش کی جاتی ہے۔ آزاد جمہوریت کا نعرہ لگانے کے باوجود جو سماج
میں ہر طرف ایک طرح کی گھٹن سی ہے، یہ جو فرقہ پرستی سے بھی آگے بڑھ کر گو تر پرستی
سماج میں منفی رجحان رکچھ لوگوں کے لیے یہی مثبت رجحان بھی ہو سکتا ہے) در آیا
ہے ، ان تمام مسائل کو آج کی کہانی کہاں تک چھوتی ہے ؟ کیا اس مسالے کو اپنی
کہانی کا جزو بنا کر پیش کرنا آج کے کہانی کار کا مسئلہ نہیں ہے ؟ ہمارے نئے ناقدین
و انبستگی، ناوابستگی، کہانی کا اکہراپین ، زبان کے استعاراتی تفاعل، تمثیل، علامت
ALL E GORY, APOL OGLE اور کہ PARABLE "" ثقافتی اور مذہبی سرچشموں سے
فیضان حاصل کرتے رہے اور اپنے دور کے سامنے کے سانحات پر زندگی کے پیچ و خم
سے اغماض برتنے پر تو ORACLE کی طرح بحشیں کرتے ہیں۔ وہ ادب کی قدر شناس
سماجی دستاویز کے ساتھ والے رویے کو تو اپنے زعم میں رد کر چکے ہیں لیکن اگر یہی
رویے سکڑ جال، والے کرافٹ کے ساتھ پیش آجاتے ہیں تو ان کی تشریح اور تجزیے
میں صفحات کے صفحات سیاہ کر دیتے ہیں۔
زراراف، گاڈ امر، ہیری شا، فاولر، اور جرمنی، فرانس، ناروے کے ماحول،
مصنفین، ان کے افکار، اقوال اور تنقیدی باریکیوں کی باتیں تو بڑے افتخار سے کرتے
ہیں مگر اپنے ملکی ماحول، مسائل اور آئے دن کے پرابلم انھیں نظر نہیں آتے سماجی
حقیقت نگاری انھیں مردود اور OUT DATED نظر آتی ہے، اگرچہ سماجی حقیقت 47
نگاری کوئی جامد چیز نہیں وہ بدلتی ہوئی سوسائٹی، وقت اور تاریخ کے ساتھ
خود بدلتی جاتی ہے۔ اگر اس کو جذب کرنے اور برتنے کا سلیقہ فن کار کے پاس ہے
تو فارم اور ذہنی رویوں، ہیت ، سب سے گزر کر بھی اپنے مسائل کو اپنی کہانیوں
میں تمام ناولٹی کے ساتھ پیش کرے گا۔
تبدیلی، فکری ہو یا فنی، اور یہ تبدیلی مثبت ہے کہ منفی، اس کا احساس ترقی
پسندوں سے زیادہ کس کو رہا ہے اور ہے کہ ان کے پاس مارکسی فکر کا وہ پیمانہ ہے
جو ہر زمانے میں اپنے عمل کا حساب بھی کرتا ہے، اپنی خامیوں سے بھی باخبر رہتا ہے
اور مستقبل میں کیا مثبت اقدام مناسب ہیں، اس پر بھی کیا اس کی نظر رہتی ہے۔
یہی وجہ ہے کہ ترقی پسندی، مسائل حیات، موضوع کے گھیرے ، تاریخیت اورفین
کے مثبت رویوں کا صحیح ادراک رکھتی ہے اور اسی لیے اس کے راستے پریم چند کے
مخطوط سے ہو کر گزرنے والے راستے ہیں جہاں دھڑکتی زندگی ہے ، مسائل کی
رنگا رنگی ہے اور فن کی آڑی ترچھی لکیریں۔
دوستو! اپنی کہانی کو اپنے گردو پیش کی زندگی کے مسائل سے آلودہ
BLEND کرو۔ تمہارے اپنے مسئلے اور تمہاری سماجی زندگی کے تمام مسائل
بہت دلچسپ ہیں اور خیال انگیز بھی تیبھی تم پریم چند کے صحیح وارث بن سکتے ہو
اور ادب و سیاست کو راستہ دکھانے والا کارواں کبھی ۔",5482
P3_1989_043,Asri Adab,1989,Magazine,"مغرب اور مشرق کے درمیان رابطے کا ایک اثر بذات خود اردو مختصر افسانے
کا ظہور ہے۔ یہاں جملہ معترضہ کے طور پر دو باتوں کا ذکر ضروری ہے۔ پہلی یہ کہ کوئی
بھی تخلیق کا راپنے مقصد اور صلاحیت کے مطابق ادبی اثرات کا استعمال اور
ان میں ترمیم کرتا ہے. اگر ایسا نہ ہو تو خود مصنف کا تخلیقی منصب معرض خطر میں پڑ
جاتا ہے۔ دوسری بات یہ ہے کہ اردو افسانہ مغرب سے فیضان حاصل کرنے کے
باوجود اپنی مخصوص ثقافتی صورت حالات کے سبب اپنی الگ پہچان رکھتا ہے۔
یہ ظاہر ہے کہ انیسویں صدی عیسوی کے فرانسیسی اور روسی حقیقت نگاروں
کے نمونے پر اردو افسانے کی تعمیر ہوئی ۔ ۱۹۱۴ء کے ایک خط میں پریم چند نے لکھا تھا:
آج کل کا ؤنٹ ٹالسٹائی کے قصے پڑھ چکا ہوں۔ اب طبیعت کچھ اسی رنگ کی
طرف مائل ہے؟ پریم چند اور پریم چند سکول کے لکھنے والوں نے ٹالسٹائی کی
اخلاقیات سے متاثر ہو کر بے شمار کہانیاں تحریر کیں اور خاص طور پر مقاومت
مجہول والا اصول انھیں زیادہ راس آیا۔ اس لیے کہ اصلاحی جذبے کے اظہار میں
اس سے بہت مدد ملتی ہے۔ اس اصول کے تحت افسانے کی صورت یہ بنتی ہے
کہ پروٹا گونسٹ کسی بھی حالت میں اینٹا گونسٹ کے ظلم برداشت کرنے میں
کسی مزاحمت سے کام نہیں لیتا۔ بس دکھ برداشت کرتا رہتا ہے جیثی کہ اینٹا گونسٹ
اس سے متاثر ہو
کر اپنا رویہ بدل دیتا ہے۔ اس کی بہترین مثال پریم چند کا مشہور
افسانہ بوڑھی کا کی ہے جس میں بوڑھی کائی نے عدم مزاحمت کے اصول کے تحت
بہو کی تالیف قلب کردی ہے۔ پریم چند پر طویل عرصے تک ٹالسٹائی کے اخلاقی نظریوں
کا سحر طاری رہا۔ اپنے آخری زمانے کے افسانوں مثلاً "" نئی بیوی میں وہ ٹالسٹائی
اثر سے بالکل آزاد ہو گئے ہیں کیونکہ افسانہ اس جملے پر ختم ہوتا ہے لال کھانا کھا کر چلے
جائیں گے، تم ذرا آجانا ! یہ جملہ نوجوان بیوی بوڑھے شوہر کی طرف اشارہ کرتے ہوئے
اپنے نوجوان نوکر سے کہتی ہے۔ یہ افسانہ اگر ٹالسٹائی کئے پر اثر لکھا جاتا تو بوڑھے
شوہر کے علاوہ نوجوان بیوی کو بھی زنا کاری کی سزا ضرور ملتی لیکن یہاں اب
ٹالسٹائی کی اخلاقی نفسیات نہیں بلکہ نئی نفسیات کام کر رہی تھی ۔
ترقی پسند تحریک کے دور میں موپاساں اور چیخوف نے تکنیکی لحاظ سے
گہرے اثرات مرتسم کیے۔ موپاساں نے اردو افسانہ نگاروں کو منظم پلاٹ اور
نتیجہ خیز یا استعمابیہ انجام کا فن سکھایا۔ اس سلسلے میں منٹو کی مثال سامنے کی
ہے۔ چیخوف سے کرشن اور بیدی وغیرہ نے منتشر تفصیلات کی تاثراتی پیشکش
کے ذریعے فضا بندی اور معنی خیز یا غیر فیصلہ کن اختتام کا گر سیکھا بمعر ونی
طریق کار سے روشناس کرانے کا کام بھی چیخوف ہی نے انجام دیا۔
اردو افسانے میں کرداروں کی ذہنی واردات کو پیش کرنے کے وسائل
پہلے بہت محدود تھے۔ ۱۹۳۰ء کے آس پاس سجاد ظہیر اور احمد علی وغیرہ نے جب
جوائس کا مطالعہ کیا تو کر داروں کی داخلی دنیا کی ترسیل کے لیے نئی تکنیکوں ہے
متعارف ہوئے۔ مثلاً داخلی خود کلامی اور منقول خود
کلامی داخلی خود کلامی کی
قواعدی پہچان یہ ہے کہ اس کی ضمیر میں اس کا صیغہ فعل حال ہوتا ہے۔ یہ
مونولاگ سے اس طرح مختلف ہے کہ مونو لاگ بولا جاتا ہے اور داخلی خود کلامی
میں صرف سوچا جاتا ہے۔ اس کی مثالی صورت بستر پر لیٹے رہنے کی حالت ہے
جوائس کی مولی علوم کی مشہور داخلی خود کلامی بستر پر واقع ہوتی ہے. یہ دلچسپ
بات ہے کہ حرام جاری نیند نہیں آتی یا بادل نہیں آتے اور سلام بن رزاق
کے افسانے کے کر دار بستر پر لیٹے ہوئے دکھائے گئے ہیں گو سب میں داخلی خود
کلامی نہیں ہے بلکہ خاموش خود کلامی کی دوسری صورت میں بھی ہیں۔
منقول خود کلامی ڈارٹ کون کی مجوزہ اضطلا NARRATED MOM LOLA
کا ترجمہ ہے۔ اس کا با ضابطہ استعمال فلابیر کے یہاں لگتا ہے. بعد میں جو انس
اور ورجینیا ولف نے اسے نقطہ عروج تک پہنچا دیا ہے۔ یہ تکنیک بیانیے کی دنیا
میں ایک معجزے سے کم نہیں۔ اس کی مثال کے لیے سلام بن رزاق کے افسانے
کی ابتدائی سطر میں دیکھیے :
جانے یہ کیا ہوتا جا رہا ہے دن بہ دن اسے جیسے کسی نے اس کے
اتھ پیر باندھ کر کنویں میں پھینک دیا ہو اور وہ گہرے بہت گہرے ڈوبتی
چلی جا رہی ہو۔
اس عبارت میں جہاں جہاں وہ ہے اس کو میں سے بدل دیں تو یہ
داخلی خود کلامی کی مثال بن جائے گی :
د جانے یہ کیا ہوتا جا رہا ہے دن بہ دن مجھے جیسے کسی نے میرے
ہاتھ پیر با ر کر کنویں میں پھینک دیا ہو۔ اور میں گہرے بہت گہرے
ڈوبتی چلی جارہی ہوں:
اس میں والی عبارت میں سوچ اور اس کے واسطے استعمال ہونے والے
الفاظ کا پورا زمہ دار میں ہے اور راوی پوری طرح غائب ہے ؟” وہ والی عبارت
میں راوی غائب بھی نہیں ہے اور پوری طرح موجود بھی نہیں ہے۔ اس میں ہم
ری آواز سنتے ہیں راوی کی بھی اور کردار کی بھی۔ ویسے بہ ظاہر معلوم ہوتا ہے کہ
ان خود کلامی اور داخلی خود کلامی میں محض ایک سادہ سی قواعدی تفصیل کا فرق
ہے مگر ایسی بات نہیں ہے منقول خود کلامی میں کردار کے ایسے خیالات اور
احساسات کی ترجمانی کا امکان موجود ہوتا ہے جو خود
کردار کے ذہن میں بہت
واضح نہیں ہوتے۔ چونکہ داخلی خود کلامی کی مانند اس میں کردار کی آواز براہ راست
مقتبس نہیں ہوتی، اس لیے شعور کی دھندلی دھندلی دنیا کی فضا قائم ہو جاتی ہے
اسی لیے یہ اسلوب سانگی کے اس حصے کی ترجمانی کے لیے بہت مناسب ہے جو
پوشیدہ رہتی ہے۔ اس کی عمدہ مثال سلام بن رزاق کی کہانی ہے منقول خود کلامی کو
نئے لکھنے والوں میں کسی نے اتنی کامیابی سے نہیں برتا ہے۔ پورا افسانہ منقول خود کلامی
سے بنایا گیا ہے سوائے ان ضروری خارجی اطلاعات کے جو راوی مصنف کہیں کہیں
دیتا ہے مثلاً م وہ پلنگ پر اٹھ کر بیٹھ گئی وغیرہ۔ افسوس ہے کہ جدید ترافسانہ نگار اس
اسلوب سے خاطر خواہ فائدہ نہیں اٹھاتے۔
جوائس نے اپنے فکشن میں ایک اور تکنیک استعمال کی ہے جسے وہ خود EAPN
کا نام دیتا ہے۔ اس کا مطلب ہے کسی معمولی چیز یا معمولی منظر میں دفعتہ انکشاف کا
شعلہ چمک اٹھتا۔ انتظار حسین نے DUBLINERS کے زیر اثر جو افسانے لکھے اور جن
میں بیشتر اُن کے مجموعے ”کنگری میں شامل ہیں۔ ان میں EPIPHANY کی کئی
خوب صورت مثالیں موجود ہیں۔ مگر اردو قاری نے مجموعہ کنکری کو وہ اہمیت نہیں
دی جس کا وہ مستحق تھا اور اس طرح ایک وقیع تجربہ پر دہ خفا میں رہ گیا۔ جدید اردو
افسانہ نگاروں نے جوائس سے ایک اور افسانوی تکنیک مستعار لی ہے۔ اس تکنیک
کو TS. ELIOT نے یولیسیس پر تبصرہ کرتے ہوئے (MYTHICAL NET سے تعبیر کیا
تھا۔ انور سجاد
کا افسانہ "" کیکر اس کی اچھی مثال ہے۔ جو سی فس متھ پر استوار کیا گیا ہے
انتظار حسین کی بہت سی کہانیوں کے ساتھ دیوار بھی اس کی عمدہ مثال ہے جو
یا جوج ماجوج کے اسطور پر قائم ہے۔
وجودی موضوعات کو جدید اور جدید تراردو افسانہ نگاروں نے اچھا خاصا
پامال کیا ہے لیکن سارتر کے فنی طریق کار
کو خالدہ حسین نے جس خوب صورتی سے برتا
ہے ایسا کسی اور سے نہ ہو سکا۔ سارتر کے فن کی دو ممتاز خصوصیتیں ہیں۔ ایک یہ کہ اس
کے ہاں Conceptual کی شدت ہے یعنی اس کا کر دارا اپنے ادراکات کی تشریح
خیالات کے ذریعے کرنا چاہتا ہے۔ یہ صورت کامیو کے ہاں نہیں ہے بیگانہ کامی رسول
تمام تر اپنی حسیات کی سطح پر جیتا ہے۔ دوسری خصوصیت یہ ہے کہ سارتر اشیا کا
بیان ان کی ہستی کے حوالے سے نہیں بلکہ ان کے آزاد وجود کے حوالے سے کرتا ہے۔
سار تر ایسا اس لیے کرتا ہے کہ وہ انسانی ذات کے اس شعور کو اہمیت دیتا ہے جو اشیا
کے شعور سے پیدا ہوتا ہے۔ مثال کے طور پر NAUSE میں ہیتھر کے وجود کے شعور نے روکا
تین کے اپنے وجود کے شعور کو تیز تر کر دیا ہے۔ پتھر یا کسی اور چیز کے شعور کے بغیر
زو کانتین کا شعور نا ممکن ہوتا۔ وہ اشیا میں عجیب و غریب نئی خصوصیت دریافت کرتا
ہے کبھی کبھی اپنے اردگرد انسانوں کی موجودگی کے بجائے صرف ہاتھوں، پیروں وغیرہ
کی موجودگی کا تجربہ کرتا ہے۔ ان ہی دوفنی خصوصیتوں کی وجہ سے خالدہ حسین کے
کئی افسانوں کو پڑھتے ہوئے نئے ذائقے کا احساس ہوتا ہے۔ اس سلسلے میں ان کی
کہانی دو ہزار پایہ اپنا جواب نہیں رکھتی۔
جدید اور جدید ترافسانہ نگاروں نے جس دلچسپی سے کافکا کو پڑھا ہے وہ کوئی
ڈھکی چھپی بات نہیں۔ کافکا کے پیرائے اظہار کی تین خصوصیتیں ایسی ہیں جوار دو
افسانے کے سلسلے میں موثر ثابت ہوئی ہیں۔ پہلی یہ کہ اس کی واحد متکلم والی کہانیوں
میں صیغہ حال کے استعمال کا رجحان حاوی ہے۔ اردو میں جدید اور ان سے زیادہ
جدید ترافسانہ نگاروں کے ہاں یہ اسلوبیاتی رجحان اب عام ہو گیا ہے لیکن اس
کا عرفان عام نہیں۔ صیغہ حال میں کہانی لکھنے کی جو دشواریاں ہیں ان سے
بحث کرنے کے لیے ایک الگ مضمون کی ضرورت ہوگی کافکا کے پیرائیہ اظہار
کی دوسری امتیازی خصوصیت حقیقی تجربے کی خواب صورت پیشکش ہے۔ اس
ایک تیسری منفرد خصوصیت اور بھی ہے جس کی جانب بہت سے تخلیق کاروں
اور تنقید نگاروں نے اشارہ کیا ہے۔ ایک ملاقات میں ولیم سیمسن سے پوچھا گیا
کہ آپ کو کافکا کی نگارشات میں کس چیز نے اپیل کی، تو اس نے جواب دیا "" میں
اس کے مافیہ کے بجائے اس کی بہنیت سے متاثر تھا۔ اس کا چیزوں کو اپنے
مقام پر رکھنے کا صاف ستھرا انداز مجھے بہت اچھا لگا جیسے کوئی کمرہ اور اس کی
بر محل تفصیلات کہ کہاں کھڑکی ہے، کہاں دروازہ ہے بغیر کسی
بے جا آرائش کے ؟ تو گویا "" چھوٹی چھوٹی جزئیات کے اندراج کے معاملے میں
احتیاط کافکا کی تیسری امتیازی خصوصیت ہے۔ یہی خصوصیت پر اسرار طریقے
سے اس کے یہاں بدفال، بلا آثار، منحوس اور آسیبی فضا پیدا کرنے کا بڑا سبب
بنتی ہے۔ اگر کافکا کے اسلوب کی ان تین خصوصیات اور اس کے کایا کلب
والے موٹیف کو سامنے رکھ کر اردو افسانے پر اس کے اثرات کا جائزہ لیا
جائے تو معلوم ہوگا کہ انتظار حسین، سریندر پرکاش اور خالدہ حسین جیسے بڑے
افسانہ نگاروں نے کافکا سے بہت کچھ سیکھا ہے۔ ان کے علاوہ اردو کے ہر قابل
ذکر نئے افسانہ نگار کے یہاں کافکا سے استفادے کی مثالیں مل جائیں گی مثلاً
انور خاں ، حسین الحق اور شوکت حیات وغیرہ مغربی فکشن سے تکنیکی طور پر
استفادے کی اور بھی مثالیں ہیں لیکن اس مختصر سے پرچے میں ان سے بحث
کرنے کی گنجائش نہیں۔",1812
P3_1989_044,Asri Adab,1989,Magazine,"ایمر جنسی سے نئے اردو افسانے کا جنم ہوا۔
جب زبان اور قلم پر پہرے لگے اور اعلان ہونے لگا کہ احساس کو حکومت وقت
کے فرمان کے مطابق چلنا چاہیے اور اظہار سنسر کے اشارے کے مطابق ہونا چاہیے تو
اچا ادیب کو نئے اور زیادہ سیکھے احساس نے آگھیر یعنی اس پر فرض ہے کہ جو کچھ
وہ محسوس کر رہا ہے، اپنی آنکھوں سے دیکھ رہا ہے اسی کو بیان کرے۔ چونکہ ا ظہار پر
پابندی تھی اس لیے احساس کی اس گہری چوٹ کو بیان کرنے کے لیے اسے غیر
روایتی طریقے اختیار کرنے پڑے اور اس طرح سماجی تشویش سے بھر پور علامتی افسانہ
وجود میں آیا۔
ایک ساتھ بہت سے نام ذہن میں آتے ہیں : اقبال مجید کا افسانہ پوشاک جو
ایمر جنسی کے زمانے کی حالت کو نہنس کرسچین اینڈرسن کی کہانی کے روپ میں بیان
کرتا ہے کہ راجہ نگا ہو گیا ہے اور سارے درباری، خوشامدی، عالم، فاضل، اس کے
فرضی لباس کی تعریف میں زمین و آسمان کے قلابے ملا رہے ہیں صرف ایک بچہ
آخر کار اپنی نادانی اور معصومیت میں چلا چلا کر اعلان کرتا ہے کہ بادشاہ نگا ہے۔۔
سلام بن رزاق کی دردناک اور بھیانک کہانی جس میں ناگ اور زہر کی حکومت ہے
اور پورا معاشرہ اسی زہر کی حکمرانی میں ڈوبا ہوا ہے حسین الحق کی کہانیاں جن میں
پورے معاشرے کو ایک سرکس سے تشبیہ دی گئی ہے اور بڑی دردمندی سے اداکاروں
اور تماشائیوں کی بے بسی کا بیان ہوا ہے۔ احمد یوسف کی کہانی جو اسپتال کی دیوار
کے ساتھ ساتھ چلتی ہے اور اس کے چاروں طرف بکھری کڑوی سچائیوں، ظلم اور
جر کو سمیٹتی جاتی ہے۔ انیس رفیع کی کہانی جس نے علامتی پیرایے کو معاشرے میں
رہنے بسنے والوں کی بے بسی کو بیان کیا۔ فیروز عابد کی کہانی پولی تھن کی دیوار
جو پورے سماج کی اس غیر حقیقی فضا کی تصویر کھینچتی ہے۔
اس دور کی کہانی کے مزاج کو تین سنگھ کا افسانہ دھجیاں، ایک تمثیل
کے ذریعے بیان کرتا ہے ایک پاگل پارک میں کھڑا اپنے دامن کو پھاڑ پھاڑ کران
دھجیوں سے سورج کا قطر ناپ رہا ہے اور اسی ناپ تول میں شام کر دیتا ہے۔
ایمر جنسی نے اردو افسانے کو بہت کچھ سکھایا۔ مثلاً یہی بات کر اصل معاملہ
یہ نہیں ہے کہ آپ کے افسانے کا پیرا یہ کیا ہے کہانی میں کہانی پن ہے یا نہیں؟
مسئلہ اہم سہی، بنیادی نہیں ہے۔ آپ کا انداز بیان علامتی ہے یا براہ راست؟
یہ مسئلہ اس سے بھی کم اہم ہے۔ آپ کی کہانی کسی ہنگامی موضوع
پر لکھی گئی ہے یا نہیں ؟ مسئلہ یہ بھی نہیں ہے مسئلہ صرف اتنا ہے کہ آپ کی کہانی
کے پیچھے احساس کا خلوص اور اس کی پہنائیاں جلوہ گر ہیں یا نہیں ؟ اور احساس
کے خلوص کا اندازہ اس سے بھی ہو گا کہ آپ کی پیش کر د حقیقتیں کتنی حقیقی ریعنی
متعلقہ سماج کی قبول کردہ کتنی مستند اور کتنی جمال آفریں ہیں ؟
......
یہ نئی کہانی کرشن چندر، بیری اور منٹو کی کہانیوں کی وارث تو ہے مگر
ان سے مختلف لہجہ رکھتی ہے یہی نہیں، بیچ کے دور میں سریندر پرکاش اور
بلراج مین را کی کہانیوں سے بھی اس کا لہجہ بالکل مختلف ہے۔ وجہ یہ ہے کہ
نئی کہانی نے اپنا فوری استناد گردو پیش سے حاصل کیا ہے اس کے پیچھے
عصری مسائل کی چوٹ ابھرتی ہے احساس کی یہ گہری چوٹ ہی نئی کہانی کی
پہچان ہے۔
ایمر جنسی ختم ہو گئی مگر ایمر جنسی کی صورت حال ختم نہیں ہوئی۔ اب وہ سنسر
شپ نہیں ہے جو رات کو دن کہلانے پر مجبور کرتی تھی مگر اب جب کے دو کے طریقے
اختیار کیے جارہے ہیں کہیں ضمیر کی خریداری ہے، کہیں لالچ اور ترغیب آنہیں خاموش
سزائیں اور عبرت ناک انجام ۔ غرض یہ احساس کم نہیں ہوا ہے کہ چاروں طرف بکھری
ہوئی سچائیوں کو زبان دینے کے معاملے میں ہمارا کہانی کار بے بس ہے۔ ان سچائیوں
کی تڑپ اور یہ بیقرار کرنے والی دردمندی نئی اردو کہانی میں صاف جھلکتی ہے اس
کے رنگ روپ ان گنت ہیں۔ احساس کی ضرب اتنی شدید ہے کہ وہ افسانہ نگار بھی
جو کہانی پن کو نج چکے تھے اسی کہانی پن کی واقعیت کی طرف لوٹے۔
اسی زمانے میں تو سریندر پرکاش کی کہانی دیجو کا لکھی گئی جس میں پریم چند
کے ناول ""گنوردان کے کرداروں کی زبانی آج کے ہندوستانی کسان کی بیتابیان
ہوتی ہے، سچ تو یہ ہے کہ پورے ہندوستان کی بپتا ہے۔ عبدالصمد کی کہانیوں میں
اسی احساس سے ایک نیا رنگ آیا اور وہ فرقہ وارانہ فساد کی دل روزی ہی پر نہیں۔
ٹھہرا بلکہ آگے بڑھ کر ان کی کہانی "" پیوند کاری کی اساس بن گیا ہر درد مند انسان
جو شہر کے سارے مریض بھکاریوں کا حساب رکھتا ہے ان کی بیماریوں کا رجسٹر تیار
کرتا ہے اور ان کی دیکھ بھال میں جان کھپاتا ہے جب اسی انسان دوستی کے لیے
اعزاز و اکرام پانے لگتا ہے تو ان سے کس طرح بے نیاز ہو جاتا ہے۔ کلام حیدری
کی کہانی اور درویش کی صدا جو گویا ٹوٹتے بکھرتے ہوئے معاشرے میں آباد
برادریوں کے مکالمے یا مسابقے کا اظہار کرتی ہے یا پھر انور قمر کی کہانی جو ٹیگور
کے مشہور کردار کابلی والا کی واپسی کو نئے پس منظر میں رکھتی ہے یا انور خان کی وہ
چھوٹی چھوٹی کہانیاں جو متوسط طبقے کی ہراساں زندگی کی جھلکیاں دل روز پیرائے
میں پیش کرتی ہیں۔ یا اقبال متین کی کہانی جو اس دور کا شہر آشوب ہے اور تعصبات
کی زد پر ٹوٹتے رشتوں کی عکاسی کرتی ہے۔ یا پھر شفق کی تازہ کہانی "" شناخت""
اس صورت حال موضوع بناتی ہے کہ محض مختلف ہونے کی خواہش کس طرح فنکار
کو فن اور حسیت دونوں سے دورے جا رہی تھی۔
کہنے کا مقصد یہ ہے کہ نئی اردو کہانی نہ صرف اس بھٹکاؤ سے واپس آگئی ہے۔
جس میں ۱۹۶۰ء سے وہ مبتلا ہو گئی تھی بلکہ اب اس کی رسائی دردمندی کی نئی گہرائیوں
تک ہونے لگی ہے۔ وہ ان معنوں میں سیدھی سادی ترقی پسند کہانی نہیں ہے
جو کسی ہنگامی موضوع پر خطابیہ یا بیانیہ پیرائے میں لکھی گئی ہو اور صورت حال کا
کوئی سرسری یا سطحی حل پیش کرتی ہو وہ ان معنوں میں جدیدیت کی کہانی بھی
نہیں ہے کہ وہ کہانی پن سے دور محض تجریدی پیرائے کو اپنائے اور صرف عرفان
ذات یا اپنے آپ کی تلاش میں کھو کر لفظوں یا تمثالوں کے کھیل میں خود کو
کھودے۔ یہ ایک ایسی کہانی ہے جس میں سماجی تشویش اور شرکت بھی ہے مگر
وہ ذات کے حوالے سے کائنات تک پہنچتی ہے اور علامتی پیرایہ بھی اختیار کرتی
ہے اور واقعاتی دائرہ بھی۔
اس سلسلے کی کہانی میں کنور سین کی کہانی اس بار
نہیں، کو نظر انداز نہیں
کیا جا سکتا۔ علامتی ہونے کے ساتھ ساتھ یہ بھر پور سماجی وابستگی کی کہانی ہے
ایک شخص جو پوری بستی کے اکلوتے دو منزلہ مکان میں رہتا ہے دیکھ سکتا ہے کہ
پوری بستی کوڑھ کے مرض میں مبتلا ہے اور انھیں اس بات کا احساس تک نہیں
ہے۔ اسے یاد آتا ہے کہ بیماری کا احساس دلانے کے جرم ہی میں تو اسے ایک بار
زہر پلایا گیا تھا اور دوسری بار صلیب پر لٹکایا گیا تھا اس بار وہ یہ غلطی نہیں
کرے گا۔
اس ضمن میں چار پرانے اور چار نئے لکھنے والوں کا تذکرہ بھی ضروری ہے
پرانوں میں ہیں قاضی عبد الستار جنھوں نے اردو میں نئے دیہات کی زندگی کو
پیش کیا ہے۔ یہاں دیہات محض کا شتکاری اور ساہوکاری سے عبارت نہیں ہے
بلکہ اس پورے جاگیرداری نظام کی اقدار کی شکست وریخت سے عبارت ہے
جود یہی معاشرے ہی کو نہیں شہری زندگی کو بھی اپنی گرفت میں لیے ہوتے ہے ۔
اقبال متین نے اپنی کہانی میں دائرہ آتشین پر کرتب دکھانے والے ایک کھلاڑی
کی زبان میں شکست ہونے والی اقدار کی اس صورت حال میں دیانت دارانہ
وجود کو بیان کیا ہے اور بدلتے ہوئے انسانی رشتوں کی نوعیت کو افسانے کا موضوع
بنایا ہے۔ ایم منو جا پرانے لکھنے والے میں لیکن ایک مدت سے خاموش تھے ادھر
انھوں نے کئی کہانیاں لکھی ہیں جس میں معاشرے کے بڑھتے ہوئے بکھراؤ ہی کو
موضوع بنایا گیا ہے۔
چوتھا نام ہے ظفر پیامی کا جو ایک مدت بعد پھر افسانہ نگاری کی طرف رجوع
ہوتے ہیں۔ پنجاب کی موجودہ صورت حال پر ان کی کہانی اور مختصر بے ادب""
کہانیاں نئی صورت حال کی راوی ہیں۔ انھیں کے ساتھ ساتھ قرۃ العین حیدر
جیلانی بانو، عابد سہیل اور رام لعل نے بھی اپنے فن میں نئی گہرائیوں تک رسائی
حاصل کی ہے۔
اور چارنئے لکھنے والوں کے نام ہیں : علی امام نقوی، مشتاق مومن ، مشرف عالم
ذوقی اور شوکت حیات۔ علی امام نقوی کی ایک کہانی ہے ڈونگر واڑی کے گردہ
کہانی صرف اتنی سی ہے کہ پارسیوں کی ڈونگر واڑی میں مردے گدھوں کے کھانے
کے لیے رکھ دیے جاتے ہیں ایک دن یہ اتفاق ہوتا ہے کہ کوئی گدھے ان مردوں
کو کھانے کے لیے نہیں آتا تفتیش سے معلوم ہوتا ہے کہ پڑوس کے شہر میں فرقہ
وارانہ فساد ہو گیا ہے اور گدھوں کو وہاں اتنی لاشیں کھانے کے لیے مل گئی ہیں کہ
وہ ڈونگر واڑی کا رخ نہیں کر رہے ہیں۔
مشتاق مومن کی کہانی ہے ۔ موز“ جو ایسی ہندوستانی مسلم عورتوں کی
داستان ہے جن کو فلیمی عرب ممالک کے لوگ بیاہ کرلے جاتے ہیں اور گھر کی خادمہ کی
طرح رکھتے ہیں اور ان کے ماں باپ ان کی ظاہری خوشحالی دیکھ کر اور ان کے دیئے
ہوئے تحفے تحائف قبول کر کے ان کے باطنی دکھ درد کا اندازہ بھی نہیں لگا پاتے۔
مشرف عالم ذوقی نے ادھر کئی اچھی کہانیاں لکھیں۔ ان کہانیوں میں نئی بات
یہ ہے کہ یہ صرف کرب پر ختم نہیں ہوتیں بلکہ ایک وسیع تر شرکت کی دعوت دیتی ہیں
ان میں بے شک دردمندی ہے مگر درد و کرب کے اس مستقل عذاب سے نجات
دلانے والے وسیع تر عمل میں شمولیت کا تصور بھی کہیں نہ کہیں موجود ہے۔ اس کے
علاوہ ان میں نچلے متوسط طبقے سے تعلق رکھنے والے نوجوانوں کی صورت حال بیان
ہوتی ہے جن کے حالات بڑے صبر آزما ہیں لیکن ان کے دل غتی ہیں اور ان کی شخصیتیں
نئے خوابوں سے مالا مال ہیں۔
شوکت حیات کی کہانیوں میں فرد کے نجی احساس کے ذریعے وسیع تر تناظر
تک پہنچنے کا عمل نمایاں ہے۔ ان کی کہانیوں میں وہ بدلتے ہوئے تہذیبی اور ذہنی
رویے ہیں جو نئے حالات میں ابھر رہے ہیں اور جن میں فرد کا دیانت دارانہ وجود معاشرے
کی بدلتی قدروں سے الجھتا نظر آتا ہے۔ قاسم خورشید کی کہانی میں سڑک کی زندگی اور
اس کے گرد منڈلانے والے حادثوں کا عکس ہے۔
اردو کہانیوں کی تہذیبی فضا کیا ہے ؟ ایک بکھرتے ہوئے معاشرے کی فضا
ہے لیکن یہ بکھراؤ گویا فلسفیانہ وجودیاتی EXISTENTIAL بکھراؤ نہیں ہے۔ یہ بکھراؤ
ہے حکومت اور ارباب اقتدار کا پیدا کردہ بھراؤ جس کے واضح عکس نظر آتے ہیں
اس رقیا نوسیت اور تعصب میں جو ملک کو پارہ پارہ کیسے ڈال رہا ہے۔ ایک طرف
تو مذہبی جنون کو دقیانوسیت کے ذریعے بڑھاوا دے کر اور پھر اس کی انتظامی
اور سیاسی سر پرستی کر کے فرقہ پرستی اور فرقہ وارانہ فسادات کا دور دورہ کیا گیا ہے ہیں
نے سبھی انسانی ہمدردیوں اور سماجی رفاقتوں کو دھندلا دیا ہے۔ دوسری طرف
جبری مرکزیت کا تصور پیدا کر کے علاقائی ، مذہبی اور لسانی رنگا رنگی کو ختم کرنے
کی کوشش ہو رہی ہے اور اس کے رد عمل کے طور پر سبھی علاقے، مذہبی فرقے
اور زبانیں اپنی اپنی انفرادیت کی حفاظت کی لڑائی لڑ رہی ہیں اور نتیجے کے
طور پر ملک میں تعصب پنپ رہا ہے اور تنگ نظری غالب آرہی ہے تیسری
طرف دقیا نوسیت اور ظلمت پسندی نے ملک کے آگے بڑھنے کے راستے روک
رکھی ہیں اور غربت، جہالت اور تنگ نظری کے خلاف جنگ کے بجائے پورا
معاشرہ ایک جنگ مغلوبہ لڑ رہا ہے۔ ایک کے ہاتھ میں دوسرے کا گریبان ہے
اس بے حسی اور بے بسی کی آوازیں اردو افسانے میں کبھی کبھی نت نئے آہنگ کے ساتھ
بلند ہو رہی ہیں اور اب نئے افسانے میں اس بے حسی کے حصار سے باہر قدم رکھنے
کے لیے وسیع تر شمولیت کا دھندلا سا راستہ بھی کہیں کہیں دکھائی دینے لگا ہے۔
آج کے اردو افسانے میں جبر اور خون کا تذکرہ عشق و رومان سے کہیں زیادہ
ملے گا۔ ایسا لگتا ہے کہ ہمارے افسانہ نگار کی آنکھوں کے سامنے سے رنگین نقاب
ایک ایک کرتے دور ہوتے جا رہے ہیں اور اب وہ صاف طور پر دیکھنے لگا ہے کہ
مقدس ناموں والے ادارے بھی محض طرز ستم کا ایک اور روپ ہی ہیں اور تھال
کی ایک اور نئی شکل کے سوا کچھ اور نہیں اور جنھیں جمہوریت کی برکتیں کہا جاتا ہے
ان کا اور عام انسانی حقوق کا تحفظ بھی اب با ضمیروں ہی کی ذمہ داری ہے۔
ان کہانیوں سے جو کردار ابھرتا ہے وہ ایک ایسے پر خلوص انسان کا کردار
ہے جو چوراہے پر سراسیمہ اور حیران کھڑا ہے اور اپنے بنیادی مطالبات کا سورا
ہوتے دیکھ رہا ہے، وہ یہ بھی سمجھ رہا ہے کہ اکیلے وہ اس پورے نظام سے ٹکر نہیں
لے سکتا، راستہ ہے تو وہی ایک وسیع ترحسیت کا راستہ ہے، ہما جی وابستگی اور
شمولیت کا راستہ ہے اور یہ راستہ اتنا سیدھا سادہ نہیں جتنا پہلے نظر آتا ہے
به قول شاعر: سخت، پتھریلا، پیچیده گمراه کن
منزلوں تک یہی راستہ جائے گا (فیروز ظفر)
نئی اور
نئی کہانی میں بے شک کرشن چندرا بیدی اور مٹو جیسے بڑے نام نہیں ہیں
لیکن جوڑ گھٹا کر دیکھا جائے تو مجموعی طور پر ہمارا نیا افسانہ ان دیو قامت افسانہ
نگاروں کے مقابلے میں زیادہ پیچیدگیوں سے دوچار ہے اور ان پیچیدگیوں کو
وہ صرف واقعات ہی میں نہیں کرداروں میں بھی دیکھتا ہے انداز بیان میں بھی
برتتا ہے جسے محض علامتی کہنا شاید درست نہیں اس انداز بیان میں پیچیدگی
اور تہہ داری ہے اور اس لحاظ سے نئے افسانے کا یہ سفر نئی شناخت اور نئے
فکری اور حسیاتی پہچان کا سفر بھی ہے۔
سلام بن رزاق کی کہانی معبر شاید اس صورت حال کی عکاسی کرتی
ہے جہاں قیدی کو صرف اس لیے موت کی سزا دی جا رہی ہے کہ وہ لفظوں سے.
اس طرح معنی کشید کرتا ہے جیسے سڑے گلے پھلوں سے شراب کشید کی جاتی ہے
اور قصور اس کا صرف یہ ہے کہ وہ لوگوں کے خوابوں کی تعبیر بتاتا ہے اور پھانسی
پانے سے پہلے اس کی آخری خواہش صرف یہ ہے کہ وہ جلاد کا نقاب پوش چہرہ
دیکھ سکے :
نہیں جلاد لڑ کھڑا کر دو قدم پیچھے ہٹ گیا ......
سیاہ پوش جلاد زمین میں گڑی میخ کی طرح بے حس و حرکت کھڑا تھا۔
"" یعنی میرا شبہ سچ نکلا قیدی کے ہونٹوں پر ایک بے باک مسکراہٹ تھی۔
کیسا شبہ؟ جلاد کے لیجے میں ہلکی سی آپ کسی تھی۔
دراصل تم، حج اور سپاہی تینوں ایک ہی شخصیت کے تین الگ الگ
روپ ہو.....
قیدی براہ راست سیاه پوش جلاد کی آنکھوں میں جھانک رہا تھا۔ نقاب
کے پیچھے جلاد کی آنکھوں کے دیے ہواؤں کی زد پر رکھے چراغوں کی طرح کا نپ
معبر ص ۵۲
رہے تھے ۔ ""
آج کا نیا اردو افسانہ اسی قیدی کے ہونٹوں پر کھیلتی ہوئی بے باک سرا سیٹ
ہے جو جلاد کے لہجے میں بھی ہلکی سی سی سہی کپکپی پیدا کرتی ہے اور اس کی آنکھوں
کے دیئے ہواؤوں کی زد پر رکھے ہوئے چراغوں کی طرح کانپنے لگتے ہیں کہ اب یہ
شناخت ہو چکی ہے کہ جلاد، حج اور سپاہی تینوں ایک ہی شخص کے تین روپ ہیں
اور جب تک یہ شخص یہ نظام نہیں بدلتا اس وقت تک یہ کرب ختم نہیں ہوتا اور
نجات دیدہ و دل کی گھڑی نہیں آتی۔",2639
P3_1986_045,Asri Adab,1986,Magazine,"ہندوستان میں اردو کا جنم ہوا آج بھی اردو ادب
کی تخلیقی روایت یہاں جاری ہے
اور یہاں کی تخلیقات میں کچھ کرب، کچھ پہچان کی تلاش، کچھ فرقہ واریت کی زہر کی تلخی، کچھ
رمریت، کچھ ذات کی کھوج اور کچھ پرانے نئے رشتے جوڑنے کی اُمنگ کا ادب لکھا جارہا ہے۔
پاکستان اردو کا دوسرا وطن بنا وہاں کے ادب میں آج بھی احتجاج کی تڑپ کچھ ماورائیت
اور مابعد الطبیعاتی رمز و ایمار، کچھ تاریخ اور معاشرے کی آویزشوں کی داستان کچھ پرانی
نئی قدروں کی آمیزش کی گونج سنائی دیتی ہے۔
سیاست اور روزگار نے ہندوستان اور پاکستان کی اردو داں آبادیاں لندن اور
یورپ کے دیگر شہروں ہی میں نہیں کناڈا اور امریکا میں سبھی جا بسائیں ۔ اب صورت یہ
ہے کہ لندن کے کچھ حصے تو ہندوستان یا پاکستان کے اردو علاقے لگتے ہیں ۔ ناروے سویڈن،
جرمینی، فرانس کے علاوہ کناڈا اور امریکا کے بہت سے شہروں میں اردو بولنے اور سمجھنے
والوں کی بڑی تعداد موجود ہے۔ اردو کے اخبارات و رسائل نکلتے ہیں۔ فرینکفرٹ اور
نیو یارک سے نصرت چھپتا ہے، اوسلو(ناروے) سے کارواں شائع ہوتا ہے انگلستان
سے ”جنگ“ اور ” وطن“ روزنامے نکلتے ہیں ٹورنٹو (کناڈا) سے سہ ماہی اردو انٹر
نیشنل اور شکاگو (امریکا) سے انگریزی میں اردو اسٹڈیز۔ صرف امریکا میں دس
یونی ورسٹیوں میں اردو کی تعلیم اور تدریس جاری ہے۔
ان علاقوں میں پیدا ہونے والے اردو ادب کی نوعیت اور پہچان کیا ہے ؟
سوال یہاں تعداد اور مقدار کا نہیں مزاج کا ہے یعنی یورپ اور امریکا کے اردو
ادب کے مزاج ، آہنگ ، موضوع اور طرز ادا کے اعتبار سے کوئی الگ پہچان ہے۔
صورت حال کچھ دہلی سے ہجرت کر کے لکھنؤ جانے والے اردو شاعروں اور ادیبوں
کی ہے کہ ان میں سے اکثر کی ادبی تربیت تو اپنی آبائی سرزمین ہی میں ہوئی تھی ۔
شروع شروع میں یا د وطن کا عنصر اور تقلید روایت کا رنگ بھی زیادہ نمایاں تھا
پھر دھیرے دھیرے لکھنو نے اپنا رنگ خود ڈھونڈھ لیا اور اپنی پہچان خود بنالی۔
یہی حال کچھ ہندوستان سے پاکستان جانے والے اردو ادیبوں کا بھی ہوا گو یہاں
فرق یہ تھا کہ اس ہجرت سے قبل بھی ان علاقوں میں اردو ادب کا چرچا تھا اور
ان کی ادبی روایت بھی تھی۔
یہی صورت حال اب لندن، امریکا اور کناڈا کی بھی ہے۔ جو لوگ یہاں ادب کی صف
اول میں ہیں انھوں نے شعر و ادب کا سلسلہ اپنے آبائی وطن میں شروع کیا تھا۔
مگر کیا یہ محض اتفاق ہے کہ عصر حاضر کا عظیم ترین صاحب اسلوبے نگاران دنوں
لندن میں مقیم ہے اردو شرنے ایسے معجزے کم دیکھے ہیں اور ان معجزوں میں کچھ حصہ ضرور مغرب
کی ژرف نگاہی بلکہ شرف نگاری کا بھی ہے عہد جدید کی دین ہے ہمہ جہتی انداز ذراسی
بات میں ہزاروں نت نئے پہلو پیدا کرنا اور اس کے ذریعے ہر سمت میں تخیل کے دروانے سے
کھولنا، اور یہی کیفیت ہے مشتاق احمد یوسفی کی تحریروں کی جنھیں صرف مزاح نگاری کے
ضمن میں رکھ کر فراموش نہیں کیا جاسکتا کہ اس میں آگہی اور بصیرت ہی نہیں ادبی اسلوب
کی رمز شناسی اور تہہ داری بھی موجود ہے۔
شاعری کی دنیا میں آئے تو ایک چھو ڑ سات آٹھ نام ذہن میں یورش کرتے ہیں
امریکا میں منیب الرحمان ہیں جنہوں نے حال ہی میں اپنا نیا مجموعہ کلام شائع کیا ہے
اور یہ نظمیں نئی حسیت اور نئے طرز کلام سے معمور ہیں۔ منیب الرحمان ادب کے پرانے
کو چھ گر رہیں اور ہر بار نئے طرز احساس سے اپنے شعر کو بار آور کرتے ہیں، یوں کہا جائے
تو بے جانہ ہوگا کہ راشد کی فکر سے مریضانہ عناصر نکال کر اس کی آفاقیت کو اپنانے
والے شاعر کا نام ہے۔ غیب الرحمان جو اوک لینڈ یونی ورسٹی راجپٹر میں مقیم ہیں اور اس
اقامت نے فکر وفن میں نئے گل بوٹے کھلائے ہیں۔
لندن میں اردو شاعری کا چرچا شروع کرنے والوں کی غالباً ابتدائی نسل میں
بخش لائل پوری ہیں جنھوں نے حال ہی میں ” لہو کا خراج ، کے عنوان سے اپنا مجموعہ
شائع کیا ہے محنت کشوں کی صف سے ابھرنے والے اس شاعر نے رومانی کے بجائے
استحصال دشمن شاعری کو اپنایا اور مقاومت اور مزاحمت کے تیور کے ساتھ تعمیر ہوئے۔
فارغ بخاری کو قسمت نے لندن جا بسایا۔ ان کا ترقی پسند ماضی ان کے ساتھ تھا
اور ان کی شاعری میں نیا احساس ابھرا ہے۔ ان کی شاعری میں لندن کی مہاجر زندگی میں
جو رنگ پیدا کیا ہے اس کا اندازہ اس قسم کے اشعار سے ہو سکتا ہے :۔
آنے والی نسلیں بزرگوں سے اتنا تو پوچھیں گی
کیسے لوگ تھے کون تھے آخر کیوں وہ یہا سے چلے گئے
اب تو یوں لگتا ہے فارغ کہ عیاذ باللہ جیسے اسلام یزیدوں کے لئے آیا ہو
احمد فراز رومان اور احتجاج کے شاعر کی حیثیت سے معروف ہوئے۔ ان کی جڑیں
دوسرے شاعروں سے کہیں زیادہ کلاسیکی مزاج میں پیوست ہیں لیکن مغربی فکر نے ان
کی شاعری میں زیادہ تندی اور کاٹ پیدا کی ہے۔ ان کی شاعری میں صلابت اور نئے پن
دونوں کا اضافہ ہوا ہے۔ اس اجمال کی تفصیل خاصی طولانی ہے لیکن اس میں شبہ
نہیں کہ احمد فراز کی شاعری میں روایت کے ساتھ ساتھ بانکپن کی بھی ایک تہہ کا اضافہ
ہوا ہے اور عین ممکن ہے کہ یہ مغرب کی دین ہو۔
پھر زہرہ نگاہ ہیں جن کا نیا مجموعہ چند سال پہلے شائع ہوا ہے۔ زہرہ نگاہ کی شاعری
میں نغمگی، شیرینی، نزاکت تخیل کی تلاش تو تھی لیکن سیاسی اور سماجی علوم سے باخبری
یہیں پیدا ہوئی ہے ایران پر نظمیں ہوں یا سار ترکی محبوبہ پر ان
کی نظم یا بے آسرائیڈ کی
کی شعری محاکات ، ان میں مغرب کی دردمندی نے شعری اظہار پایا ہے۔
ساقی فاروقی مدتوں سے لندن میں ہیں۔ یورپ کی شاعری کے رنگ و آہنگ سے انھوں نے
مصوری کے انداز شاعری میں برتنے سیکھے ہیں اسی لئے ان کی غزلوں، نظموں میں مصور کے
رنگوں کی سی شفافیت اور لطیف تاثر پاروں سے مرقع سجانے کا ہنر ہے ۔ ان کا کلام لفظوں
سے زیادہ نازک تصویروں اور امیجری سے سجا آئینہ خانہ لگتا ہے۔
افتخار عارف اردو مرکز کے منتظم کی حیثیت سے لندن آئے۔ یہاں ان کی شاعری ہیں
طویل بحروں میں گفتگو کے انداز کا بے تکلف آہنگ پیدا ہوا۔ پہلے پہلے ان کے یہاں
احتجاج کا رنگ نمایاں تھا مگر اب ان کی شاعری کا مختلف انداز ہے، روش عام سے ہٹی
ہوئی شعریت ہے جو غزل کے روائتی اشعاروں اور بحور و اوزان کی عمومی جھنکار سے
الگ ہے اور یہی گھردرا پن اس کی دل کشی ہے اور یہ بھی مغرب کی دین کہی جاسکتی ہے۔
سوہن راہی نے گیتوں میں اپنی انفرادیت پیدا کی ہے۔ عباس اطہر نے سیاسی
شاعری کو پورے جوش و خروش کے ساتھ اپنایا ہے۔ موج فرازی نے غزل ہی کے
کلاسیکی اسلوب کو نکھارنے کی کوشش کی ہے۔ اطہر راز اور بلیل کا شمیری نے مزاحیہ
شاعری کو اپنایا ہے۔ لندن میں ابرار الحسن اپنا مجموعہ شائع کر چکے ہیں جو فکر اور پیرا یہ بیان
کے اعتبار سے نیا ہے۔ مجیب ایمان نے حال میں اپنا مجموعہ کلام شائع کیا ہے۔ دیوان
صاحب نے اپنا دیوان اور جو ہر زاہدی نے شعرائے لندن کا تذکرہ۔
کناڈا میں اشفاق حسین نے اپنی شاعری کی بنیاد تجربے کی ندرت پر رکھی اور
یہ تجربات اپنے وطن کے کلاسیکی روایات سے چھوٹ کر مغربی تہذیب کے سیاق و
سباق سے جڑنے کی کشاکش سے حاصل ہوتے ہیں اور اس اعتبار سے اس میں ایک
نتی درد مندی بھی ہے اور نئی آگہی بھی جسے اشفاق نے اردو شاعری کے کلاسیکی
پیکر میں ڈھالا ہے۔
خالد سہیل نے شاعری اور افسانے دونوں عہد جدید کے اقداری بحران کو موضوع
بنایا ہے اور بدلتے ہوئے تہذیبی پس منظر سے ابھرنے والے سوالوں کو عقل اور استدلال
کے ساتھ تعصب اور روایتی شرم و حجاب کے بغیر پوچھنے اور انھیں حل کرنے کی کوش
کے دوران اپنا لہجہ اور مختلف انداز بیان پایا ہے جو امکانات سے لبریز ہے۔
عبدالقوی فقیا کی شاعری میں البتہ کلاسیکی ضبط و نظم کا زیادہ احترام ہے . وہ
روانی اور شستگی کو اہمیت دیتے ہیں اور روایتی انداز میں انفرادی واردات کی
رنگینی اور سنگینی کو ڈھال کر غزل کا آہنگ عطا کرتے ہیں۔
نیو یارک میں حمیرہ رحمان نے اپنا مجموعہ اندمال، شائع کیا ہے جس میں پرانے
طرز سخن اور نئے طرز اظہار کی آمیزش ہے۔ ظفر زیدی نے شاعرانہ روایت قائم کی تھی
اس راہ پر یہ اگلا قدم ہے۔ نیو یارک ہی کے ایک اور خوش کلام شاعر ہیں تسمح بارہ بنکوی ۔
مونٹریل میں فاروق حسن ہے جو شاید اس دور اور اس علاقے کی سب سے اہم شعری
آواز ہیں۔ ان کی نظموں میں تعمیر و تشکیل کا جو سلیقہ اور ترتیب کا جو حسن ہے وہ آج کی
اردو شاعری کے لئے متاع بے بہا ہے۔ تجربے اور فکر کا جو ارتکاز اور تنظیمی ارتقا کا جو
تیکھا پن ان کی نظموں میں ہے وہ خاصے کی چیز ہے اور تجربات کے موضوعات اور
تکنیک کی تہہ داری اور ہمہ جہتی مغربی انداز کی ہے مگر جس طرح اردو شاعری میں کھپ گئی
ہے وہ ان کی شاعری کو دور حاضر
کی اہم دریافت کا درجہ دینے کے لئے کافی ہے۔
ایران میں مقیم علی ظہیر نے اپنا یا مجموعہ کلام ' انگلیوں سے خون، حال میں شائع
کیا ہے جس میں مذہبیت، اور مذہبی اساطیر کا رنگ زیادہ گہرا ہے اور غزلوں میں
زیادہ اور نظموں میں کم متوجہ کرنے والے اشعار ملتے ہیں۔
ناول اور افسانے میں چند نام ہیں مگر اہم نام ہیں۔ ناروے میں سعید انجم اور
ہر و چون چاولہ، برطانیہ میں عبداللہ حسین مصطفے کریم ۔ قیصر تمکین اور فیروز مکر جی ، برینی
میں راکٹر منیر احمد، اسد مفتی اور ظہیر بٹ، کناڈا میں خالد سہیل اور دبئی میں نجم احسن
رضوی
ظاہر ہے ان میں سب سے اہم نام عبداللہ حسین کا ہے جن کے ناول ” اُداس
نسلیں نے کلاسیک کا درجہ حاصل کر لیا ہے۔ عبداللہ حسین کے فکر و فن پر چند سطروں میں تبصرہ
کرنا ممکن نہیں لیکن ظاہر ہے کہ عبداللہ حسین کے فن پر واضح مغربی اثرات موجود ہیں؛ اداس
نسلیں، کے بعد نشیب، اور گدھا دونوں میں مغربی فکر نے نہ صرف مسائل کی نوعیت کے
اعتبار سے مگر پیرا یہ اظہار اور تکنیک کے اعتبار سے عبداللہ حسین کو متاثر کیا ہے۔ یہاں محض
ماحول سے اجنبیت یا تہذیبی شخص کے ٹکراؤ کا سوال نہیں ہے بلکہ انسان کے بحیثیت فرد
اور محض معاشرے کی تکمیل کا مسئلہ در پیش ہے اور اس مسئلے کے وہ پہلو سامنے آئے
ہیں جو مغربی تہذیب، ادراک اور تفاول بھی حل نہیں کر سکے ہیں۔
سعید احجم کے ہاں اقتصادی طور پر خوشحال ملکوں میں ہجرت کر کے آنے والے پس ماندہ
ملکوں کے نوجوانوں کی داستان بیان ہوئی ہے اور اس میں استحصال، زبان بندی اور
سماجی ناہمواری کے خلاف احتجاج ہے غصے اور مقاومت سے بھرا ہوا احتجاج اور انقلابی
آہنگ سے بھر پور احتجاج ۔
خالد سہیل تہذیبوں کے ٹکراؤ میں اُبھرنے والی اقدار کی کہانی کہتے ہیں۔ نوجوان مرد
اور عورتوں کے بدلتے ہوئے رشتے ہر سطح پر آزادی کے تغیر پذیر تصورات ان کی کہانیوں
کا تاروپود ہیں۔ خالد سہیل کے فن کا تصور مشرقی تہذیب کے چوکھٹے میں نہیں کیا جاسکتا۔
مصطفے کریم نے معاشرے کے دونوں پہلوؤں کو ملانے کی کوشش کی ہے۔ سیاست
اور فرد کی اپنی نفسیاتی اور داخلی سرگذشت کو ملا کر نیا افسانوی آمیزہ تیار کیا ہے
جس کا سب سے خوبصورت اظہار گرم دن میں ہوا ہے یا پھر گ گلوں میں۔
فیروز کر جی نے چند ہی افسانے لکھے ہیں لیکن بصیرت اور دردمندی کے ساتھ
لکھے ہیں انھیں مغربی نظر سے انسانیت کی ان بنیادی حقوق کی تلاش ہے جن سے ان
کے اپنے آبائی وطن کا معاشرہ محروم ہو چکا ہے اور اس معاشرے کو اقتصادی فلاح
حاصل نہیں ہوئی اس کی اپنی تہذ یہی طمانیت بھی چھن گئی ۔
قیصر تمکین پرانے لکھنے والے ہیں لیکن مدتوں خاموش رہنے کے بعد ایان کے پھر انھوں
نے ہندوستان کے واقعات پر اس تجزیاتی شعور کے ساتھ نظر ڈالی ہے جو اُنھیں
مغرب کی معروضیت نے بخشا۔ فرقہ وارانہ فسادات پر ان کا افسانہ و تنور، مغربی شعور
اور مشرقی اقدار کے استحکام اور انتشار کی داستان ہے جہاں سیاست صدیوں پرانے
رشتوں اور رابطوں کو تتر بتر کرتی ہے۔
ہر چرن چاور ناروے میں مقیم ہندوستانی ادیب ہیں۔ ان کا محبوب موضوع مغرب
میں آکر بسنے والے مہاجروں کی داستان ہے۔ وہ ہندوستان اور پاکستان کے لوگوں
کے دور دیار مغرب میں آبادکاری کے مسائل کو دردمندی کے ساتھ پیش کرتے ہیں۔
ان کہانیوں میں ماضی سے جڑنے کا ارمان بھی ہے اور ترقی یافتہ سماج کی برکتوں سے
فیض یاب ہونے کی خواہش بھی۔
دبئی کے نجم احسن رضوی بڑی ہنر مندی سے فرد کی اندرونی اور بیرونی زندگی کے
تطابق اور تضاد کو اپنی کہانیوں کا موضوع بناتے ہیں اور ان تجربات کی ان گنت
شکلیں اپنے افسانوں میں پیش کرتے چلے جاتے ہیں۔ یہ کہا نیاں گو ہندوستان اور
پاکستان کے پس منظر میں بھی لکھی گئی ہیں مگر ان کے پیچھے کار فرما شعور یقینا ان
ملکوں کے باہر کی آگا ہیوں سے منور ہے۔
شوی اور افسانوی ادب کے علاوہ تنقید انشائیہ، ترجمہ اور علمی اور صحافتی مضامین
لکھنے والوں کی بھی کمی نہیں ہے۔ نقی تنویر نے فلم اور فنون لطیفہ کی دوسری اصناف پر
خصوصی توجہ کی ہے معین الدین شاہ مختلف ادب پاروں پر اظہار خیال کرتے رہتے ہیں
مسعود منور نشر و نظم دونوں بڑی شگفتہ لکھتے ہیں اور رواں و شائستہ اسلوب میں
عصر ماہ کے مختلف مسایل کو پیش کرتے ہیں۔
چودھری محمد نعیم کا نام شمالی امریکا میں اردو کی تدریس ہی کے ساتھ نہیں ہر
قسم
کی تخلیقی اور تنقیدی سرگرمیوں کے ساتھ جڑا ہوا ہے ”اردو اسٹڈیز میں ادب کے
متعلق سنجیدہ تحقیقی اور تنقیدی مضامین انگریزی میں شائع ہوتے ہیں اور ان کی
تحریروں سے مشرقی ادب اور مغربی انداز نظر کا امتزاج ہوتا ہے۔ بیدار بخت انگریزی
میں اردو کے نمایندہ ادب پاروں خصوصا نظموں کا ترجمہ کرتے رہتے ہیں۔
غرض یورپ اور شمالی امریکا میں ایک نئے ادبی دبستاں کا آغاز ہو چکا ہے جہاں
پیدا ہونے والا ادب پاکستانی اور ہندوستانی اردو ادب سے الگ اپنی پہچان بنا
رہا ہے موضوعات کے اعتبار سے بھی اس میں نیا پن ہے زیادہ جدید اند از نظر اور طرز
احساس ہے اور اسلوب کے اعتبار سے بھی اسے انفرادیت حاصل ہونے لگی ہے۔
زیر نظر مقالہ اس نئے دبستان کی محض نشان دہی ہے۔ ضرورت ہے کہ زیاد تفصیل
کے ساتھ اس نئے دبستان کے آثار و نقوش کو پہچانا جائے اور اس کا تنقیدی
محاکمہ کیا جائے۔",2444
P3_1987_046,Asri Adab,1987,Magazine,"زندگی کی نعمت سے ہر مخلوق بہرہ مند ہے اور انسان میں اس کی سب سے اعلیٰ فضل
حالت صورت پذیر ہوتی ہے لیکن اس افضلیت واولیت کے ساتھ انسان
کی ذمہ داریاں
بھی تمام مخلوق سے زیادہ ہیں اور اس کی سب سے بڑی ذمہ داری خود اپنی ذات کی تہذیب ہے۔
انسان اس فرض کے بار کو ہی برداشت کرنے اور پورا کرنے میں سب سے زیادہ قیمتیں محسوس
کر رہا ہے اور اس میں اُس سے بے شمار کوتاہیاں اور لغزشیں ہو رہی ہیں مفکرین اور
مصلحین ہر عہد میں پیدا ہوتے رہے ہیں جو ایک طرف انسان کو اُس کا فرض یاد دلاتے رہے
اور دوسری طرف ادائے فرض کی راہیں اور طریقے بتاتے رہے ۔ مگر انسانی فطرت اس قدر
پیچیدہ ہے اور اتنی گوناگوں حسیات اپنے اندر رکھتی ہے کہ عمل کی جو راہیں بھی اب تک
تجویز کی جا چکی ہیں اُن میں سے کسی ایک پر بھی عام انسان متفق نہیں ہو سکے ہیں اور تلاش
و جستجو کا سلسلہ ہنوز جاری ہے۔
زندگی کی جو اعلیٰ ترین کیفیت انسان میں جلوہ گر ہوئی ہے وہ اسی لئے ہے کہ انسان
اپنے ارادوں کو کام میں لاکر اپنی قوتوں کی تنظیم کرے اور اخلاق و کردار کے جو اصول معلمین
اخلاق و مصلحین پیش کرتے رہے ہیں ان سب کا مقصد صرف تنظیم حیات ہے۔ انفرادی
مذاق ورجحان کے شدید اختلافات کے باوجود "" فطرتِ انسانی کا جہاں تک تعلق ہے
اس میں سب ہی انسان یکساں متفق اور متحد ہیں۔ معیار حسن کے بارے میں سب مختلف
الخیال ہیں لیکن حسن سے وابستگی کا جذبہ ہر دل میں موجود ہے۔ راحت و آرام کا معیار و
اصول سب کا جدا گانہ ہے لیکن راحت طلبی ہر دل میں ہے۔ محبت کا اصول سب الگ الگ
ہے مگر محبت سے کوئی دل خالی نہیں ہے ، عزت و اقتدار کے لئے سب جدا جدا تصورات رکھتے ہیں
مگر اس کی تمنا سب کے دلوں میں موجزن ہے۔ دراصل فطرت انسانی کی اس بنیادی یکسانیت
کو پیش نظر رکھ کر ہی اخلاق و عمل کی راہیں تجویز کی گئی ہیں مگر دشواری یہ پیدا ہوتی ہے کہ صول
اخلاق تمامتر عقل و شعور سے وابستہ ہیں اور انسان کی فطرت کے جذباتی جزر و کا لحاظ اِن میں بہت
لم کیا گیا ہے اور اسی وجہ سے اُن کو قبول عام حاصل نہیں ہو سکا۔
کیا انسانی فطرت کے جذباتی جزو پر کسی نے جذباتی حیثیت سے نظر کی ہے ؟ غم والم کی
ستایش کرنے والا ناکامیوں اور نامرادیوں کو کامرانیوں پر ترجیح دینے والا، ہجر کو وصل سے
افضل بتانے والا، قہقہوں کو آنسووں پر قربان کرنے والا، آبادیوں کو ویرانیوں پر صدقہ کرنے
والا سوائے شاعر کے اور کون ہے ؟ صرف شاعر ہی ہے جو انسان کی ناکامیوں پر پہننے کے بجائے
اُن سے ہمدردی کا اظہار کرتا ہے اور کامیابیوں پر مغرور ہو جانے والوں کو تنبیہ کرتا ہے جو انسان .
کے دلی جذبات کا ترجمان ہے جو ہر جذبہ اور حالت کی صحیح اور سچی تصویر ہمارے سامنے پیش
کر دیتا ہے۔
لیکن یہ مہبط روح القدس خود کیا ہے ؟
شاعر ہوں میں شاعر ہوں میرا ہی زمانہ ہے
قدرت مرا آئینہ فطرت مرا شانہ ہے (جگر مراد آبادی)
شاعر کی تعمیر نفسی میں ماحول کے اثرات پرورش پاتا ہے یا تقلید کی تاریکی ہیں۔ ع
ہے مگر اس کی طبیعت کا تقاضہ تخلیق (اقبال)
ماحول کے اثرات
انسانی افکار استخیلات اور عقاید کی تعمیر میں انفرادی رجحان طبیعت کے بعد سب سے بڑا
حصہ ماحول کے اثرات کا ہے۔ انسان ابتدائی عمر سے جن باتوں کو سنتا رہتا ہے ، جن امور کو
دیکھتا رہتا ہے، جو خیالات اس کے سامنے بیان کئے جاتے ہیں، جو اشیا و احوال اس کے
سامنے آنے آتے ہیں وہ اُن سے مانوس اور اُن کا خوگر ہو جاتا ہے اور پھر خود ہی اُسی طریقے
سے سوچنے لگتا ہے جیسا دوسروں کو دیکھتا ہے۔ جسن کا معیار، عشق کا احوال، اخلاقی قدریں، سماجی
شعور، مذہبی عقاید، سیاسی نظریات، سب کی تعمیر میں دوسرے اجزا کے ساتھ ماحول کے تعمیری
اثرات کا سب سے زیادہ حصہ ہے۔ ماحول انسانی شعور و ذہانت اور تفکر و تدبیر کے لئے ایک معیار
اور اصول کی حیثیت اختیار کر لیتا ہے اور اس معیار سے تجاوز کرنا سماج اور سوسائٹی سے بغاوت
کے مترادف ہو جاتا ہے۔ ماحول کی تربیت ہمارے مذاق طبیعت میں جس ترتیب اور تنظیم کو پیدا
کرتی ہے خود زندگی کا تمام نظم و اسلوب اسی پر مبنی ہوتا ہے۔ نیکی اور بدی میں تفریق حسن
اور بدروئی کے اثرات حسن معاشرت اور بدکرداری کے درمیان تمیز وغیرہ سب کا تعین
ماحول کے متعین کردہ نظام کے مطابق ہونے لگتا ہے۔
عہد کی تفصیل
اخلاق کا جو معیار اور زندگی کا جو اصول ایک عہد مرتب کرتا ہے اس کی بقا و ترقی تمامتر اسی
پر مرکوز و منحصر ہوتی ہے کہ اس کو اُس عہد و زبانہ کے تمام انسان معیار اور اصول کی حیثیت
میں قبول کرلیں کیونکہ اس کی تعمیر ہوتی ہی اس لئے ہے کہ اُس عہد و زمانہ کی ضروریات اس
کی متقاضی ہوتی ہیں۔ دراصل ایک عہد اپنے مخصوص طرز فکر و نظر اور طریق معاشرت ہی کے
مجموعے کا نام ہے۔ اُس زمانے کے لوگ خود اُس سے متاثر ہوتے ہیں اور پھر اپنے طریق عمل،
اجتہاد فکر اور ذوق تنوع سے اُس عہد کو متاثر کرتے ہیں۔ اور زمانہ ایک قدم اور آگے بڑھ جاتا ہے
ہر ماضی ایک مستقبل کی تعمیر کرتا ہے اور ہر عہد اپنے بعد آنے والے زمانے کو بناتا ہے۔ گذشتہ عہد
کے افکار اور طریقے موجودہ عہد پر اثر انداز ہوتے ہیں اور انسانی فکر و نظر درک و بصیرت اور غور و
تد تیر کے لئے نئی شاہراہیں پیدا ہونے کے ساتھ پچھلے عہد کی روایات اور طریقے بھی باقی رہتے ہیں
گذشتہ عہد کی تہذیب کا جز و صالح بہر حال قائم رہتا ہے اور جزو فاسد فنا ہو کر کسی دوسرے
طریقے کے لئے راستہ صاف کر دیتا ہے۔ انسان صدیوں سے انہی احوال سے متاثر ہوتا چلا
آرہا ہے اور اس میں شاعر اور غیر شاعر سب یکساں ہیں۔ شاعر چونکہ فطرتاً زیادہ حساس دل کا مالک
ہوتا ہے اسلئے وہ ماحول کے متذکرہ اثرات اور ان کے تغیرات سے اور بھی زیادہ متاثر ہوتا ہے۔
انگریز فلسفی جان لاک اور اس کے مقلدین ضمیر انسانی کو بھی حالات اور ماحول کی
پیداوار قرار دیتے ہیں کیونکہ ان کا نظریہ یہ ہے کہ انسان ایک بیرنگ و بوگولی Jabula
ہے اور فطرتا وہ کوئی مخصوص ذہنیت و فطرت رکھتا ہی نہیں۔ اس کی ذہنیت
کی تعمیر ماحول اور صرف ماحول سے ہوتی ہے۔ ایام طفولیت میں جس طرح ایک تہذیبی یا
معاشرتی نقطہ نظر کی تعلیم ہم حاصل کرتے ہیں بالکل اسی طرح مصلحت اندیشی ہمارے اندر
ایک مخصوص قسم کی شعوری بیداری پیدا کر دیا کرتی ہے جس کو ہم "" ضمیرہ کے نام سے موسوم
کرتے ہیں فرق صرف اتنا ہے کہ تہذیبی نقطہ نظر کو سیکھنے میں ہمارے پیش نظر فواید ومنافع
ہوتے ہیں اور ابتدائی زندگی میں جو سزائیں ہمیں اپنے سر پرستوں یا استادوں سے ملتی ہیں
وہ ضمیر کی تعمیر کرتی ہیں گویا خلقی اور جبلی ضمیر
GENERIC CONSCIENCE
کے وجود سے ہی اس طبقہ حکما کو انکار ہے۔ اس نظریے پر بہت اعتراضات کئے گئے ہیں میں
خود بھی اس نظریے سے اختلاف ہے
اس سے اتنا ضرور متبادر ہوتا ہے کہ ایک ذات کی تعمیر
میں ماحول نہایت اہم اثرات کا حامل ہے اور فلسفیوں کی ایک جماعت وہ بھی ہے جو تمام
تعمیر کو صرف ماحول سے ہی متعلق کہتی ہے۔ ساتھ ہی اس کو ملحوظ رکھنا ضروری ہے کہ
ماحول کے اثرات کو ہم بھی تعمیر ذات کا ایک ضروری اور لازمی جزو قرار دیتے ہیں لیکن
اس کو تمام فطرت ماننے سے انکار ہے۔
شعرائے سابق کے خیالات کے اثرات
شعر زندگی کی تفسیر ہے اور زندگی انفرادی ہو یا اجتماعی اپنے زمانے کے ماحول کی ایک متشکل
تعبیر ماحول ہر عہد کا جدا گانہ ہوتا ہے اور ایک عہد ماضی کے پیدا شدہ خیالات و نظریات اور مراسم و
رواج
کی تشکیل جدید اور ترتیب نو سے عبارت ہے۔ ایک شاعر اپنے افکار میں اُن اجزا سے بے نیاز
نہیں رہ سکتا جو شعرائے سابق کے افکار کا مرکز رہ چکے ہیں۔ نظریات ہوں یا طرز بیان تشبیہات
ہوں یا استعارات، عقاید ہوں یا تصورات ، وہ ان سب میں اگلوں کی تقلید آرتا ہے کیونکہ اُن کی جو
تصویر اس کے دماغ میں اس کے معلم اور مرتب خود شعرائے پیشن ہیں۔ ان کے افکار و خیالات اور طرز کلام
و اسلوب ادا ہی اس کی شاعرانہ ذہنیت کو ایک راہ پر ڈال دینے اور ایک طریقہ ارا تعلیم کر دینے۔
کا باعث ہوئے ہیں۔ مرزا غالب نے اسی لئے کہا ہے کہ : ے
نگویم تازه دارم شیوه جا دو بیانان را
ولے در خویش بینم کار گر جاوے تے آنان را
ریعنی میں یہ نہیں کہتا کہ میں نے جادو بیان شعرا کے طرز کو زندہ کر دیا ہے لیکن یہ ضرور ہے کہ
اُن کے جادو کو اپنے اندر پوری طرح اثر کیا ہوا اور کارگر پاتا ہوں۔)
الفاظ اور خیالات کا باہمی ربط
خیالات ہوں یا افکار، مشاہدات ہوں یا احوال، اُن
کی تشخیص و ادراک خود ہمارے لئے ناممکن
ہے جب تک ہم الفاظ میں انھیں بیان نہ کر سکیں۔ خیالات و مشاہدات کو الفاظ ایک معین و مشخص
صورت میں تبدیل کر دیتے ہیں۔ احوال و کیفیات کی تشخیص ان میں مزید وسعت ، گہرائی اور نزاکت
پیدا کرنے کا باعث ہوتی ہے اور اس طرح الفاظ ابتداء خیالات کا تعین و شخص کرتے ہیں اور
بعد میں مزید خیالات خود الفاظ سے پیدا ہوتے ہیں اور اسی وجہ سے ہر زبان میں الفاظ اور
اصطلاحات کا سرمایہ روزانہ ترقی کر رہا ہے۔ ایک نسل الفاظ و اصطلاحات کا ایک سرمایہ جمع
کرتی ہے جس کے ذریعے سے اس کے خیالات آنے والی نسل کو معلوم ہوتے ہیں اور الفاظ کے
ساتھ یہ خیالات بھی ورثے میں ملتے ہیں اور پھر وہ خود اُن میں اضافہ کرنے لگتی ہے مگر وہ جس طرح
الفاظ، اصطلاحات، تشبیہات اور استعارات وغیرہ کو لیتی ہے اسی طرح خیالات کو بھی اخذ
کرتی ہے اور گویا ہر عہد کے شعرا اپنے سے پہلوں کے خیالات، عقایدا اور تصورات سے بغیر ارادے
کے متاثر ہوتے چلے آئے ہیں اور ہمیشہ ہوتے رہیں گے ۔ ان مقدمات کے پیش نظر شاعر کی ذہنی تعمیر
جن حالات میں ہو تی ہے اور اس کے جو کچھ اثرات ہو سکتے ہیں اُن پر اگر غور کر لیا جائے تو پھر
شعر اور شعرا کے متعلق ہمیں ایک دوسرا ہی زاویہ نظر اختیار کرنا پڑے گا۔
انفرادیت : شخصیت کی تعمیر میں ماحول کے اثرات سے زیادہ شخصی انفرادیت کار فرما ہوتی
ہے اور ایک ذات جن رجحانات کو اپنے ساتھ لے کر عالم وجود میں آتی ہے وہی اس کے باعث
ہوتے ہیں کہ ماحول کے گوناگوں اور صد رنگ احوال میں سے وہ اپنے فطری مذاق طبیعت کے
مطابق صرف چند سے تاثرات قبول کرے۔ ماحول کے اثرات فطری صلاحیتوں میں ایک روشنی
اور زندگی پیدا کر دیتے ہیں ورنہ کوئی ایسی چیز کسی ذات میں پیدا کرنا جس کی صلاحیت اس میں
فطرتاً موجود نہ ہو ما حول کے لئے ناممکن ہے۔
تعمیر
شخصیت کے اجزائے ثلاثہ
مزاج کا ئنات جدت آشنا اور جرت عبارت ہے تنوع ہے۔ اس کائنات کی تمام رونق اور سارا
مندع حسن و زیبائی اسی تنوع اور جدت کا مرہون منت ہے اور ہزاروں سال گزر جانے کے باوجود
یہ کائنات اسی تنوع کے باعث آج تک جوان ہے۔ انسان جس قدر اس تنوع سے متاثر ہوا ہے اس
سے کہیں زیادہ اس نے اپنی جدت آفرینیوں سے دنیا کو متاثر کیا ہے اور اگر ان تمام جدت طرازیوں
کی مکمل تحلیل اجزا کی جا سکے تو صاف نظر آ جائے گا کہ کسی عہد میں جب کوئی بڑا اور مہتم بالشان
کارنامہ کسی ایک شخص نے انجام دیا ہے تو اس کی ابتدا اس سے بہت پہلے کی جا چکی تھی اور مختلف
دماغوں میں اس کے اثرات موجود تھے اور سوسائٹی نہ صرف اس آخری کارنامے کو قبول کرنے کے لئے
تیار تھی بلکہ خود اس کی طالب اور خواہش مند تھی۔ اس کی صورت یہ ہوتی ہے کہ ایک خیال ایک دماغ
میں پیدا ہوا اور اس نے اس کے چند ابتدائی نقوش کو ترتیب دے کر چھوڑ دیا، بعد میں کسی نے
اُس کو کچھ اور آگے بڑھایا اور پھر ایک شخص کو قدرت نے پیدا کیا اُس نے اُس کو دیکھا اور اس حد تک
متاثر ہوا کہ اُس کی مزید ترتیب و تہذیب کرنے کی جانب متوجہ ہو گیا۔ اس کے اس کارنامے میں
تین اجزا نے مشترکہ طور پر اس کی مدد کی ہے۔ پہلا خود اُس کا مذاق طبیعت اور رجحان طبعی۔ دوسرا
وہ ماحول جس میں اُس کی پرورش ہوتی ہے اور جہاں اس کے فطری رجحانات نے نشو و نما پاتی ہے،
تیسرے ضروریات وقت اور اس کے عہد کے مذاق کا احساس، اور دراصل یہی وہ اجزائے ثلاثہ ہیں
جو کسی شخصیت کی تعمیر کرتے ہیں۔
اہل نظر :۔ انسانی خیالات و اعمال
کا یہ تدریجی ارتقا معاشرے کو اس طرح متاثر کرتا رہا ہے کہ
کسی ایک عمل یا تخیل کی ابتدا معلوم کرنا تقریباً محال ہے کیونکہ خیالات و اعمال میں ترقی کی رفتار
تدریجی اصول ارتقا کے لحاظ سے اتنی شست رہی ہے کہ عام طور پر تقریبا غیر محسوس ہے مگر قدرت
ایسے نازک دماغ اور باریک بین نگاہیں بھی ہر عہد میں پیدا کرتی رہی ہے جو ان غیر محسوس احوال و
کیفیات کو ایک معقول حد تک دیکھ اور سمجھ سکیں اور یہی وہ دل و دماغ ہوتے ہیں جو اپنے عہد کی
روح کہلاتے ہیں۔ اور شاعر اپنے تربت احساس ، رنگینی خیال، پاکیزگی تفکر، صداقت تجس
وسعت نظر، جودت طبع اور ذوق سلیم کے باعث اسی زمرے میں شامل ہوتا ہے۔
جس طرح سینہ کا ئنات لا تعدا د رازی کا امین ہے اسی طرح انسان کی قوت تجسس اور ملکہ فکر
لا محدود ہے۔ قدرت کی بیخششیں اسی لئے را ز بنائی گئی ہیں کہ انسان خود اُن کو تلاش کرے اور فطرت
کے عطا کردہ ان خزائن ودفائن کو نکال کر منظر عام پر لے آئے مگر چونکہ ان رازوں کی تشہیر عام قدرت
کو منظور نہیں ہے اس لئے صرف چند اہل بصیرت کو وہ فکر و نظر عنایت ہوا کرتی ہے جو انکو دریافت کر گئیں۔
انسانی صلاحیتیں اور ماحول کے اثرات
جبن طاقتوں کا مظاہرہ انسان اپنے مختلف مدارج زندگی میں کرتا ہے وہ سب ابتدار صرف
صلاحیتیں ہوتی ہیں جو ایک ذات اپنے ساتھ لے کر معرض وجود میں آتی ہے اور پیم و متواتر عمل ان
صلاحیتوں کو طاقت میں تبدیل کرتا چلا جاتا ہے مگر یہ تمام عمل عام طور پر منحصر ہوتا ہے اس ماحول
پر جو اس ذات کو میسر آجاتا ہے۔ ماحول میں تعلیم و تربیت، صحبت اور سوسائٹی، واقعات و
حالات زندگی وغیرہ سب ہی شامل ہیں اور ان سب کے مجموعی اثرات ہی مل کر ایک ذات کی
تہذیب و تربیت کرتے ہیں۔ صلاحیتوں کی ترقی اس طرح ہوتی ہے کہ ایک ذات کو وہ اسباب
عوامل اور موثرات مل جائیں جو اُس کی توجہ کو ایک مخصوص جانب مرکوز کرنے کا باعث ہو جائیں
اور اس طرح رفتہ رفتہ شعور میں ایک بیداری پیدا ہوتی چلی جائے۔ جتنی جتنی ایک قسم کی صلاحیتیں
ترقی کرتی ہیں اس کی مخالف قسم کی صلاحیتیں اور زیادہ مضمحل ہوتی چلی جاتی ہیں اور یہ خود اس
کا باعث ہو جاتا ہے کہ پہلی قسم کی صلاحیتیں اور زیادہ تیزی اور قوت سے اُبھریں، نشو و نما پائیں
اور بالاخر ایک ذات کا کوئی مخصوص طرز فکر و اسلوب نظر پیدا کر دیں اور اس اس کی تمام دماغی
صلاحیتیں اسی ایک نقطہ پر مرکوز ہو کر رہ جائیں۔
موزونیت طبع
شاعرانہ فطرت کی جو چیز سب سے پہلے نمایاں ہوتی ہے وہ موزونیت ہے۔ بیچ سے پہلے معمولی آواز
اور ترتم میں امتیاز کرنا سیکھنا ہے شاعرانہ فطرت اس امتیاز کو دوسروں سے زیادہ اہمیت دیتی ہے
اور اس کوشن کر جو کیف و حظ اس کو ملتا ہے دوسرے اس کو نہیں پاسکتے اور اس کا باعث یہ ہے کہ
ترنم اور راگ راگنی میں ایک مخصوص آہنگ ، ترتیب اور موزونیت ہوتی ہے جو اس کے ساتھ ایک
فطری مناسبت رکھتی ہے اس لئے وہ اپنے آپ کو اس سے متعلق پاتا ہے۔ آوازوں کے درمیان اس
امتیاز سے ایک جانب قوت تمیز میں ایک زندگی پیدا ہوتی ہے اور دوسری جانب صرف آوازوں سے
گزر کر اصل کلام میں موزونیت اور غیر موزونیت کے درمیان فرق کو وہ نمایاں طور پر سوس کرنے
لگتا ہے ۔ کلام موزوں کو سن کر اس کو اپنے فطری مذاق کے مطابق پاتا ہے اور اُس میں ایک کیف و
لذت کو محسوس کرتا ہے۔ جو صلاحیت وہ اپنے ساتھ لے کر عالم وجود میں آیا تھا ماحول سب پہلے اس
کو ایک محسوس شکل میں اس کے سامنے پیش کرتا ہے فطرت کا ایک غیر شخص عطیہ ماحول کی مدد سے
ایک معین صورت میں تبدیل ہونے لگتا ہے کیونکہ ہماری تمام فطری صلاحیتیں جب ہی تعین تو شخص
سے نا آشنا رہتی ہیں خواب ہائے ۔ بے تعبیر سے زیادہ نہیں ہیں
لطافت
کلام موزوں اور نشر کے درمیان تفریق اس کے احساسات میں لطافت کی صلاحیت کو بیدار
کرنے کا باعث ہوتی ہے اور دراصل یہی وہ قوت ہے جو آینده نشو و نما پا کر شاعر کی تمام دیگر ذہنی
قوتوں کے لئے سنگ بنیاد کا کام دیتی ہے بلکہ اگر یہ کہا جائے تو بھی صحیح ہو گا کہ شاعر کی پوری زندگی
صرف اسی صلاحیت کے ارتقا سے عبارت ہے کیونکہ صرف لطافت ہی ایک ایسا عنصر ہے جو ایک
شاعر کے مطالعے، تفکر اور بیان تینوں میں یہاں جاری وساری رہتا ہے۔ اس صلاحیت کی بیداری
در اصل اس شاعر کی بیداری ہے جو ایک ذات میں پوشیدہ ہوتا ہے اور جب یہ صلاحیت بھر آئے تو
پھر ما حول کا اثر و عمل پوری قوت سے کام کرنے لگتا ہے کیونکہ ماحول کا کام صرف ذہنی تحریک
پیدا کرنا ہے۔ اس وجہ سے صلاحیت لطافت کی بیداری کے بعد ماحول کی
پیدا کردہ ہر تحریک اس صلاحیت میں مزید قوت کا باعث ہوتی ہے اس لئے اب سامنے آنے والی
اشیا و احوال کو وہ جس نظر سے دیکھتا ہے اس کا جزو غالب لطافت ہوتی ہے۔ اس کے ساتھ ہی اس
کے اندر اس کیف و لذت کو حاصل کرنے کے لئے ایک شوق پیدا ہو جاتا ہے اور وہ ماحول سے ان
اجزا کو تلاش کرنے لگتا ہے جو اس میں وہی کیف و سرور پیدا کر سکیں۔ وہ شعرا کا کلام پڑھتا ہے
اور یاد کرتا ہے۔ وہ محن و تریم کو شنتا اور اس سے لطف لیتا ہے اور پھر خود بھی ان سب کی نقل
اُتارنے کی کوشش کرتا ہے۔
شوق
شوق فطرت کا ایک نہایت ہی گراں بہا عطیہ ہے۔ کیونکہ یہ اور صرف یہ وہ جذبہ وحالت ہے
جو دماغ کی متعدد طاقتوں اور ذہن کی مختلف صلاحیتوں کو ایک مرکز پر جمع کر دیتا ہے حصولِ مقصد کے
لئے ایک جوش اور ولولہ کی تخلیق کرتا ہے اور تلاش و جستجو کے مشکل ترین مراحل کو آسان اور ڈسپ
بنا دیتا ہے۔ شوق جستجو کے لئے خود ہی راہیں پیدا کرتا ہے اور پھر خود ہی ان میں رہبری کرتا ہے۔
حضرت امیر خسرو نے اسی لئے کہا ہے کہ : ہے
سیل بے رہبر بدریا می رساند خویش را
شوق در مهردل که باشد ر میرے در کار نیست
ر سیلاب بغیر کسی رہبر کے خود اپنی اپنے آپ کو سمندر تک پہنچا لیتا ہے کیونکہ شوق
جس دل میں موجو نہ ہو اس کو کسی رہبر کی ضرورت نہیں ہوتی ۔)
مطالعے کے نفسیاتی اثرات
اس لئے شوق کی رہنمائی میں وہ فطری شاعر آگے بڑھتا ہے اور شعرائے سابق کے کلام کا
مطالعہ شروع کر دیتا ہے۔ اس مطالعہ میں جو چیز سب سے پہلے اس کے لئے جاذب توجہ ثابت ہوتی
ہے وہ کلام میں برجستگی اداء اور رنگینی ہے۔ یہ اجزا اس کے احساس لطافت کے نشو و نما کے لئے
نتی را ہیں پیدا کر دیتے ہیں اور اس کی فکر ابتداء ان اجزا کا احاطہ کر لینے میں ہی منحصر ہوتی ہے ۔
خیالات کی وسعت اور گہرائی ابھی اُس پر اثر نہیں کرتی صرف حسن بیان اس کا مطمح نظر ہوتا ہے
اس کا ایک بڑا فائدہ یہ ہوتا ہے کہ مذکورہ صلاحیت لطافت کو مزید نشو و نما کا موقعہ مل جاتا ہے اور
وہ لطافت سے گزر کر رعنائی کے حدود میں داخل ہو جاتی ہے نیز برجستگی ادا اور موزونیت کلام
کا اثر اس کی ذہنی تعمیر میں جودت طبع پیدا کرنے کا باعث ہو جاتا ہے۔ شاعر کی تمام دیگر قوتوں کو
یہ لطافت و رعنائی اپنے احاطے میں لے لیتی ہے اور اس کی فکر و توجہ اور مطالعہ و نظر کے لئے ایک
مرکز کا سا کام کرنے لگتی ہے۔ اس سے آگے بڑھ کر یہی لطافت اس کے احساسات میں پاکیز کی
اور نہ بہت پیدا کرنے کا باعث ہوتی ہے۔ ابتداء صرف ایک تو جہ اور ایک ذہانت تھی جو مناسب
ماحول مل جانے کے باعث شوق میں تبدیل ہو گئی شوق کی ترقی کا میدان لامحدود ہے کیونکہ شوق
بڑھ کر ایک جوش کی کیفیت میں تبدیل ہو جاتا ہے اور جوش ترقی پا کر انہماک استغراق اور بالآخر
عشق کی مختلف اور متنوع حالتوں کو اختیار کرتا چلا جاتا ہے مگر ان تمام مختلف حالتوں کی آبیاری ماحول
کے ذریعہ سے ہوتی ہے۔ خلقی اور طبعی صلاحیتوں میں بیداری اور زندگی پیدا کرنا اور بعد میں ان کے اثر و
عمل کے لئے میدان مہیا کرنا ماحول ہی کے ذریعہ سے ممکن ہے۔ یہ شوق اور جوش خود اپنے لئے ماحول
تلاش کرتا ہے اور سب سے پہلے دوسرے شعرا کے کلام کا مطالعہ شروع ہوتا ہے اور اس کا اثر براہ راست
فکر و نظر اور اخلاق و عمل پر پڑنے لگتا ہے کیسی مصنف کے یہاں جب ہم کسی مسئلہ کی تحقیق پڑھے
ہیں تو علاوہ اس مسئلہ کے متعلق معلومات فراہم ہونے کے مصنف کے طرز فکر اور اسلوب بیان سے
کبھی باشعور طور پر اور کبھی غیر ارادی طور پر لا زیا متاثر ہوتے ہیں۔ یہ تاثر ایک طرف خود اصل مسئلہ
کے رد و قبول پر اثر انداز ہوتا ہے اور دوسری جانب ہماری ذہنیت پر اپنا ایک اثر نقش چھوڑ
جاتا ہے جو ہمارے فکر و نظر میں کبھی تنوع کبھی بلندی اور کبھی وسعت پیدا کرنے کا باعث ہوتا ہے
اس طرح ہمارے ذہن کو حسن و خوبی کا ایک معیا ر مل جاتا ہے کہ آیندہ مطالعے میں بلندی و
پستی
کو غیر شعوری طور پر ہم اسی معیار سے جانچنے لگتے ہیں اور جب اس سے بہتر کوئی دوسرا کلام سامنے
آتا ہے تو ہمارے پہلے معیار سے ہمیں ایک منزل اور آگے بڑھا دیتا ہے نگر ہمارے قومی درمانی پر
یہ تمام اثر و عمل صرف ان صلاحیتوں کے ماتحت ہوا کرتا ہے جو ہمارے اندر موجود ہوں۔ مثلاً
ایک شخص فلسفیانہ اور منطقی طرز بیان اور استدلال سے متاثر ہوتا ہے. دوسرا شاعرانہ اور تیسرا خطیبانہ
طرز کلام سے ، تو اس کی وجہ خود متاثر ہونے والے کی اپنی فطری صلاحیت اور طبعی رجحان ہوتا ہے
بیرونی اثر ان خوابیدہ طاقتوں کو زندگی اور بیداری دینے کے ساتھ اس شعور کو بھی تحریک میں لانے کا
باعث ہو جاتا ہے جو دماغ کو اسی میں منہمک اور مستغرق کر دے۔ گویا ان صلاحیتوں کی بیداری خود
ان طاقتوں کے لئے ہمارے اندر ایک طرح کا جذبہ پیدا کر دینے کا باعث ہوتی ہے اور اس جذبے
کے پیدا ہو جانے کا اثر یہ ہوتا ہے کہ صرف ایک ہی قسم کی ذہنی قوتیں نشو ونما پانے لگتی ہیں اور
تروسری متعدد صلاحیتیں افسردہ ہو کر رہ جاتی ہیں۔
شاء کے تصورات میں مرکزیت
انسانی فکر و نظر تصویر و تخیل، مطالعہ کا ئنات و بصیرت اور کلام و بیان کے حسن و خوبی
کے
مجموعہ سے شعر عبارت ہے اور جب ایک لطیف الاحساس، ذکی الطبع اور سلیم الفطرت ہستی
انسانی تخلیق کے اس مکمل ترین مظہر حسن و جمال کے مطالعے کو اپنا مشغلہ زندگی بنا لیتی ہے
تو اس کا لازمی انجام و اثر یہ ہوتا ہے کہ وہ حسن خود اس کی ذات میں جمالیاتی ذوق کو ایک
خاص نہج واسلوب سے ترقی دینے کے ساتھ مرتب و منظم کرنے لگتا ہے۔ تو جہ میں بیداری شعور
میں زندگی اور شوق میں جوش کے ساتھ جب جمالیاتی ذوق تحریک میں آتا ہے تو یہ پوری
زندگی اور ساری کائنات اس کے لئے نغمہ و شعر بن کر رہ جاتی ہے اور اس کے تفکر و تصویر
پر یہ ذوق پوری طرح حاوی ہوجاتا ہے۔ اس کا سماجی شعور، مذہبی عقاید اخلاقی قدریں ہسب
ہی اس سے متاثر ہوتے ہیں اور ان کی تفصیل و تفسیر وہ اسی نظر سے کرنے لگتا ہے ۔ وہ شعرائے سابق
کا کلام پڑھتا ہے تو اب اس کو وہاں حسن کی وہی تلاش ملتی ہے اور اُن کے مرتب کئے ہوئے حسن
کے کچھ مکمل نقشے اور کچھ نا مکمل خاکے وہ ان کے کلاموں میں پاتا ہے اور اس کا جمالیاتی ذوق
اس سب سے حددرجہ متاثر ہوتا ہے کیونکہ وہ اپنے نا محسوس تصورات کو یہاں تشکل و منضبط
پاتا ہے۔ اس کو ایسا محسوس ہوتا ہے کہ جیسے یہ خود اس کا تخیل ہے اور صرف اتفا قاکسی دوسرے
کی زبان سے ادا ہو گیا ہے۔
شاعر کی انفرادیت
شخص ایک مخصوص طرز فکر اور منفرد اسلوب نظر اپنے ساتھ لے کر آتا ہے اور پھر ساری زندگی اپنی
اسی انفرادیت کی پرورش و پرداخت میں صرف کر دیتا ہے تصورات و تخیلات اسی منفرد طریقے پر
بڑھتے اور ترقی کرتے ہیں۔ اُن کی تمام وسعت اور گہرائی اسی انفرادیت کے زیر اثر ہوتی ہے سو چنے بھنے
اور غور کرنے کا ایک مخصوص و منفرد انداز ہوتا ہے۔ تصورات کے لئے ایک خاص لائن ہوتی ہے میں
کو عبور کر جانا اُس ذات کے لئے ناممکن ہوتا ہے اور یہی وجہ ہے کہ جب اپنی اس ذاتی اور
شخصی
انفرادیت کے مطابق وہ کوئی مضمون کسی دوسرے شاعر کے کلام میں پاتا ہے تو اس کی اپنی
ملکیت سمجھتا ہے کیونکہ اس مضمون کے تمام دوسرے گوشہ ہائے بحث و نظر اس کے سامنے
ہوتے ہیں جن کو اُس نے خود اپنی فکر سے حل کیا ہے۔ یہی وجہ تھی کہ مفتی صدرالدین آزردہ
کے سامنے جب غالب کا شعر
لاکھوں لگاؤ ایک پرانا نگاہ کا
لاکھوں بناؤ ایک بگڑنا عتاب میں
پڑھا گیا تو شعر کی بہت تعریف کی اور جب معلوم ہوا کہ شعر مرزا غالب کا ہے تو کہا کہ اس میں
مرزا کی کیا خوبی ہے یہ شعر تو ہمارے طرز کا ہے۔ آزردہ کے سامنے اُس وقت یہی اصول تھا کہ
اصل چیز کسی شاعر کے طرز فکر کا وہ سلسلہ ہے جو اس کے تمام تصورات اور تخیلات کو کسی ایک
مرکز سے وابستہ رکھنے کا باعث ہوا کرتا ہے۔ مرزا غالب کا طرز فکر عام طور پر فلسفیانہ ہے اور یہ
شعر اس زمرے میں داخل نہیں ہے۔
ایک حالت تو یہ تھی جو مرزا غالب اور مفتی صدر الدین آزردہ کے یہاں نظر آئی اور ایک
دوسری حالت جو اس کے بالکل برعکس ہے نہیں غنی کا شمیری کی شخصیت میں نظر آئی ہے
غنی کہتا ہے کہ ے
گر سخن از خود نداری به که بر بندی سان
تابکے چوں خامہ رانی حرف مردم بر زبان
( اگر تو اپنے آپ شعر نہیں کہ سکتا تو بہتر یہ ہے کہ خاموش رہ کیونکہ قلم کی طرح
دوسروں کا کلام کب تک اپنی زبان سے ادا کرتا رہے گا۔ )
یہ تو ایک اصول عام تھا جو بیان کیا گیا ہے دوسری جگہ خود اپنی ذات کے لئے کہتا ہے کہ
بر نداریم راشعار کے مضمون را
طبع نازک سخن کس نتواند برداشت
دمیں نے کسی کے اشعار سے مضمون نہیں لیا ہے کیونکہ طبع نازک کسی کی بات برداشت
نہیں کر سکتی )
ایک شعر میں اس پر زور دیا ہے کہ بہتر مضامین کو دہرانا بیکار ہے۔ کہتا ہے کہ ے
در مکر بستن مضمون رنگین لطف نیست
کم دید رنگ ار
کسے بندو جنائے بستہ را
ر مضمون رنگین کو دوبارہ باندھنے میں لطف نہیں ہے کیونکہ ایک بار کی لگائی ہوئی
مہندی کو دوبارہ پھر لگا لینے سے رنگ پیدا نہیں ہوتا ۔ )
سله
ذوق یم
انفرادیت کی ترقی کے معنی یہ ہیں کہ ایک شاعر کے طبعی رجحانات میں جمالیاتی ذوق اور طرز فکر و نظر
کے کیا کیا نہج واسلوب جذب ہو چکے ہیں اور ان سب نے مل کر اُس شاعر کی شخصیت کی تعمیر کن بنیادوں
پر کی ہے۔ ذوق سلیم اسی تعمیر شخصیت کے ارتقا کی آخری منزل ہے جہاں پہنچ کر پرسن و خوبی
براہ راست وجدان پر اثر کرنے لگتی ہے اور یہی ہے وہ مقام جہاں شخصیت کو اپنی قوتوں کا صیح
ادراک و احساس پیدا ہوتا ہے کیونکہ یہ ذوق ایک نور ہے جو شاعر کی پوری مہستی پر چھا جاتا ہے
اس کا شعور حسن و جمال کا ایک احساس بن کر رہ جاتا ہے اور زندگی و کائنات اس کے لئے ایک
مسلسل حسن بن جاتا ہے۔ اس مقام کے بعض احوال تو وہ ہیں جو کہ اپنی ذاتی تخلیقات کے
علاوہ دوسرے شعرا کا کلام دیکھ کر اس پر کیا کیا مختلف اثرات پیدا ہوتے ہیں اور اسی احوال
کی ایک کیفیت کو مرزا صاحب نے پیش کیا ہے کہ : 2
از نقطه توان را بمضمون سخن برد
غول ره ما گشت درازی سخن پا
د ایک معمولی نقطہ سے بڑے مضمون کی راہ پیدا ہو جا نا ممکن ہے۔ مجھے راہ سے
بھٹکا دینے والی طاقتیں میرے لئے طول کلام کا باعث ہو گئیں)
فریا دوسروں کا کلام سن کر کہیں ایک نقطہ ملتا ہے اور یہ اس سے متاثر ہو کر مضمون کی پوری
عمارت اس پر قائم کر دیتا ہے۔ دوسرا حال وہ ہے جو غالب کے شعر کے متعلق آزردہ پر گزرا اور
تیسرا وہ ہے جو عتی نے پیش کیا ہے۔ یہ آخری صورت شخصی ترقی میں خود داری کوغیر معمولی طور پر
ملحوظ رکھنے سے پیدا ہوتی ہے کیونکہ اس معاملے میں غنی اس حد تک اپنی انفرادیت کو برقرار رکھنے
پر مصر ہے کہ کسی دوسرے کی پیدا کی ہوئی زمین تک میں غزل کہنے پر تیار نہیں ہے جیسا کہ ایک
شعر میں ظاہر کیا ہے کہ :
غنی طرح سخن خود کن اگر میل سخن داری
چرا باید تصرف در زمین دیگران کردن
راے غنی اگر شاعری سے دلچسپی ہے تو اپنی طرح خود وضع کر دوسروں کی پیدا کی
ہوئی زمین میں تصرف کیوں کرتا ہے)
ایک طرف خود داری کا یہ اظہار ہے اور دوسری طرف اپنی صلاحیتوں کا یہ احساس ہے کہ
کہتا ہے کہ
انگفته ایم غزل در زمین طرح رفیع
که می شود سخن ما درین زمین کم سبز
دمیں نے حسن ترفیع کی طرح کردہ زمین میں غزل نہیں کہی کیونکہ اس زمین میں میرا
کلام سر سبز نہیں ہو سکتا )
یہ اپنی مخصوص رجمان اور طرز طبیعت کا کامل ادراک ہے ساتھ ہی حسن رفیع کے کلام کی خوبی سے
متاثر بھی معلوم ہوتا ہے کہ صرف اسی کا ذکر کیا ہے مگر اپنی صلاحیتوں کا کامل طور پر اندازہ
رکھتا ہے کہ اُن کو ہی اپنے کلام سے پیش کرنا چاہتا ہے ۔
مطالعہ کے تعمیری اثرات
شاعر کی شخصی تعمیر جن اجزا پرمشتمل ہوتی ہے اُن کا ایک مختصر خاکہ سطور بالا میں پیش کیا
گیا ہے اور اس سے یہ اندازہ کر لینا دشوار نہیں ہے کہ اس تعمیر میں تعلیم اور مطالعہ کا اثر کتنا
اہرا اور وزنی ہوتا ہے۔ تعلیم اور مطالعہ کا ابتدائی مقصد تو یہ ہوتا ہے کہ مصنفین سابق کے خیالات
سے واقفیت حاصل ہو جائے مگر پڑھنے والے کا دماغ اس سے جو کچھ اخذ کر لیتا ہے وہ صفر
خیالات کی واقفیت سے کہیں زیادہ ہوتا ہے۔ مطالعہ کا اثر دماغ پر دو طرح سے پڑتا ہے ایک
یہ ہے کہ منصف کے خیالات سے واقفیت اور اس کا رد و قبول۔ یہ اثر پڑھنے والے کی شعوری
بیداری سے متعلق ہے کہ ہم مصنف کے خیالات پر غور و فکر کرتے ہیں اور اس وقت ہماری
ذہنی طاقتیں پوری طرح بیدار ہوتی ہیں۔ لیکن اس کے علاوہ دوسری متعدد چیزیں ہیں جن
پر ہم اس محنت اور فکر کے ساتھ متوجہ نہیں ہوتے مگر وہ اس غیر شعوری حالت میں بھی اپنا اثر
پیدا کر دیتی ہیں۔
جب نام کسی مصنف کے خیالات پر غور کرتے ہیں تو اس سے خود ہمارے تصورات میں
گہرائی، نظر میں وسعت اور فکر میں پہنائی کی صفات پیدا ہونے لگتی ہیں۔ اس کے دلایل میں
زور ہمارے دماغ کے لئے ایک دلاویزی کا سا اثر مہیا کرتا ہے اور اس کے باعث ہمارے
دماغ میں خود ایک ترتیب کا پیدا ہو جانا لازمی ہے۔ اس کے بیان میں حسن اور شوخی، یا
متانت اور سنجیدگی غیر شعوری طور پر ہمارے اندر اپنے اثرات چھوڑ جاتی ہے اور ہم خود
اسی طرز کلام کو اپنے بیان کے لئے اختیار کرلیتے ہیں۔ یہ ظاہر ہے کہ ان میں سے ایک عمل
ہمارے شعور کی بیداری میں اور ہمارے ارادے سے اپنا اثر پیدا کرتا ہے اور دوسرا از
خود ہی پیدا ہو جاتا ہے مگر اتنا پھر بھی ہے کہ ہمارا ذہن صرف ان اثرات کو قبول کرتا ہے
جن کی صلاحیت طبعی طور پر ہمارے اندر موجود ہو۔ اس کی بین مثال ذوق اور داغ کے
احوال میں موجود ہے کہ ذوق قصیدہ گوئی کا مذاق اپنے اندر رکھتے تھے اور اس لئے سودا کا
مطالعہ ان کا محبوب مشغلہ تھا اور اسی لئے وہ تمام صفات جو ستودا کے قصیدوں کی جان ہیں
ذوق کے یہاں بھی ملتی ہیں مگر غزل میں وہ سودا کا اتباع نہ کر سکے اور اپنے فطری رجحان
کے باعث دوسرا ہی راستہ اختیار کیا۔ داغ شاگرد ہیں ذوق کے ۔ مگر استاد کی قصیدہ گوئی
کافن اس شاگر درشید کو نہ مل سکا۔ کیونکہ یہاں اس کی صلاحیت موجود نہ تھی نگربان و
بیان اور محاورہ بندی کا فن استاد سے شاگرد کو منتقل ہوا اور ذوق نے جو اپنی غزلوں میں
محاورہ بندی کی صفت کو پیش کیا ہے داغ نے اسے مکمل کر دیا۔ اس ایک مثال سے ہی
اندازہ کرنا چاہیے کہ مطالعہ اور محبت کیونکر ہمارے کسی ذوق کو ترقی دینے میں اپنا عمل
واٹر کرتے ہیں۔ ساتھ ہی اس پر بھی غور کر لینا ضروری ہے کہ سودا کی غزل میں سوز و گداز
نہیں ہے ۔ حالانکہ ان کی غزلیں جذبات اور واردات سے لبریز ہوتی ہے ۔ الفاظ اور
تشبیہات سادہ اور لطیف ہوتے ہیں۔ فارسی کی جو ترکیبیں وہ استعمال کرتے ہیں اُن میں
دلاویزی ہوتی ہے۔ غزل کی تمام داخلی خوبیاں اُن کے یہاں موجود ہیں مگر اس کے
با وجود سوز و گداز کا فقدان ہے۔ اُن کے بعد ذوق آتے ہیں اور اُن کے کلام کا مطالعہ
کرتے ہیں۔ قصیدے میں تو اُن کی شاگردی کا پورا حق ادا کرتے ہیں مگر غزل میں اُن کی
اتباع نہ کرنے کے باوجود بھی سوز وگداز نہیں ہے ۔ سودا کی جو عام روش ہے کہ اخلاقی
مضامین کو تمثیل کے ذریعہ ثابت کریں ذوق اس اثر سے بچ نہ سکے اور اکثر اخلاقی
اور دیگر مضامین کو ضرب الامثال وغیرہ کے ذریعے ثابت کہیں ذوق اس اثر سے
بچ نہ سکے ۔ صاحب تذکرہ جلوہ خضر نے غالباً ان ہی اسباب سے لکھ دیا ہے کہ وہ (ذوق)
آخر عمر میں بالکل سو ر ا بن گئے تھے۔ اس اتباع ، طرز و روش کا ناسخ نے صاف الفاظ میں
اعتراف کیا ہے کیونکہ وہ بھی سودا ہی کے مکتب خیال کے متبع اور پرورش یافتہ ہیں
فرماتے ہیں کہ
کب ہماری فکر سے ہوتا ہے سودا کا جواب
ہاں تلبیع کرتے ہیں ناسخ ہم اس مغفور کا
تاریخ کے اس اعتراف میں ہی اس کا سبب بھی نظر آجاتا ہے کہ میر تقی میر نے کیوں ناسخ کو
اصلاح دینے سے انکار فرمایا تھا۔ ایک صاحب نظر شاعر پہلے دن ہی اس بات کو اچھی طرح جان
گیا تھا کہ یہ نوجوان شاعر میرے مکتب خیال سے اپنی طبعی صلاحیتوں کے باعث کتنا مختلف
اور بعید ہے۔ یہیں اگر اس امر کو غور کر لیا جائے کہ کسی ایک شاعر نے کیوں مخصوص طور پر فلاں
شاعر
کو ہی اپنے مطالعے کے لئے منتخب کیا تو طبعی صلاحیتوں کا ایک اثر سامنے آجائے گا اور پھر
یہ کہ اس مطالعے کا اثر و نفوذ کس طرح ان کے کلام میں محسوس ہوتا ہے تو تعلیم ، ماحول اور مطالعے
کے اثرات جو شخصیت کی تعمیر میں معاون ہوتے ہیں واضح ہو جائیں گے۔",6048
P3_1973_047,Naunehal,1973,Magazine,"یہ دنیا کتنی خوب صورت جگہ ہے ۔ اس کی زمین دیکھیے ، کہیں دور تک پھیلے ہوئے
صاف ستھرے میدان میں تو کہیں اونچے نیچے پہاڑ ۔ کہیں ہرے بھرے لہلہاتے کھیت
نظر آتے ہیں تو زمین کا ایک حصہ اونچے اونچے اور گھنے گھنے درختوں اور جھاڑیوں والے
جنگلات سے ڈھکا ہوا ہے ۔ پھر بہتے ہوئے پانی کی ندیاں ، دریا، سمندر کتنے اچھے
معلوم ہوتے ہیں ۔ زمین کے اوپر پھیلا ہوا آسمان روز نئے روپ میں ہمارے سامنے
آتا ہے۔ کبھی بادل چھا جاتے ہیں تو کبھی تیز دھوپ نکل آتی ہے ۔ بارش ہوتی ہے
تو اور ہی سماں ہو جاتا ہے ۔ میدانوں میں ہر طرف ہریالی ہی ہریالی نظر
آتی ہے ۔
آسمان پر قوس و قزح (دھنک) دل فریب رنگ بکھیر دیتی ہے ہر چیز خوبصورت معلوم
ہوتی ہے۔ سورج چھپ جاتا ہے تو رات ہو جاتی ہے اور چاند تارے نکل کر دنیا کا دوسرا
رخ پیش کرتے
ہو
ہیں۔ زمین اور آسمان کے بیچ میں موجود فضا کو بھی انسان نے اپنے کام میں لانا شروع کر دیا
ہے ۔ نظر اٹھا کر دیکھیں تو تھوڑے تھوڑے وقفوں سے جہاز ار تے ہوئے نظر آتے ہیں ۔
ان سب چیزوں پر غور کیجئے تو معلوم ہو گا کہ یہ سب آپس میں گہرا تعلق رکھتے ہیں ۔
ہماری زمین بھی کتنی عجیب جگہ ہے۔ بہر طرف ایسے قدرتی مناظر ہیں کہ جنھیں دیکھ کر عقل
حیران رہ جاتی ہے۔ پھر جدھر نکل جائیے آپ کو نئی چیزوں سے واسطہ پڑے گا بہر قدم پر
کوئی نیا ، دل چسپ اور اچھوتا منظر آپ کو اپنی طرف متوجہ کرے گا۔ جنگلوں کی دنیا سب
سے الگ ہوتی ہے ۔ لمبے اور گھنے درخت آسمان سے باتیں کرتے ہیں اور نیچے زمین پر سا
کیے رہتے ہیں۔ اس سایہ دار زمین پر چھوٹے چھوٹے پیڑ پودے ، بیلیں اور جھاڑیاں آگئی
ہیں ۔ پھر جنگلی پھول بھی کچھ کم خوب صورت نہیں ہوتے ۔ ذرا آگے قدم بڑھائیے تو آپ کو
جنگلی سیہ ندوں کی چچھا منٹ سنائی دے گی اور آگے بڑھیں تو عجیب و غریب جانور چلتے
پھرتے نظر آئیں گئے ۔ کبھی آپ کے سامنے سے ہرن پھلانگیں مارتے ہوئے گزرجائیں گے،
تو نہیں خرگوش دوڑ کر کسی جھاڑی میں چھپ جائے گا۔
اب جنگل سے کسی باغ کی طرف چلتے نہیں۔
باغ تو جنگل
سے بالکل مختلف نظر آرہا ہے ! یہاں نہ مین پر کیاریاں بنی ہوئی ہیں جن میں سے پانی بہہ
رہا ہے۔ درخت کتنے سلیقے سے لگے ہوئے ہیں ۔ پیڑ پودے کتنے خوش نما ہیں اور ان
پھولوں میں سے کتنی اچھی خوشبو آرہی ہے ۔ ارے واہ ! یہاں پر تو پرندے بھی دوسری
ہنی قسم کے ہیں۔ ان کی بولیاں بھی کتنی بھلی معلوم دے رہی ہیں۔ ان درختوں پر کتنے
مزے دار پھل لگے ہوئے ہیں ۔ مزا آگیا۔
اچھا صاحب ! ذرا سمندر کے کنارے چہل قدمی کر لی جائے ۔ یہاں کا منظر تو سب
سے ہی الگ ہے ۔ ہوا کے جھونکے کتنے اچھے معلوم ہو رہے ہیں اور ہاں ، یہاں تو ریت ہو
اس کے اوپر تو ننگے پیر چلنے میں مزا آتا ہے۔ کیسی ٹھنڈی ٹھنڈی لگتی ہے ۔ یہ دیکھیے موجیں
آتی ہیں اور نوٹ جاتی ہیں ۔ یہ لیجئے یہاں تو عجیب و غریب جانور نظر آر ہے ہیں۔ کیکڑا
کچھوا ، سیپلیاں، گھونگے ، جھنگے اور نہ جانے کتنے ختم کے آبی جانور ہیں ۔ یہ سب ہوائیں
اڑنے والے اور زمین پر رہنے والے جانوروں سے مختلف ہیں۔ کیوں نہ ہوں ۔ یہاں تو
ماحول ہی الگ ہے اور ان جانوروں کو اسی ماحول کے مطابق زندگی بسر کرتی ہے ۔
آپ نے دیکھا کہ حیوانات اور نباتات کس طرح ایک ساتھ رہتے ہیں اور ایک دوسرے
کو فائدہ پہنچاتے ہیں، بلکہ یوں کہنا چاہیے کہ ایک دوسرے کے لیے لازم و ملزوم ہیں۔ گویا یہ
برادری یا معاشرہ بنا کر رہتے ہیں۔
کسی آبادی کے بننے اور پھیلنے میں ہزاروں سال لگ جاتے ہیں ، کیوں کہ نباتات یعنی
سینر پودوں کا کام ہے کہ وہ کاربن ڈائی او کسائڈ ، پانی اور دوسرے نمکیات کی مدد سے غذا
تیار کریں۔ جب پو دے پیدا ہو جاتے ہیں تو ایسے جانور آتے ہیں جو ان پودوں کو اپنی غذا
بناتے ہیں۔ ان جانوروں کو سبزی خور (HEREIVORES) جانور کہتے ہیں پھر ایسے
جانور آتے ہیں جو سبزی خور جانوروں کو اپنی غذا بناتے ہیں۔ انھیں گوشت خور جانور
(CARNIVORES) کہتے ہیں۔ آبادی میں اس کے علاوہ ایسے جانور بھی ہوتے ہیں
جو مرده یا یا فاضل غذا کھا کر زندہ رہتے ہیں۔
آپ نے اکثر گائے بیل، بھینسوں کو ہرے بھرے میدانوں میں گھاس چرتے دیکھا
ہوگا۔ ان کے علاوہ ہرن اور دوسرے جانور بھی گھاس کھاتے ہیں۔ گھاس میں پائے جانے
والے بیج پیر ندے اور کیڑے مکوڑے
کھاتے ہیں۔ گلہری درختوں کے پھلوں پر
گزار کرتی ہے ۔ یہ سب سبزی خور جانور
ہیں۔
بھیڑیے کا نام آپ نے سنا ہو گا۔
یہ گائے ، بیل، بارا سنگھے اور ہرنوں
کا شکار کر کے ان کا گوشت کھاتے ہیں۔
تیندوا وغیرہ چھوٹے جانوروں مثلاً
خرگوش، چھوٹنے ہر نوں وغیرہ کا شکار
کرتے ہیں ۔ اس طرح سانپ بھی مینڈک ، کیچوے اور کیڑوں کا شکار کرتے ہیں۔ یہ سب
گوشت خور جانور ہیں ۔
حیوانات کی دنیا میں بعض جانور ایسے ہوتے ہیں جو زمین میں گھر بنا کر رہتے ہیں کیچوئے
بھونرے اور دوسرے کیڑے مکوڑے غذا کی تلاش میں زمین کو ادھر سے ادھر کھو دیتے
پھرتے ہیں۔ ان کے ایسا کرنے سے یہ فائدہ ہوتا ہے کہ زمین میں دور تک تازہ ہوا داخل
ہو جاتی ہے۔ اس کے علاوہ جب یہ جانو ر مرتے ہیں تو ان کے حسیم اور ان کے بدن کا
فاضل مادہ زمین کو نہ زرخیز بنانے میں بہت مدد دیتا ہے۔ پھر زمین میں ایسے جان دار
بھی ہوتے ہیں جو آنکھ سے نظر نہیں آتے۔ انھیں بیکٹریا (BACTERIA) کہتے ہیں۔
یہ زمین کو نہ ر خیز بنانے میں بڑی مدد دیتے ہیں۔ پیڑ پودوں کی پتیاں اور دوسرے حصے
پودوں سے الگ ہو کر زمین میں مل جاتے ہیں ۔ بیکٹیریا کا کام ان چیزوں کو اس قابل بناتا
ہوتا ہے کہ یہ دوبارہ پودوں کی غذا کا کام دے سکیں ۔
جانوروں کی ایک اور قسم ایسی ہوتی ہے جن کی غذا مردہ جانوروں کے احسام ہوتے
ہیں۔ ایسے جانور بھی دنیا کے لیے بہت ضروری ہیں ، کیوں کہ یہ غیر ضروری مرده احیام
کو صاف کرتے ہیں۔ ان جانوروں کو مردار خور (SCAVENGERS) کہتے ہیں۔ بکلا
پرندے کا نام ہے ۔ ساحل سمندر یہ جہاں کہیں مردہ مچھلی، کیکڑا یا دوسرے جانور نظر
آ جاتے ہیں تو یہ پرندے انھیں اٹھا لیتے ہیں اور
غذا کے طور پر استعمال کرتے ہیں۔ جانوروں کی
اس قسم میں بہت سے چھوٹے جانور بھی شامل ہیں ۔
مثلاً آپ نے دیکھا ہو گا کہ جب لکھی یا کیڑا مر جاتا
ہے تو بہت سی چیونٹیاں اس کے چاروں طرف
چمٹ جاتی ہیں اور دیکھتے ہی دیکھتے اسے صاف
کر دیتی ہیں ۔ مکھیوں کی بعض قسمیں ایسی ہیں جو
اپنے انڈے مردہ جانوروں کے جسم پر دیتی ہیں۔ ان انڈوں میں سے جب بچے نکلتے ہیں تو
وہ مردہ جسم پر ٹوٹ پڑتے ہیں اور کھا کر اس کا صفایا کر دیتے ہیں ۔
غذا کی ضرورت ہر جان دار کو ہوتی ہے ۔ ہر حیوان جانتا ہے کہ غذا کس طرح حاصل
کی جائے، لیکن بعض جانوروں کی قسمیں ایسی ہوتی ہیں جو باقاعدہ پلان بناتے ہیں اور مل کر
کام کرتے ہیں ۔ بھیڑیے کسی بڑے جانور مثلاً بیل پر اکیلے حملہ نہیں کرتے ، بلکہ کئی بھیڑ ہے
مل کر حملہ کرتے ہیں اور سیل کو گرا لیتے ہیں ورنہ ہو سکتا ہے کہ بیل بھیڑیے کو مار دے ۔ اسی
طرح ایک ہرن بہ آسانی بھیڑیے سے بیچ کر بھاگ سکتا ہے ، لیکن بھیڑیے اس کو پکڑنے کا
دوسرا طریقہ استعمال کرتے ہیں اور وہ یہ کہ پہلے ایک بھیڑیا ہرن کے پیچھے بھاگتا ہے جب
دہ تھک جاتا ہے تو دوسرا بھیڑیا بھاگنے لگتا ہے پھر تیرا اور چھہ تھا ، یہاں تک کہ ہرن میں مزید
بھاگنے کی ہمت نہیں ہوتی اور وہ تھک کر گر پڑتا ہے۔ بھیڑئیے اس کو آسانی سے شکار کر
لیتے ہیں ۔
ہرن حملے اور خطرات سے بچنے کے لیے عول بنا کر رہتے ہیں ۔ رات کے وقت ہرن
جنگلوں میں چھپے رہتے ہیں ۔ دن کے وقت اگر موسم اچھا ہو تو یہ عول کی شکل میں باہر آتے ہیں
اور میدان میں گھاس کھاتے ہیں۔ اس دوران ان کا لیڈر ان کی نگرانی کرتا ہے اور وہ بہت
ہوشیاری اور چالاکی سے ہر طرف کا جائزہ لیتا رہتا ہے ۔ جہاں خطرہ دیکھتا ہے فوراً سب کو
خبر دار کر دیتا ہے۔
حیوان ایک دوسرے کے بھی کام آتے ہیں ۔ ایک کپڑے کا نام تیلی
ہے جس کی غذا پودے کا رس ہے ۔ یہ کیڑا ایک قسم کا مادہ خارج کرتا ہے جو چھوٹیاں
کھاتی ہیں ۔ چونٹیاں اس کے بدلے میں اس کیڑے کو دوسرے پودے تک پہنچانے
کا کام انجام دیتی ہیں ۔
ایک کیکڑا جس کا نام گوشہ نشین کیکڑا (HERMIT-CRAB) ہے۔ سمندر کے کنارے
ملتا ہے۔ یہ کیکڑا ایک اور سمندری جانور گھونگھے کے خالی خول میں رہتا ہے۔ جب کیکڑا
ایک جگہ سے دوسری جگہ جانا
چاہتا ہے تو اپنی ٹانگیں اور
جسم کا اگلا حصہ یا ہر نکالتا ہے
اور حول سمیت دوسری جگہ
پہنچ جاتا ہے۔ بعض دفعہ ایسا
ہوتا ہے کہ ایک اور سمندری
جانور اس خول کے اوپر بیٹھ
جاتا ہے ۔ اس کو پھول مونگا (SEA - ANEMONE) کہتے ہیں ۔ یہ جانور چل نہیں سکتا ۔
جس جگہ جم جائے وہیں رہتا ہے ۔ اس جانور کے قریب دوسرے جانور نہیں آتے ۔ اس طرح
خول کے اندر رہنے والا کیکڑا بھی اپنے دشمنوں سے محفوظ رہتا ہے ۔ کیکڑا اس احسان
کا بدلہ یوں اتارتا ہے کہ وہ اس جانور کو گھسیٹ کر جگہ جگہ لیے پھرتا ہے جہاں غذا مل سکے۔
نہ صرف یہ کہ جانور ایک دوسرے کی مدد کرتے ہیں بلکہ حیوانات اور نباتات بھی مل
جل کر رہتے ہیں اور ایک دوسرے کے کام آتے ہیں ۔ آپ کو معلوم ہے کہ شہد کی مکھی
حب پھول کا رس چوستی ہے تو ساتھ ہی اس پودے کے بیج بھی اپنے ساتھ لے آتی ہے
اور جب مکھی اس کے لیے دوسرے پھول پر جاتی ہے تو یہ بیج بھی اس پھول پر چلے جانتے
ہیں۔ اس طرح پودوں کی افزائش میں مدد ملتی ہے ۔
آپ نے غور کیا کہ جان دار ایک دوسرے کے محتاج ہیں۔ نباتات ان حیوانات کے
لیے غذا فراہم کرتے ہیں جو سبزی خور ہیں ۔ گوشت خور جانور سبزی خور جانور کھاتے ہیں۔
بیکٹریا اور دوسرے جانور جوانی زندگی کے فاضل مردہ مادے پر زندگی بسر کرتے ہیں اور اسے
اس قابل بناتے ہیں کہ نباتات انھیں اپنی غذا کے لیے استعمال کر سکیں۔
اس طرح آپ نے دیکھا کہ ایک غذائی سلسلہ ہے۔ سمندر کا مطالعہ اس سلسلے میں
دل جیسی سے خالی نہ ہوگا۔ سمندری پانی میں یوں تو آپ کو چھوٹی موٹی پھلیاں، جھینگے ، پانی
کے سانپ وغیرہ تیرتے ہوئے نظر آئیں گے ، لیکن پانی کی اصل زندگی کو آپ بغیر خردبین
کے نہیں دیکھ سکتے۔ سمندر میں ایسے بے شمار چھوٹے چھوٹے جانور ہوتے ہیں جو صرف خردبین
سے نظر آتے ہیں ۔ سمندر کا پانی ان جانوروں سے بھرا پڑا ہے ۔ ان جانوروں میں تیرنے کی
صلاحیت نہیں ہوتی ۔ ان کو جل چید
(ZOOPLANKTON) کہتے ہیں۔ ان میں
یک خلیہ جانور بھی ہوتے ہیں اور باقاعدہ
ہاتھ پیر والے جانور بھی بینی ایسے جانور جو کیکڑے
اور جھینگے کے خاندان سے تعلق رکھتے ہیں ۔
پھر ان میں بڑے جانوروں کے بچے بھی ہوتے
ہیں جو دھیرے دھیرے بڑے ہوتے رہتے ہیں۔
ان جل چیر کے علاوہ نبات تیرا کہ
PHYTOPLANK TO N) ہوتے ہیں۔ یہ یک خلیہ نباتات ہیں جو سورج کی روشنی، کاربن
ڈائی اوکسائڈ اور سمندری پانی کے اجزا اور سبز مادے کی مدد سے غذا تیار کرتے ہیں۔ حیوانی
پلنکٹ ان بنباتی پلنکٹن کو کھاتے ہیں اور یوں ان کی تعداد میں اضافہ ہوتا جاتا ہے ۔ حیوانی
ملینگٹن کو ان سے ذرا بڑے جانور یا چھوٹی چھوٹی مچھلیاں کھاتے ہیں۔ ان چھوٹی چھوٹی مچھلیوں
کو ان سے بڑی مچھلیاں کھاتی ہیں اور سمندر میں یہ سلسلہ چلتا رہتا ہے یعنی ہر بڑی مچھلی
اپنے سے پھوٹی مچھلی کو کھاتی ہے، ابشر طیکہ چھوٹی مچھلی خطر ناک نہ ہو، مثلاً بعض مچھلیوں
میں خطر ناک قسم کے کانٹے یا بجلی پیدا کرنے والے غدود ہوتے ہیں۔ وصیل اپنا منہ کھولے
رکھتی ہے، اور پانی اس کے جسم میں داخل ہوتا رہتا ہے۔ اس کے ساتھ پانی میں شامل
پلنکٹن بھی جاتے رہتے ہیں۔
جب پانی میں رہنے والے جانوز مرتے ہیں تو وہ پانی کی تہہ میں چلے جاتے ہیں ۔ ان مردہ
جانوروں پر پانی کے بیکیٹر یا حملہ کرتے ہیں اور ان احسام کو ایسے اجزا میں تبدیل کر دیتے
ہیں جو نباتی پلنکٹن کے کام آتے ہیں ۔ آپ کو معلوم ہے کہ سمندر میں ایک نظام کے تحت
پانی اوپر سے نیچے اور نیچے سے اوپر آتا جاتا ہے ۔ جب پانی ان اجزا کو لے کر سطح پر آتا ہے
تو یہ اجزا نباتی پلنکٹن استعمال کرتے ہیں۔ اس طرح غذائی سلسلہ مکمل ہو جاتا ہے ، یعنی
وہی اجزا جن سے بنائی پلنکٹ بنے تھے مختلف سلسلوں سے گزرتا ہوا واپس اپنی اصلی
حالت پر پہنچ گیا ۔
ہر جان دار شے دنیا میں توازن پیدا کرنے کی کوشش کر تی ہے ۔ ہر آبادی میں
شکار خور (PREDATOR) ہونا ضروری ہے ۔ ایسی بہت سی مثالیں موجود ہیں جن سے
پتا چلتا ہے کہ اگر شکا ر خورختم ہو جائیں تو کتنی گڑ بڑ ہو جاتی ہے۔ بعض جنگوں کو صاف
کر کے کھیت بنائے گئے ۔ ان کھیتوں کے قریب سے بھیڑ سے دور بھاگ گئے۔ نتیجہ یہ ہوا کہ
ہرنوں کی تعداد بڑھ گئی اور انھوں نے کسانوں کی فصلیں تباہ کرنی شروع کر دیں ۔ آپ غور
کریں تو پتا چلے گا کہ شکار خور اپنی تعداد میں کمی بیشی کے ذمہ دار ہوتے ہیں۔ فرض کیجیے کہ
بھیڑیوں نے ہرنوں کو تیزی سے کھانا شروع کیا تو ہرنوں کی تعداد کم ہو جائے گی جس کا نتیجہ
یہ ہو گا کہ بہت سے بھیڑئیے غذا نہ ملنے کی وجہ سے مرجائیں گے اور جب بھیڑ ہے زیادہ تعداد
میں مرجائیں گے تو ہرنوں کی تعداد دوبارہ پڑھنی شروع ہو جائے گی ۔ اب جو بھیڑیے باقی
بچ گئے ہیں وہ ہرنوں کو کھانا شروع کریں گے جس سے بھیڑیوں کی تعداد دوبارہ بڑھنا شروع
ہو جائے گی ، لیکن اگر بھیڑیے نہ ہوں تو ہرنوں کی تعداد میں اضافہ ہو جائے گا اور ان کی تعداد
اتنی بڑھ جائے گی کہ وہ آس پاس کی ساری گھاس کھا جائیں گے جس کے نتیجے میں بہت سے ہرن
غذا کی کمی کی وجہ سے مرجائیں گے ۔
ان تمام باتوں کے باوجود کبھی ایسا ہوتا ہے کہ اس نظام میں توازن برقرار نہیں رہتا اور
نظام گڑ بڑ ہو جاتا ہے۔ مثلاً ٹڈیاں بعض اوقات اتنی تعداد میں نکل آتی ہیں کہ ان کے
قدرتی دشمن ان پر قابو نہیں پاتے ۔ اس طرح ان کی تعداد بڑھتی رہتی ہے ۔ یہاں تک
کہ وہ اناج کی فصلوں کو تباہ و برباد کر دیتی ہیں ۔ بعض دفعہ جنگلات میں آگ لگ جاتی
ہے۔ وہاں کے تمام نباتات اور حیوانات ختم ہو جاتے ہیں اور دوبارہ زندگی کے آثار
پیدا ہونے میں صدیاں لگ جاتی ہیں۔ بعض مرتبہ بڑے پیمانے پر موسم کی تبدیلی زندگی کے
تمام آثار ختم کر دیتی ہے ۔ دنیا کے بعض علاقوں میں برف باری اور سردی کی ایسی لہریں
اٹھیں کہ انھوں نے پورے علاقے کو اپنی گرفت میں لے لیا اور وہاں موجود تمام جان دار
ختم ہو گئے۔
ان کے علاوہ انسان نے بھی اس توازن کو بگاڑنے میں اہم رول ادا کیا ہے۔ ایک
زمانے میں لندن سے جو لوگ آسٹریلیا آکر جیسے تھے وہ اپنے ساتھ خرگوش کے آتے تھے۔
لومڑی خرگوش کی دشمن ہے اور اسے غذا کے طور پر استعمال کرتی ہے ، لیکن وہاں
لومڑیاں سرے سے غائب تھیں۔ کچھ عرصے بعد خر گوششوں کی تعداد میں اتنا اضافہ ہوا کہ
انھوں نے فصلوں کو تباہ کرنا شروع کر دیا اور ان سے بچنے کے لیے لوہے کی تاروں کی ہزاروں
میل لمبی تاریں کھڑی کرنی پڑیں ، لیکن یہ مسئلہ حل نہ ہو سکا ۔
انسان نے توازن کے اس نظام میں بڑی تبدیلیاں کی ہیں ۔ بعض جگہ انسان کی بے اعتیائی
اور علم نہ ہونے کی وجہ سے بڑی بڑی غلطیاں ہوئی ہیں۔ کہانی کا یہ حصہ بھی بڑا دل چسپ ہو۔
یہ ہم پھر کبھی سنائیں گے ۔",2762
P3_1973_048,Naunehal,1973,Magazine,"میں اس زمانے میں بھوپال میں تھا۔ خوب صورت تالابوں کا یہ حسین شہر چاروں طرف
سے ہرے بھرے جنگلوں سے گھرا ہوا ہے ۔ یہی وجہ ہے کہ یہاں کے لوگ شکار کے بڑے شوقین
ہیں ۔ شہر سے لے کر خرگوش تک چھوٹے سے چھوٹا اور بڑے سے بڑا جانور ان جنگلوں میں پایا جاتا
ہے ۔ شکار سے مجھے ذرہ برابر دل چسپی نہیں ہے پھر بھی دوستوں کے اصرار پر میں بھی اکثر ان
کے ساتھ شکار کو نکل جاتا تھا ۔ رات رات بھر جنگلوں میں گھومنا پڑتا۔ جیپ میں سنسان اور
خاموش جنگل کی تیز و تند ہوا کے جھونکے بڑا مزہ دیتے۔ ادھر ادھر دوڑتے ہوئے چھوٹے
چھوٹے سے جانوروں کی آنکھیں رات کے اندھیرے میں اس طرح چمکتیں جیسے کوئی بہت
ہی تیز روشنی والا جگنو چمک رہا ہو۔
ایک رات ہم لوگ جیب میں سوار جنگل میں شکار کی تلاش میں پھر رہے تھے۔ یکایک
میرے دوستوں میں کچھ کا نا پھوسی ہوئی ۔ جیپ
کی چھاتی ہوتی ہیڈلائٹس میں کچھ دور پر ایک
جانور کھڑا ہمیں ٹکر شکر دیکھ رہا تھا ۔ روشنی کے باعث اس کی آنکھیں چندھیا گئی تھیں۔
پل بھر میں وہ چوکنا ہو گیا ۔ خطرے کی بو سونگھ لی اور سنتیں بھرنے لگا ۔ ۴۵ سے ۵۰
اور پھر ۵۰ سے ۶۰ میل جیپ کی رفتار ہوگئی ، مگر بے سود۔ وہ جیپ کے کے آگے دوڑتا
چلا جارہا تھا ، یہاں تک کہ حبیب کی رفتار ۶۸ میل فی گھنٹہ کر دی گئی ، مگر پھر بھی وہ بندوق کی
زد میں نہ آیا ۔ ہار کر جیپ کی رفتار کم کی گئی۔ یہ چاہتا تھا ۔ پہلے راجے مہارا ہے اسے پالتے
بھی تھے ۔ اس دن کی روڈ سے اندازہ ہوا کہ وہ کس قدر تیز رفتاری سے دوڑ سکتا ہے۔
جنگلی جانوروں کو اگر ہم ایک قطار میں کھڑا کر کے ان کی ریس کر آئیں تو چنتا تمام
درندوں و چرندوں میں اول آئے گا۔ لوگوں کا کہنا ہے کہ چیتے عام طور پر "" سے
میل فی گھنٹہ کی رفتار سے دوڑ سکتے ہیں ۔
چرند اور پرند تیز سے تیز دوڑ کر اپنے دشمنوں سے اپنی حفاظت آسانی سے کہ
سکتے ہیں۔ اگر یہ جانور تیز رفتار نہ ہوتے تو شاید بھوکوں مر جاتے۔ شکار کرتے وقت
یہ تیز رفتاری ان کے بہت کام آتی ہے ۔ چیل کی طرح جھپٹ کر یہ جلدی سے اپنا شکار
پکڑ لیتے ہیں ۔ چڑیوں کے لیے تیز اڑان اور بھی زیادہ ضروری ہے ، کیوں کہ انھیں تو
روزانہ کافی اُڑنا پڑتا ہے ۔ تم نے دیکھا ہو گا یہ چڑیاں چاہے جہاں ہوں شام ہوتے
ہی اپنے گھونسلوں کی طرف پلٹ آتی ہیں۔ چڑیوں کے غول کے غول چھپاتے ہوئے
اپنے آشیانوں میں دین بسیرا کرتے ہیں ۔ اس کے علاوہ چڑیوں کو یوں ہی ہزاروں
میل کا سفر طے کرنا پڑتا ہے۔ مثلاً ہماری دنیا کے بالکل شمال میں رہنے والی چڑیاں
سخت سردی اور برف باری کے زمانے میں نیچے جنوب کی طرف آتی ہیں ، تاکہ شدید ترین
ٹھنڈ سے اپنی حفاظت کر سکیں۔ بلاشبہ اگر یہ نہ آئیں تو خود بھی برف کا ایک حصہ بن
جائیں ۔ نیچے جنوب میں گرمی کا موسم شروع ہوتا ہے تو یہ گرمی وہ برداشت نہیں کر سکتیں،
ہیں۔ ،
لہذا پھر پہ تواتی ہیں ۔ دوبارہ شمال کے ٹھنڈے علاقوں کی طرف اڑتی ہیں ، تاکہ گرم
خشک لو کے تھپیڑوں سے بچ سکیں۔ یہ فاصلہ کم نہیں ہوتا ۔ یقین جانو بعض چڑیوں
کو تو ہزاروں میل کا فاصلہ طے کرنا پڑتا ہے۔
خشکی پر دوڑنے والے جانوروں میں چیتے کے بعد ہرن کا نمبر آتا ہے۔ کان کھڑے کیے ہوئے۔
تیز سے تیز تر دوڑتے ہوئے ہرنوں کو تم نے ضرور دیکھا ہو گا ۔ ہمارے لیے یہ ناممکن ہے کہ دوڑ
کر انھیں ہم پکڑلیں ۔ یہ چھلاوا ہوتے نہیں چھلاوا ۔ ابھی یہاں نظر آرہے ہیں اور پھر خدا
دیر میں نظروں سے اوجھل ۔ ہرنوں کے معاملے میں اندازہ ہے کہ یہ عموما ۶۵ میل فی گھنٹہ
کی رفتار سے دوڑتے ہیں۔ شیر کی رفتار بھی بہت زیادہ ہوتی ہے، مگر یہ زیادہ فاصلہ تیزی
سے دوڑ کر طے نہیں کر سکتا۔ جنگل کا بادشاہ ۵۵ میل فی گھنٹہ سے کسی قدر تیز دوڑ سکتا ہے۔
یہ نیز نفقاری محض درندوں کے لیے مخصوص نہیں ہے ۔ پرند اور چرند بھی تیز رفتاری
میں اپنا جواب نہیں رکھتے ۔ زمین پر چلنے والی چڑیوں میں شتر مرغ سب سے تیز دوڑتا ہے۔
اس کی رفتار ۵۰ میل فی گھنٹہ ہے ۔ دیکھنے میں یہ پرندہ نہیں
لگتا۔ بہت بڑے ڈیل ڈول کا جانور ہوتا ہے ۔ ۸ - ۸ فیٹ
اونچے شتر مرغ د یکھنے میں آتے ہیں۔ یہ وزن میں ۳۰۰ پونڈ تک
ہوتا ہے۔ نام سے یہ پرندہ ضرور ہے ۔ اپنے وزن کی وجہ سے
یہ اڑ نہیں سکتا۔ یہ ریگستان کا خاص پرندہ ہے۔
پانی کے جانوروں کی رفتار کا اندازہ لگانا مشکل ضرور ہے، مگر
ماہرین نے مختلف مچھلیوں کی رفتار معلوم کی ہے ۔ سورو نام ۔
کی مچھلی سب سے تیز رفتار مانی گئی ہے۔ یہ مچھلی - 4 میل فی گھنٹے سے بھی زائد رفتار سے تیرتی
ہے۔ دوسرے نمبر پر سیل مچھلی آتی ہے۔ اس کی رفتار ۵۵ میل فی گھنٹے سے کسی طرح کم
نہیں ہوتی ۔
دنیا میں سب سے تیز رفتار چڑ یا فری گیٹ برڈ ہے۔ اس کی رفتار ۲۵۰ میل فی گھنٹہ
ہے۔ اس کی اصل رفتار کا پتا تو اس وقت چلتا ہے جب یہ پانی میں اپنے شکار پر ٹوٹی
ہے ۔ پلک جھپکتے ہی پانی کی سطح پر نظر آتی ہے ۔ شکار کو اپنے ہوش وجو اس سنبھالنے کا موقع
یک نہیں ملتا ۔ ادھر شکار پکڑا اور ادھر غائب ۔ تم دیکھتے کے دیکھتے ہی رہ جاؤ گے ۔
اسپائن ٹیلڈ نام کی چڑیا تیز رفتاری میں دوسرے نمبر یہ آتی ہے ۔ یہ چڑیا خط سرطان اور
خط جدی کے علاقوں میں پائی جاتی ہے۔ یہ بھی ۲۰۰ میل فی گھنٹے سے کسی طرح کم انڈان
نہیں بھرتی ۔
کیا تم یقین کرو گے کہ روبن اور گوریا چڑیاں ۲۰ میل فی گھنٹہ
کی رفتار سے اُڑ سکتی ہیں۔ روین ایک ننھی منی سی چڑیا ہوتی ہے۔
اس کا سینہ لال رنگ کا ہوتا ہے ۔ میاں کائیں کائیں یعنی
کو نے صاحب کو تم اڑتے ہوئے روزہ ہی دیکھتے ہو ۔ یہ بھی اصل
فی گھنٹے کی رفتار سے مزے سے اڑ لیتے ہیں ۔ بلیک برڈ اور طوطی ۳۵ میل فی گھنٹے کی
رفتار سے اڑتے ہیں ۔
سارس اور گلے کی رفتار ۴۵ میل فی گھنٹہ
ہے ۔ مینا کی عام رفتار ۵۰ میل فی گھنٹہ ہے ۔
جنگلی کبوتر ، جنگلی بطخ کی رفتار ۶۰ میل مشہور
ہے۔ میاں باز کا ۸۰ میل فی گھنٹہ کی رفتار سے
ا نا بائیں ہاتھ کا کام ہے ۔ کچھ مخصوص ختم - تم کے کبوتر تو ۸۰ میل
فی گھنٹے کی رفتار سے یہ آسانی اڑ کیتے ہیں ۔ عقاب کی رفتار مشہور
ہے ۔ ۲۵ میل فی گھنٹہ اڑ لیتا ہے ۔ کچھ باز ایسے بھی ملے ہیں
جن کی رفتار ۲۰۰ میل فی گھنٹے تک ہوتی ہے ۔
لومڑی اور بارا سنگھا ۰ ۵ میل کی رفتار سے دوڑ سکتے
ہیں۔ گھوڑا، زیبرا اور کتا ۴۰۰ میل فی گھنٹے سے زائد تیز
بھاگ سکتے ہیں۔ خرگوش اور بھینسے ۲۵ میل کے لیے
مشہور ہیں۔ زرافہ اور بھیڑیا ۲۰ میل، ماستی ۳۵، بھیڑ
اور کینگرو ہ ا سے ۲۰ میل فی گھنٹے کی رفتار سے دوڑتے ہیں۔ سور اور اونٹ کی رفتارہ کا اندازہ
۱۰ میل فی گھنٹے سے زیادہ کا ہے۔
ڈولفن مچھلی ۴۰ ، شارک ۳۰
اور وھیل ۱۰ میل فی گھنٹے سے کچھ
زیادہ تیز نیز سکتی ہیں ۔
رات میں بھنبھناتے ہوئے
مچھر، شہد کی لکھی اور گھر ملو
تمھیوں کی رفتار زیادہ تیز
نہیں ہوتی ۔ ان کی رفتارہ میں
فی گھنٹہ تک مانی
ہے۔
قدرت کے کھیل بھی کس قدر عجیب و غریب اور نرالے ہیں ۔ وہ کسی کو بے بس اور مجبور
دیکھنا نہیں چاہتی۔ انسان کے پاس دماغ ہے عقل ہے ، طاقت ہے۔ اس نے فاصلوں
کو جلد سے جلد طے کرنے کے لیے اور زیادہ سے دور پہنچنے کے لیے ریل ، موٹر، ہوائی جہاز
غرض کہ ایک سے بڑھ کر ایک تیز رفتار سواریاں بنالی ہیں۔ یہ جانور تو اس طرز کی سواریاں
بنا نہیں سکتے تھے تو پھر قدرت اس معاملے میں انھیں مجبور و بے بس کس طرح دیکھ سکتی
تھی ، لہذا اس نے انھیں یہ تیز رفتار می بخش دی، تاکہ آن کی آن میں یہ زیادہ سے زیادہ
فاصلہ تھکے بغیر اطمینان سے طے کر سکیں ۔",1425
P3_1973_049,Naunehal,1973,Magazine,"شاہ عبد اللطیف بھٹائی جن کا عرس سال
بھٹ شاہ میں انتہائی عقیدت اور احترام کے ساتھ
منایا جاتا ہے نہ صرف سندھ ، بلکہ پورے عالم اسلام
کے ایک عظیم الشان صوفی شاعر تھے۔ آپ نے شعر تو
سندھی نہ بان میں کہے، لیکن آپ
کا پیغام پوری انسانیت
کے لیے تھا۔ یہی وجہ ہے کہ بھٹ شاہ میں سالانہ عرس
اور میلے کے موقع پر نہ صرف ہند و پاک ، بلکہ دنیا کے
دوسرے ملکوں سے بھی لوگ آتے ہیں ۔
شاہ عبد اللطیف بھٹائی کی بین الاقوامی مقبولیت
کی معراج ڈاکٹر ایچ ٹی۔ سورے کی وہ کتاب ہے
جس میں انھوں نے دو ہزار سال کے دور کے سات
زبانوں کے بہترین شاعروں میں شاہ عبداللطیف
بھٹائی کو بھی شامل کیا ہے ۔
شاہ لطیف کی شاعری کا امتیاز یہ ہے کہ انھوں
نے سندھ کی مشہور عشقیہ داستانوں کو تصوف کے پیرائے
میں نظم کر کے روحانیت کا سبق دیا ۔ آپ کی شاعری کا
مقصد اسلامی تصوف اور قرآنی تعلیمات کا فروغ تھا۔
اور اس لحاظ سے آپ صرف شاعر ہی نہیں، بلکہ اسلام
کے عظیم مبلغ بھی ہیں۔ اس مقصد کے لیے آپ نے عوام
کی سی زبان استعمال
کی اور اپنے پیغام کو عوام کی روزمر
نہ زندگی کی باتوں اور رہن سہن کا جامہ پہنا دیا۔
شاہ لطیف کا تعلق ایک با عزت سید خاندان
سے تھا۔ ان کے والد شاہ جلیب کا شمار اپنے دور کے
جید علما میں ہوتا تھا ۔ وہ ۱۹۸۹ء میں موجودہ حیدرآباد
سندھ سے کچھ فاصلے پر ہالہ حویلی کے مقام پر پیدا ہوئے
بھی وہ چار برس کے ہی تھے کہ ان کا خاندان کو ٹرین منتقل
ہو گیا۔ جہاں کے حاکم مرزا مغل بیگ نے شاہ حبیب کو
اپنا روحانی پیشوا بنا لیان
میں سال
کی عمر میں شاہ لطیف ایک مرتبہ مرزا
مقل بیگ کے محل میں اس کی بیٹی سیدہ بیگم کی باری سے
نجات
کی دعا کرنے گئے اور اس کے عشق میں گرفتار ہو گئے۔
اسی عشق مجازی میں ناکامی نے بالآخر انھیں عشق حقیقی
میں محو کر دیا۔ شاہ لطیف کے عشق کی خبر مرزا مغل بیگ
کے کانوں تک پہنچی اور اس نے سیدوں کو اس قدر
تنگ
کیا کہ وہ کوٹلی چھوڑنے پر مجبور ہو
گئے۔ بعشق مجازی
کی ناکامی میں شاہ لطیف نے شعر کہنے شروع کر دیے۔
وہ گھر سے نکل کھڑے ہوئے۔ تین بریس تنک جہاں گردی کے
بعد جب وہ پھر واپس پہنچے تو ان کی شخصیت میں زمین
آسمان
کا فرق آگیا تھا۔ اب وہ عشق مجازی کے بجائے
عشق حقیقی کے میدان کے مسافر تھے ۔ ادھر مرزا مغل
بنگ کے خاندان کے پورے مرد ڈاکوؤں کے ہاتھوں
مارے گئے خاندان
کی عورتوں نے یہ سوچ کر کہ یہ آفت
سیدوں کے ستانے پر ٹوٹی ہے انھیں خوش کرنے کے لیے
مرزا مغل بیگ کی بیٹی سیدہ بیگم کی شادی شاہ لطیف سے
کردی ، لیکن اب شاہ لطیف کی پوری زندگی عشق حقیقی
کے لیے وقف ہو چکی تھی ۔ ان کے اشعار سندھ کے ہر علاقے
میں بچے بچے کی زبان پر چڑھ چکے تھے۔
آپ ۶ ۵ سال کے تھے کہ آپ کے والدکا انتقال
ہوا جس کے بعد آپ بالہ چھوڑ کر حیدر آباد سے تیس میل
کے فاصلے پر بھٹ شاہ چاہیے جو اس وقت ایک خوب
صورت سر سبز مقام پر ایک ویران ٹیلہ تھا۔ سندھی زبان
میں بھٹ میلے کو کہتے ہیں۔ بعد میں یہ ٹیلہ بھٹ شاہ کے
نام سے مشہور ہوا۔ آپ نے اپنی باقی زندگی یہیں پر
گزار دی ۔ ایک دن شاگردوں سے اپنے شعر سننے کی
فرمائش کی اور خود سفید چادر اوڑھ کر لیٹ گئے۔ اسی
حالت میں خالق حقیقی سے جاملے ۔ کلہوڑا خاندان
نے اس مقام پر ان کا عالی شان مقبرہ تعمیر کرایا جو اس
وقت موجود ہے ۔
تصوف اور شاعری کے علاوہ شاہ لطیف موسیقی
میں بھی قابل قدر مقام رکھتے ہیں۔ آپ نے موسیقی میں
ایک نئی تحریک شروع کی جس کا مقصد ایرانی اور عربی
موسیقی کی تجدید تھا۔ اس کے رواج کے لیے ۱۷۴۲ء میں
بھٹ شاہ میں موسیقی کا ایک ادارہ بھی قائم کیا میں
کے باعث سندھ میں ایک نیا انقلاب آگیا ۔ آپ نے
چار تاروں والے طنبورے کے بجائے پانچ تاروں
و الاطنبورہ ایجاد کیا جو پنج تار کہلایا ۔ اس کے علاوہ
بھی آپ نے موسیقی میں کئی نئے طریقے رائج کیے جن میں
کورس کی موسیقی کا رواج بھی شامل ہے ۔
لیکن شاہ صاحب کی شہرت کی سب سے بڑی
وجہ ان کی شاعری ہی ہے ۔ اس میں اس قدر عام فہم
اور جادو اثر الفاظ استعمال کرتے ہیں کہ شعر سننے والوں
کے دلوں میں بے اختیارہ اترتے چلے جاتے ہیں۔
ان کے کلام کا کچھ نمونہ ذیل میں درج ہے:۔
""اے میرے دوست ... اگر محبت سکھتی ہے
تو بھیٹی سے سیکھ جو تمام وقت جلتی رہتی ہے، لیکن بھاپ
باہر نہیں نکلتی ..
ے دوست ... بادشاہی بھی سوری کے
مقابل ہیچ ہے ۔ اس لیے کہ سوئی نیکی کرتی ہے ۔ دوسروں
کو لباس پہناتی ہے اور خود سنگی رہتی ہے ۔""
یا اللہ ، عقل مند نہ ہوں تو اچھا ہے اس لیے
کر عقل مند لوگ ہمیشہ دکھ میں رہتے ہیں ۔",857
P3_1974_050,Naunehal,1974,Magazine,"ویلز جزائر برطانیہ کا ایک حصہ ہے ۔ وہاں سے خبر آئی ہے کہ اس کی پہاڑیوں میں
زبردست دھما کا پیدا ہوا۔ سائنس دانوں نے وجہ معلوم کرنے کی کوشش کی تو کچھ پتا نہ
چلا کہ یہ دھا کا اور زبردست آواز کیسے پیدا ہوئی۔ بہت کچھ غور کرنے کے بعد سائنس داں
اس نتیجے پر پہنچے کہ شاید کو نئی مصنوعی سیارہ زمین پر واپس گہرا ہے اور اسی سے ویلز میں
یہ دھا کا اور آواز پیدا ہوئی ۔
شاید آپ کو یقین نہ آئے اس وقت تقریبا پانچ ہزار مصنوعی بسیار سے ہماری زمین
کے چاروں طرف گردش کر رہے ہیں ۔ ان میں خلائی رصد گاہیں ، راکٹ ، راکٹوں کے خول
اور ایسی ہی بہت سی دوسری چیزیں شامل ہیں ۔ گرمیوں کی راتوں میں آسمان پر ایک ننھا ساتا را
چلتا ہوا آپ نے شاید دیکھا ہو۔ یہ مصنوعی سیارہ ہوتا ہے ۔ سیارہ اس لیے کہ وہ ہماری
زمین کے چاروں طرف گھومتا ہے اور مصنوعی اس لیے کہ وہ قدرتی نہیں ہوتا ، بلکہ انسان
کا بتایا ہوا ہوتا ہے ، مثلاً زمین چاند کا قدرتی سیارہ ہے، لیکن ٹل اسٹار یا دوسرے
مواصلاتی سیارے انسان کے بناتے ہوتے ہیں ، لہذا وہ مصنوعی ہوتے اور شاید
یہی وجہ ہے کہ وہ ہمیشہ قائم نہیں رہتے۔ کچھ دن زمین کے چاروں طرف گھومتے ہیں،
پھر یا تو ہوا کی رگڑ سے جل کر راکھ ہو جاتے ہیں یا ایک زور دار دھماکے کے ساتھ زمین
پر واپس آگرتے ہیں۔
بہت دور ہونے کی وجہ سے یہ مصنوعی سیارے ہمیں ایک چمک دار نقطے
معلوم ہوتے ہیں اور نہ حقیقت میں وہ کافی بڑے ہوتے ہیں خلائی رصد گا ہیں تو
بہت بڑی ہوتی ہیں۔ ان میں دو چار آدمی بھی سوار ہوتے ہیں۔ یہ آدمی تو زمین پر واپس
جیسے
آجاتے ہیں، لیکن رصد گاہ اسی طرح زمین کے چاروں طرف گھومتی رہ جاتی ہے،
پھر کچھ دن بعد زمین پر واپس گر جاتی ہے ۔ سائنس داں حساب کتاب لگا کر ایسا
انتظام کرتے ہیں کہ جب کوئی رصد گاہ یا مصنوعی سیارہ زمین پر واپس گرے تو خشکی
پر نہ گرے ، بلکہ سمندر میں گرے ۔ ظاہر ہے کہ اگر وہ خشکی پر گرے گا تو نقصان کا
باعث ہو گا ۔ کسی عمارت پر گرے گا تو اسے تباہ کر دے گا اور اگر کسی آبادی پر گرے گا
تو بہت سے لوگ مرجائیں گے ، اسی لیے یہ کوشش کی جاتی ہے کہ خلائی جہاز سمندر
میں واپس گریں ، لیکن اگر حساب کتاب ذرا بھی غلط ہو جاننے یا مصنوعی سیارے کی
رفتار میں فرق آجائے تو پھر وہ تری کے بجائے خشکی پر بھی گر سکتا ہے۔
شاید آپ سمجھتے ہوں کہ مصنوعی سیارے میں کوئی انجن لگا ہوتا ہے یا اس میں
ایندھن جمع ہوتا ہے جیسے جلا کر وہ زمین کے چاروں طرف دوڑتا ہے ۔ ایسی کوئی
بات نہیں۔ چاند میں بھی تو کوئی انجن نہیں لگا ہے اور نہ اس میں کوئی ایندھن جمع ہو۔
وہ بھی تو تقریباً ڈھائی لاکھ میل کے فاصلے پر رہتے ہوئے دوہزار میل فی گھنٹہ سے
زیادہ رفتار کے ساتھ زمین کے چاروں طرف گھومتا رہتا ہے۔ خدا کی اس وسیع
کائنات میں انجن ایندھن کے بغیر حرکت اور گردش کا یہ سلسلہ برابر جاری ہے ۔ کوئی
چیز بھی ساکن نہیں رہ سکتی۔ ساکن ہوئی اور تباہ ہوئی، مثلاً ہماری زمین سورج کے چاروں
طرف گردش کرتی ہے۔ اگر ٹھہر جائے تو سورج اسے فوراً اپنی طرف کھینچ لے گا اور وہ
جل بھن کر ختم ہو جائے گی ۔ چاند زمین کے چاروں طرف گردش کرتا ہے۔ اگر ساکن ہو
جائے تو زمین اپنی زیر دست کشش سے اسے اپنی طرف کھینچ لے گی اور وہ ٹکرا کر خود
بھی ختم ہو جائے گا اور مہاری بہت سی آبادیوں کو بھی تباہ کر دے گا ۔ یہی صورت
دوسرے اجرام فلکی کی ہے یع
سکوں محال ہے قدرت کے کارخانے میں
سیارے قدرتی ہوں یا مصنوعی ، وہ باہمی کشش کے اصول پر کسی بڑے اور
مرکزی جسم کے چاروں طرف گھومتے ہیں۔ جس طرح زمین اور نظام شمسی کے دوسرے
سیارے سورج کی نہیہ دست کشش کی وجہ سے اس کے چاروں طرف گھومتے ہیں
اسی طرح چاند زمین کے چاروں طرف گردش کرتا ہے لیکن شرط یہ ہے کہ ایک بار ایسے جسم
کو زور کا دھکا لگنا چاہیے ، پھر مرکز می جسم اپنی کشش کے ذریعے اسے اپنے چاروں طرف
گھماتا رہتا ہے ۔ سائنس داں جب کوئی مصنوعی سیارہ چھوڑتے ہیں تو اسے ایک راکٹ
کی نوک پر رکھتے ہیں اور راکٹ دو تین سو میل کی بلندی پر جا کر زور سے سیارے کو آگے دھتکا
دیتا ہے۔ سیارہ زمین کی کشش کے تحت نیچے گرنے کی کوشش کرتا ہے ، لیکن چوں کہ
زمین گول ہے ، اس لیے جتنا سیارہ نیچے آتا ہے زمین اتنا ہی خم کھا جاتی ہے۔ نتیجہ یہ ہے
کہ سیارہ نیچے گرتا ہے، لیکن زمین کو نہیں چھوتا ، بلکہ اس کے چاروں طرف گردش کرتا
رہتا ہے۔ ہاں اگر وہ ساکن ہو، بیعنی اسے ابتدائی دھنگا نہ لگے تو پھر وہ زمین کے چاروں
طرف گردش نہیں کر سکتا، بلکہ سیدھا نیچے گر جائے گا۔
اس کی مثال اس سادہ کھیل جیسی ہے جب آپ رستی کے ایک سرے پر ایک سنتر
باندھ کر اسے اپنے سر کے چاروں طرف گردش دیتے نہیں۔ آپ کو ابتدا میں اپنی انگلی سے
تھوڑی سی قوت صرف کرنی پڑتی ہے، تاکہ پتھر حرکت میں آجائے ، لیکن جب وہ حرکت
میں آجاتا ہے تو رستی کے تناؤ کی مدد سے بغیر زور لگائے ہوئے آپ اپنی انگلی کے
اشارے سے اسے اپنے سر کے چاروں طرف گھماتے رہتے ہیں۔ اگر درستی ٹوٹ جائے تو
پتھر سیدھا اوپر چلا جائے گا اور اگر پتھر ساکن ہو جائے یا اس کی رفتارہ ایک حد سے کم ہو
جائے تو وہ مرکزی جسم یعنی آپ کے سر سے اٹکرائے گا۔
تمام سیاروں کی یہی کیفیت ہے۔ رستی کی جگہ کشش کی وہ زیر دست قوت ہے جو رستی
کی طرح ہمیں نظر تو نہیں آتی ، لیکن دنیا کے ہر دو اجسام کے درمیان موجود ضرور ہے ۔
ساری کائنات اسی نظر نہ آنے والی کشش کے سہارے زندہ ہے اور تمام اجرام فلکی
اسی قانون کے مطابق اپنے اپنے راستوں
پر چلتے رہتے ہیں۔
اب آپ شاید یہ دریافت کریں کہ مصنوعی سیارے کے کیا فائدے ہیں ؟ انھیں کیوں
چھوڑا گیا ؟ سب سے پہلا فائدہ تو یہ ہے کہ ان سے پیغام رسانی میں بڑی مدد ملتی ہے۔
اسی لیے انھیں مصنوعی سیارہ کہا جاتا ہے ۔ ٹیلے وژن کی تصویروں کو بھی ایک ملک ۔
دور دراز ملکوں تک پہنچانے میں ان سیاروں نے بڑی اہم خدمت انجام دی ہے ۔
انسان کی تاریخ میں پیغام رسانی کو بڑی اہمیت حاصل رہی ہے ۔ آپ سب جانتے نہیں
کہ ٹیلے فون سے بڑی آسانی پیدا ہو جاتی ہے۔ دوستوں ، رشتہ داروں سے بات کر کے بڑی
خوشی ہوتی ہے ۔ کچھ معلوم نہیں کہ انسان نے طویل فاصلوں پر آواز یا نظر آنے والے اشاروں
کی مدد سے اطلاع دینے کا طریقہ سب سے پہلے کب اور کس دن معلوم کیا ، لیکن انیسویں
صدی تک خبر پہنچانے کا سب سے اچھا ذریعہ پیام بر تھا جو پیدل ، گھوڑے یا کسی اور
سواری پر چڑھ کر دور دراز مقام تک پیغام پہنچاتا تھا۔ ۱۸۳۲ء میں سیموئل مورس نے
برقی ٹیلے گران ایجاد کیا۔ ۱۸۷۶ء میں الیگزنڈر گراہم بیل نے ٹیلے فون بنایا ۔ ۱۸۹۵ء
میں مارکونی نے ریڈیو کے ذریعے آوازہ بھیجنے کا انتظام کیا۔ ۱۹۰۱ء میں اس نے پہلی
مرتبہ بحر اوقیانوس سے پار ریڈیو ٹیلے گرانی کے اشاروں کے ذریعے خبر بھیجی - ۱۸۵۸ء
میں پہلی بار بحر اوقیانوس میں کیبل بچھانے کا کام مکمل ہوا اور سمندر پار ملکوں کو تار جانے
لگے ۔ ۱۹۱۵ ء میں سب سے پہلے انسان کی آواز سمندر پار پہنچی ۔ ۱۹۲۷ء میں پورے امریکا
اور یورپ کے درمیان تجارتی پیمانے پر ریڈیو ٹیلے فون سروس کا آغاز ہوا اور اس کے
بعد تیزی سے جنوبی امریکا اور مشرق بعید تک ریڈیو ٹیلے فون کا نظام قائم ہوگیا۔ اس نظام
میں سب سے بڑی خامی یہ تھی کہ موسمی حالات کی وجہ سے بعض اوقات آواز صاف نہیں سنائی
دیتی تھی ۔
اس وقت کو دور کرنے میں مواصلاتی سیاروں نے نمایاں حصہ لیا ہے۔ سب سے
پہلے ٹل اسٹار نامی مواصلاتی سیارے کے ذریعے پیغامات بھیجے گئے ۔ چار سو میل کے فاصلے
پر آواز صاف سنی گئی ۔ یہ سیارہ ۱۰ جولائی ۱۹۶۲ء کو امریکا کے مشرقی ساحل کے وقت کے
مطابق شام، بیج کہ ۲۸ منٹ پر چھوڑا گیا تھا۔ یہ سیارہ زمین سے کم از کم ۵۹۳ میل اور زیادہ
سے زیادہ تین ہزار ۵۰۳ میل تک کے فاصلے پر پہنچا۔ وہ ۵۷۶۸امنٹ میں زمین کے
چاروں طرف ایک گردش پوری کر لیتا ہے۔
اب ان سیاروں کی تعداد بہت ہے. لیکن مواصلاتی سیارے پابندی سے اپنے راستوں
پر گردش کر رہے ہیں اور پیغام رسانی میں بڑی خدمت انجام دے رہے ہیں ۔",1490
P3_1974_051,Naunehal,1974,Magazine,"اچھی زندگی گزارنے کے لیے صحت مند اور تن درست رہنا ضروری ہے ۔ بیمار
آدمی کسی چیز سے فائدہ نہیں اٹھا سکتا ۔ دنیا کی بہترین نعمتیں بھی اس کو خوش نہیں
کر سکتیں ۔ اس لیے بیمار ہونے سے پہلے ہی وہ طریقے اختیار کرنے چاہیں جن سے
صحت قایم رہے ۔ ان طریقوں کو صحت کے طریقے کہنا چاہیے ۔ صحت مند رہنے
کے لیے ہمیں ان طریقوں اور اصولوں کی پابندی کرنی چاہیے۔ اور ان پر عمل کرنا چاہیے۔
سے پہلی اور بہترین چیز تازہ ہوا ہے ۔ ہوا کے بغیر ہم زندہ نہیں رہ سکتے۔
ب
ہوا میں اور کسی جن ہوتی ہے ۔ اور کسی جن ہر جان دار کے لیے ضروری ہے۔ تازہ ہوا
میں اوکسی جن زیادہ ہوتی ہے ۔ تازہ ہوا میں گرد و غبار ، مدتی اور گندگی بہت کم ہوتی
ہے۔ یہ چیزیں صحت کے لیے نقصان دہ ہوتی ہیں ۔ تازہ ہوا ایسی نعمت ہے جو ہر
ایک کو میسر آسکتی ہے ۔ اس نعمت سے ہر ایک کو فائدہ اٹھانا چاہیے ۔ تازہ ہوا حاصل
کرنے کے لیے کھلے میدانوں ، پارکوں اور باغوں میں جانا چا ہیے ۔ گہرے سانس لینے
کی عادت اسی لیے اچھی عادت ہے کہ اس کے ذریعے ہوا نہ یادہ مقدار میں ہمارے
جسم کے اندر پہنچتی ہے ۔ مکانوں ، دفتروں اور اسکولوں کے کھڑکی دروازے کھلے
رہنے چاہیں ، تاکہ زیادہ ہوا خوب اندر آ سکے۔
تازہ ہوا کے ساتھ سورج کی روشنی بھی صحت کے لیے ضروری ہے۔ یہ روشنی
جراثیم کو مارتی ہے ، یعنی جراثیم کش ہے اور بہترین جراثیم کش ہے ۔ اس سے نہیں
حیاتین و روٹامن ڈی ملتی ہے جو ہماری جلد کو ٹھیک رکھنے کے لیے ضروری ہے۔
اس لیے دھوپ سے نہ ڈر ہے۔ بہت زیادہ دھوپ اور گرمی تو نقصان دہ ہے ،
لیکن دھوپ میں فائدے بھی ہیں ۔ سرد ملکوں کے لوگ جہاں دھوپ کم نکلتی ہے اس
کے لیے ترستے ہیں ۔ جس دن سورج نکلتا ہے اس دن وہ خوشیاں مناتے ہیں اور خوب
تن درست رہنے کے لیے غذا بھی ضروری ہے ۔ اچھی غذا وہ ہوتی ہے جو صحت
۔
کے لیے مفید ہو ۔ کھانے کی جو چیزیں ہمیں مزے دار معلوم ہوتی ہیں ضروری نہیں کہ
وہ اچھی غذا کہلا سکیں۔ اچھی غذا اس کو کہتے ہیں جس میں توازن ہو ، یعنی ہر وہ جز
موجود ہو جو صحت کے لیے ضروری ہے ۔ غذا کسی قسم کی ہوتی ہے ۔ اس میں جو اجنز اشکال
ہوتے ہیں ان میں اعتدال ہونا چاہیے ۔ اگر ہماری غذا متوازن نہیں ہو گی تو ہم
کسی نہ کسی بیماری میں مبتلا ہو جائیں گے۔ اچھی غذا سے متعلق آپ کو اور بھی بہت سی
باتیں معلوم ہونی چاہیں ۔
کھانا کھانے کے لیے وقت مقررہ ہونا چاہیے ۔ ہم عام طور پر روزانہ تین بار
کھانا کھاتے ہیں ۔ صبح ناشتہ ، دوپہر کا کھانا ، شام کا کھانا ۔ تینوں بار نہیں وقت
کی پابندی کے ساتھ کھانا کھانا چاہیے ۔ اگر بھوک نہ ہو تو زبر دستی کھانا ٹھونسنا اچھا
نہیں ۔ کم بھوک ہو تو کم کھائیے ۔ بہت زیادہ کھانا بھی اچھا نہیں ، تھوڑی بھوک
لکھ
کر کھانے سے ہاتھ روک لینا چاہیے۔ کم کھانے سے نقصان نہیں ہوتا ، فائدہ ہوتا ہے ۔ زیادہ
کھانے سے بہت نقصانات ہوتے ہیں۔ فائدہ کوئی نہیں ہوتا۔
صحت کے لیے ورزش بھی ضروری ہے ۔ ورزش کے بغیر جسم کم زور رہتا ہے۔
ورزش سے عضلات مضبوط ہوتے ہیں۔ تمام جسم میں خون تیزی سے دوڑنے لگتا ہے۔
خون اپنے ساتھ جسم کے مختلف حصوں میں اوکسی جن اور غذا لے جاتا ہے ۔ خلیات
(CELLS) کے لیے یہ غذا ضروری ہے۔ خلیات جب غذا کو استعمال کر لیتے ہیں تو فضلے
کے طور پر کاربن ڈائی اوکسائڈ بنتی ہے ۔ یہ بھی ایک گیس ہے اور ایک ایسی گیس
ہے جو جسم میں زہر پھیلاتی ہے ، اس لیے جسم کو اس سے نجات ملنی ضروری ہے۔ خون
جسم سے کاربن ڈائی اوکسائیڈ خارج کرنے میں مدد دیتا ہے ۔ ورزش کی مدد سے خون
جسم کے خلیات کو زیادہ او کسی جن اور غذا پہنچاتا ہے اور کاربن ڈائی اوکسانڈ کو زیادہ
اچھی طرح جسم سے نکال سکتا ہے۔
جسم کو آرام ملنا بھی ضروری ہے ۔ نیند آرام کا بہترین ذریعہ ہے۔ سوتے میں
پورے جسم کو آرام ملتا ہے ۔ نیند میں جسم کے تمام خلیات آرام کرتے رہتے ہیں اور
ناکارہ خلیات کی مرقت ہوتی رہتی ہے ۔ سونے میں جسم کے علاوہ زمین کو بھی آرام ملتا
ہے اور انسان اپنی فکریں اور پریشانیاں بھول جاتا ہے ۔ سو کر اُٹھنے کے بعد ہم ٹیسکون
اور تازہ دم ہو جاتے ہیں اور ہم میں کام کرنے کے لیے نٹی طاقت اور اُمنگ پیدا ہوجاتی
ہے ، اس لیے نیند کا خاص خیال رکھنا چاہیے ۔ زیادہ جاگنا اور ادھوری نیند سونا
صحت کے لیے مضر ہے ۔ وقت مقررہ پر ضرور سو جائیے اور وقت مقررہ پر
ضرور اُٹھ بیٹھے ۔ رات کو جلدی سونا اور صبح جلدی اٹھنا ہر لحاظ سے اچھا ہے۔
صحت اور صفائی دونوں بہنیں ہیں۔ دونوں ایک دوسری کے لیے ضروری
ہیں ۔ صفائی کے بغیر صحت قائم نہیں رہ سکتی ۔ اپنے آپ کو صاف رکھیے۔ اپنے جسم
کو، اپنے لباس کو ، اپنے گھر کو ، اپنے اسکول کو ، اپنے محلے کو صاف رکھیے۔",888
P3_1974_052,Naunehal,1974,Magazine,"صندل کے درخت عام طور پر دو تیم کے
ہوتے ہیں ۔ ایک قسم کی لکڑی سفید ہوتی ہی
اور دوسری کی سُرخ - صندل سے عام طور
پر اس کی سفید مقسم مراد لی جاتی ہے ۔
سفید صندل کے درخت کی
اونچائی چالیس فیٹ تک ہوتی ہے۔
یہ درخت سال بھر ہرا بھرا
رہتا ہے اور پت جھڑ کے مہینوں میں بھی
اس کے پتے نہیں جھڑتے ۔ اس درخت
کے تنے کی گولائی تین فیٹ تک ہوتی
ہے۔ ڈالیاں نیلی نیلی اور پتے بھی پہلے پہلے اور ایک دوسرے کے بالمقابل لگے ہوتے ہیں۔
اس کے پھول کچھ گہرے بھورے بنجنی یا لال رنگ کے ہوتے ہیں ۔ ان میں سخت تعجب
کی بات ہے کہ کسی قسم کی خوشبو نہیں ہوتی ۔ پھل گچھیوں میں سیاہ رنگ کے لگتے ہیں جن میں ایک
ایک بیج ہوتا ہے ۔ اس درخت کے تنے کی بیرونی لکڑی جس کے ذریعے درخت پرورش
پاتا ہے ۔ سفید رنگ اور بے بو ہوتی ہے ۔ صندل
کی مشہور لکڑی جو دوا اور فرنیچر کے کام
آتی ہے ۔ در اصل وہ لکڑی ہے جو اس سفید لکڑی کے خول کے نیچے درمیان میں پائی جاتی ہے۔
یہ درمیانی لکڑی جوپہلے بھورے رنگ کی ہوتی ہے نہایت ہی خوش بودار، بے ریشہ سخت اور تیلینی
ہوتی ہے۔ نتیس برس تک اس کی طاقت قائم رہتی ہے ۔ اچھی وہ لکڑی ہوتی ہے جو نہایت ہی
خوش بو داره کم ریشہ اور تیلینی ہو ۔ اس میں نہ تو دیمک لگتی ہے اور نہ گھن لگتا ہے ۔ جو لکڑی
زمین کے نیچے جوڑ میں ہوتی ہے وہ نہایت اعلا قسم کی ہوتی ہے۔ اس میں سے تیل بھی بہت
نکلتا ہے اور رنگ بھی خوب گہرا اور خوش بو نہایت تیز ہوتی ہے۔
صندل کے تنے کو کاٹ کر زمین میں دفن کر دیتے ہیں۔ مہینے دو مہینے میں اوپر والی لکڑی
کو دیمیک بڑے شوق سے کھا جاتی ہے اور خوشبودار لکڑی کو چھوٹی بھی نہیں۔
صندل کے بیجوں کا تیل کو لھو سے نکالا جاتا ہے جو گاڑھا اور چیپ دار ہوتا ہے۔
صندل کے صندوق میں کپڑے رکھنے سے کپڑوں کو کیڑا نہیں لگتا اور ان میں صندل کی خوشبو
بھی لی جاتی ہے۔ لوہے کے سنتھیار اور اوزارہ اگر صندل کے صندوق میں رکھے جائیں تو ان
میں نہ تنگ نہیں لگتا۔
صندل کا تیل بہت سرد ہوتا ہے ۔ اس کا رنگ پیلا ہوتا ہے۔ عطر سازی اور دوا کے کام
آتا ہے اور بہت مہنگا فروخت ہوتا ہے۔ ہندستان کے علاوہ صندل کا درخت کسی اور ملک
میں پیدا نہیں ہوتا ۔ صندل کا تیل اور اس کی لکڑی ساری دنیا میں ہندستان ہی سے جاتی ہے۔
صندل کے دوائی اثرات : صندل کا تیل بہت فرحت بخش ہوتا ہے۔ اس کی
تاثیر نہایت سرد ہوتی ہے۔ اس سے زیادہ سرد کوئی اور نباتی دوا نہیں ہوتی ۔ صندل گرم
مزاج والوں کے دل اور معدے کو قوت دیتا ہے ۔ صندل کا شربت گرمی کے موسم میں عام
طور پر استعمال کیا جاتا ہے ۔ صندل خون کو صاف کرتا ہے ۔ سینے کی جلن کو دور کرتا ہے۔
پیاس بجھاتا ہے ۔ صندل اور اس کا تیل گرم بخاروں ، سوزاک ، گرم نزلے ،خفقان (دل
کا گھبرانا اور بیٹھنا) سوزش معدہ اور صفراوی دستوں میں بہت مفید ہے ۔ صندل کا مزا
کڑوا ہوتا ہے۔ اس کا مزاج سرد و خشک ہے ۔ مقومی طاقت بخش) دافع زہر
تابض اور دل کو قوت پہنچانے والا ہے۔ صندل مصفی خون ہونے کی وجہ سے گرم مزاج
والوں کے چہرے کی رنگت کو نکھارتا ہے اور پیٹ کے کیڑوں کو مارتا ہے ۔صندل کی لکڑی
کو گھس کر بھی اندرونی اور بیرونی طور پر استعمال کیا جاتا ہے۔ جو شاندوں میں صندل کا
برادہ استعمال کیا جاتا ہے۔ برادے کی مقدار خوراک ۳ ماشے سے ۵ ما ننے تک ہے اور
تیل کی مقدار خوراک ۳ سے ۵ بوند تک ۔ اس کو بتاشے میں ڈال کر استعمال کیا جاتا ہے۔
صندل کے تیل کو سونگھنے سے گرم درد سر جاتا رہتا ہے ۔ صندل کو گھس کر لیپ کرنے
سے نکسیر بند ہو جاتی ہے۔
صندل کو مسلسل یا زیادہ مقدار میں استعمال کرنے سے پیشاب کی مقدار بہت گھٹ
جاتی ہے اور پیشاب کے مثانے میں رکے رہنے کی وجہ مثانے میں جلن پیدا ہو جاتی ہے ۔
اور پیشاب بھی جل کر آتا ہے ۔ گردوں اور رجوڑوں میں درد ہونے لگتا ہے ۔
صندل سرخ اس کا درخت سفید ھند
اس کا درخت سفید صندل سے کچھ چھوٹا ہوتا ہے۔ سفید صندل
کی لکڑی زردی مائل سفید ہوتی ہے اور اس کی سرخ ہوتی ہے۔
اس کی لکڑی سے لال رنگ بھی نکالا جاتا ہے۔ لال صندل
کی تاثیر بھی سفید صندل کی طرح
ہوتی ہے، لیکن اس کی بہ نسبت کم زور ہوتی ہے۔ اس کو زیادہ تر خون کی صفائی کے لیے
دیا جاتا ہے۔ مقدار خوراک سفید صندل جتنی ہی ہے ۔",815
P3_1984_053,Naunehal,1984,Magazine,"آزادی انسان کا پیدائشی حق ہے۔ آزادی انسان کا اصلی جو ہر ہے ۔ آزادی دنیا کی سب
سے بڑی نعمت ہے ، یہ ایک نعمت ہی نہیں ضرورت ہے۔ آزادی کے بغیر انسان
کی تکمیل
نہیں ہوتی ۔ غلام انسان ادھورا انسان ہوتا ہے۔ غلامی انسان کو مجبور اور معذور کر دیتی ہے ۔
آزاد انسان اپنا مالک آپ ہوتا ہے اور عزت اور وقار کے ساتھ زندہ رہتا ہے۔ آج ہم
آزاد ہیں اور خود مختار اپنے سفید و سیاہ کے خود مالک ہیں ہمیں اس نعمت کی قدر کرنی چاہیے۔
اور اس کی قدر پوری طرح اُسی وقت ہو سکتی ہے جب ہمیں معلوم ہو کہ یہ نعمت ہمیں کس طرح
ملی اور کس نے دلوائی ۔ آزادی کی نعمت سے فائدہ اٹھاتے وقت ہمارا فرض ہے کہ ہم اپنے
ان محسنوں کو نہ بھولیں جنھوں نے یہ نعمت ہمیں عطا کی ۔
برصغیر پاک وہند پر انگریزوں نے قبضہ کر کے ہمیں غلام بنا لیا تھا ۔ ہماری حکومت چھین
لی تھی۔ وہ ہماری قسمتوں کے مالک بن گئے تھے جو چاہتے تھے کرتے تھے۔ ان کی حکومت مضبوط
تھی مگر ہم کہ زور تھے ۔ آپس کی لڑائیوں نے ہمیں کم زور کر دیا تھا۔ اتحاد نہ ہو تو کم زوری
آہی جاتی ہے ۔ انگریز اس سے فائدہ اٹھا کر ہم پر حکومت کرنے لگے ۔ وہ حاکم تھے اور ہم محکوم ۔
اس محکومی نے ہمیں بہت نقصان پہنچایا تھا۔ ہمیں اپنے آپ ۔ اعتماد نہیں رہا تھا۔ کسی
قوم کو اپنے آپ پر اعتماد نہ ہو تو وہ کوئی کام نہیں کر سکتی ۔ اس کی صلاحیتیں بھی ختم ہو جاتی
ہیں ۔ وہ اپنا نفع نقصان بھی نہیں پہچانتی ۔ اس کا مقصد صرف یہ رہ جاتا ہے کہ وہ کسی نہ کسی
طرح زندہ رہے ، لیکن زندگی کا آزادی کے بغیر کیا مزہ ۔ غلامی کی زندگی بھی کوئی زندگی ہے۔
سلطان ٹیپو کا قول ہے کہ شیر کی ایک دن کی زندگی گیدڑ کی سوسال کی زندگی سے بہتر ہے۔ آزاد
رہ کر زندہ رہنا ہی اصلی زندگی ہے ۔ دنیا میں غلام قوموں کی کوئی عزت نہیں ہوتی ۔ اُن کا مذہب
اُن کی تہذیب، اُن کا علم ، اُن کی روایات ، اُن کی تاریخ ان کے رسم و رواج ، اُن کی زبان،
اُن کی دولت اور تجارت سب خطرے میں ہوتی ہے ۔ مختصر یہ کہ غلام قوم کے لوگ اپنا سب
کچھ بھول جاتے ہیں۔ اُن کی اُمنگیں ختم ہو جاتی ہیں۔ اُن کے جسم میں جان تو ہوتی ہے لیکن
روح نہیں ہوتی۔ روح نہ ہو تو طاقت کہاں سے آئے۔ جذبہ نہ ہو تو عمل کیسے ہو ۔ جب کسی
قوم میں جذبہ اور عمل دونوں کم زور ہو جائیں تو دوسری قومیں ان پر اپنا حکم چلاتی ہیں ۔ ہمارا
بھی یہی حال تھا ۔ ہم بھی ایسی ہی مصیبت میں مبتلا تھے۔ ہماری صلاحیتوں سے دوسرے
لوگ فائدہ اٹھا رہے تھے۔ ہم میں جو تھوڑی بہت قوت عمل رہ گئی تھی وہ انگریزوں کی خدمت
کے کام آ رہی تھی۔ ہم میں جو ذہین اور قابل لوگ پیدا ہوتے تھے وہ انگریز کی نوکری کو فخر کا باعث
سمجھتے تھے۔ لیکن یہ حالات ہماری روح پر بوجھ تھے۔ ہمارے مذہب نے ہمیں سکھایا ہے کہ
سب انسان برابر ہیں۔ کوئی انسان کسی دوسرے انسان کا آقا نہیں ۔ انسان آزاد پیدا ہوا ہے
اور اس کو آزاد ہی رہنا چاہیے۔ چناں چہ ہم ہی میں ایسے لوگ پیدا ہوئے جنھوں نے یہ باتیں
ہمیں یاد دلائیں۔ یہ لوگ ہمارے ہمدرد تھے. ہمارے محسن تھے۔ انھوں نے ہمیں جھنجھوڑا ،
غفلت کی نیند سے جگایا۔ خواب غلامی سے بیدار کیا۔ یہ ہمارے رہبر اور رہنا ہی تھے جنھوں
نے ہم سے کہا کہ جاگو، اٹھو اور اپنا حق حاصل کرو ۔ اپنی چھنی ہوئی آزادی کو واپس لو۔ اپنی
حکومت اپنے ہاتھ میں لو غیروں کو اپنے وطن سے بھگا دو۔
یہ ہمارے وہ رہنما تھے ، جنھوں نے ہم میں شعور پیدا کیا۔ ہمارے دماغوں کو ر تینی بخشی۔
انھوں نے جب یہ آواز اٹھائی تو ان کو بڑی مشکلات کا سامنا کرنا پڑا ۔ اُن کو بہت تکلیفیں
پہنچائی گئیں ۔ اُن کو بڑی قربانیاں دینی پڑیں۔ ان کی کوششوں کا ہی پھل ہے کہ ہمارے
وطن پر آزادی کا سورج چمکا اور ہمارا پاکستان قائم ہو گیا ۔ ہم اُن کے احسان مند ہیں ۔ اُن
کے احسان کو یادر کھنے کے لیے ہم ان کی زندگیوں کو دہرائیں اور اُن کی کوششوں کی
کہانیاں پڑھیں تو اس سے ہمیں بھی فائدہ پہنچے گا ۔ ہمارا ولولہ تازہ رہے گا اور ہم سمجھے
سکیں گے کہ آزادی کی جو نعمت انھوں نے ہمیں دی ہے ہم اس کو کیسے قائم رکھیں ۔",775
P3_1985_054,Naunehal,1985,Magazine,"۱۸۵۷ء میں بر صغیر پاک و ہند کی پہلی جنگ آزادی کی ناکامی کے بعد ملک پر انگریزوں
کا قبضہ مضبوط ہو گیا تو انگریزوں نے وہ تمام تدبیریں اختیار کرنی شروع کیں جو اُن کو آیندہ
اس قسم کے خطروں سے بچا سکیں۔ انھوں نے مسلمانوں کو اپنا نمبر ایک دشمن سمجھا اس لیے
مسلمانوں کے خلاف کارروائیاں شروع کر دیں۔ دوسری طرف مسلمانوں میں مایوسی چھانے لگی۔
انگریزوں سے آزادی حاصل کرنے کے لیے انھوں نے اپنا تن ، من ، دھن سب لگا دیا تھا، لیکن
اس میں ناکامی نے اُن کے حوصلے پست کر دیے ۔ ان کے لیڈر ختم ہو گئے ۔ ان حالات میں
سرسید احمد خان سامنے آئے اور انھوں نے حالات کو سمجھنے کی کوشش کی اور وہ اس نتیجے
پر پہنچے کہ مسلمانوں اور انگریزوں کے درمیان خلیج کو کم کرنا ضروری ہے، اس کے لیے انگریزوں
کو یہ سمجھانا پڑے گا کہ تمام مسلمان انگریزوں کے دشمن اور انگریزی حکومت کے باغی نہیں
ہیں۔
سرسید احمد خان دہلی کے معزز خاندان میں ۱۷ اکتوبر ۱۸۱۷ء کو پیدا ہوئے تھے۔ ابتدائی
تعلیم اُس زمانے کے رواج کے مطابق گھر پر ہوئی ۔ قرآن مجید، فارسی اور عربی کے علاوہ ریاضی
اور طب کی تعلیم بھی حاصل کی ۔ اٹھارہ انیس سال کی عمر میں سرسید نے تعلیم ختم کر دی لیکن مطالعے
کا شوق تمام عمر رہا۔ ۱۸۳۸ء میں اپنے والد میر متقی کے انتقال کے بعد سرسید کو ملازمت کرنی
پڑی، ابتدا میں وہ سررشتہ دار مقرر ہوئے، لیکن جلد ہی منصفی کا امتحان پاس کر لیا۔ ۱۸۴۱ء میں
منصف بنا دیے گئے۔ اس ملازمت میں وہ مین پوری، فتح پور، دہلی، بجنور رہے پھر ترقی پا کر صدر
امین کی حیثیت سے مراد آباد رہے ۔ ۱۸۶۲ء میں غازی پور تبادلہ ہو گیا، جہاں انھوں نے ۶۱۸۶۳
میں سائنٹی فک سوسائٹی قائم کی ۔ اس کے علاوہ انھوں نے غازی پور میں ایک اسکول بھی قائم
کیا ۔ ۱۸۶۲ء میں سرسید کا تبادلہ علی گڑھ ہو گیا اور سائنٹی فک سوسائٹی بھی ان کے ساتھ علی گڑھ
آگئی ۔ یہاں سے ۱۸۶۶ء میں ایک اخبار علی گڑھ انسٹی ٹیوٹ گزٹ کے نام سے نکالا جو پہلے
ہفتہ وار تھا۔ پھر ہفتے میں دو بار شائع ہونے لگا اور سرسید کی زندگی تک نکلتا رہا۔ یہ اخبار
اردو اور انگریزی دونوں زبانوں میں نکلتا تھا اور اس کا مقصد انگریزوں اور مسلمانوں کو ایک
دوسرے کے خیالات و حالات سے واقف کر کے قریب لانا تھا۔ ۱۸۶۷ء میں سرسید کا تبادلہ
علی گڑھ سے بنارس ہو گیا۔
۱۸۶۹ء میں سرسید اپنے دونوں بیٹوں کو لے کہ انگلستان چلے گئے ، جہاں وہ ڈیڑھ سال
تک وہاں کے حالات خاص طور پر وہاں کے تعلیمی اصول اور طریقوں کو دیکھتے سمجھتے رہے ۔ وہ
کیمبرج یونی ورسٹی بھی گئے اور بہت غور سے وہاں کے تعلیمی طریقے کو دیکھا اور سمجھا اور
اپنے ملک اور قوم کی اصلاح و ترقی کے خیالات و جذبات لے کر وطن واپس آئے ، لیکن
یہاں مسلمانوں کے پرانے خیالات اور انگریزی تعلیم سے اُن کی نفرت بہت بڑی رکاوٹ
تھی ۔ چناں چہ سرسید نے مسلمانوں کے خیالات کی اصلاح کے لیے ۱۸۷۰ء میں رسالہ تہذیب
الاخلاق“ جاری کیا، جو چھے سال تک نکلتا رہا۔ اس رسالے کا مقصد یہ تھا کہ ایک طرف
مسلمانوں کو بتایا جائے کہ اسلام سائنس اور تمدنی ترقی کا مخالف نہیں ہے، دوسری طرف
عیسائیوں کی یہ غلط فہمی بھی دور کی جائے کہ اسلام ترقی کا دشمن ہے ۔ تہذیب الاخلاق کی
شروع شروع میں بڑی مخالفت ہوئی، لیکن آہستہ آہستہ اس کو پسند کرنے والے بھی بڑھتے گئے۔
۱۸۷۵ء میں سرسید نے علی گڑھ میں مدرستہ العلوم قائم کر دیا اور پوری توجہ سے مدرسے کا
کام کرنے کے لیے ۱۸۷۶ء میں سرکاری ملازمت سے استعفا دے دیا اور اب وہ پوری طرح
علی گڑھ کو پورے برصغیر کے مسلمانوں کا تعلیمی اور ذہنی مرکز بنانے لگ گئے۔
سرسید کا سفر انگلستان اور ساری جد و جہد دراصل اُن کے اس عظیم کارنامے کے لیے تھی
جو آج مسلم یونی ورسٹی علی گڑھ کے نام سے دنیا کے سامنے ہے اور جس نے مسلمانوں کو جگایا
اور ان کو احساس دلایا کہ مایوسی کے اندھیرے سے نکلنے اور دوسری قوموں کا مقابلہ کرنے
کے لیے اُن کو اپنی تعلیم کا نظام نئی بنیادوں پر قائم کرنا پڑے گا۔ وہ ابتدا میں ہندستان میں
رہنے والی تمام قوموں کی ترقی اور بھلائی کی کوشش میں تھے، لیکن حالات کے رخ کو دیکھ کر
اُن کی دور بین نگاہوں نے بہت جلد یہ دیکھ لیا کہ برصغیر کی دو بڑی قومیں یعنی ہندو اور مسلمان
دل سے کسی کام میں شریک نہ ہو سکیں گی۔ یہی وجہ ہے کہ سرسید کی تحریک برصغیر کے مسلمانوں کی حیات نو
کا ذریعہ بنی اور مسلمان آج ایک آزاد وطن میں خود مختار اور باوقار زندگی گزار رہے ہیں۔ بابائے اردو
نے صحیح لکھا ہے کہ "" اس میں ذرا مبالغہ نہیں کہ قصر پاکستان کی بنیاد میں سب سے پہلی اینٹ اسی پیرمرد
سرسید) کے مبارک ہاتھوں نے رکھی یا
ے لیے
سرسید نے سرکاری ملازمت کے دوران انگریزوں کو قریب سے دیکھا، اُن کی خوبیوں اور خامیوں
کو سمجھا۔ اسی کے ساتھ وہ علمی کاموں سے بھی غافل نہیں رہے ۔ انھوں نے "" آثار الصنادید جیسی
تحقیقی کتاب لکھی، جس کا فرانسیسی زبان میں ترجمہ گارسیں دتاسی نے کیا۔ بجنور کی تاریخ لکھی "" اسباب
بغاوت ہند“ جیسی کتاب لکھ کر انگریزوں کی غلطیوں کو بڑی جرات سے واضح کیا۔ آئین اکبری کی
تصحیح کی ۔ تاریخ سرکشی بجنور لکھی۔ تاریخ فیروز شاہی کی تصحیح کی سیکڑوں مضامین لکھے ۔ کالج کے۔
چندے جمع کیے ۔ کالج کی عمارتوں کی تعمیر کی خود نگرانی کی۔ خود انگریزی کی تعلیم حاصل نہیں کی تھی،
لیکن انگریزی کی عمدہ کتا بیں اردو میں ترجمہ کرائیں اور جدید خیالات و معلومات سے اہل وطن
کو روشناس کرایا ۔ سیرت نبی صلی اللہ علیہ وسلم پر ولیم میور کی کتاب کا مدلل جواب "" خطبات احمدیہ
کی شکل میں لکھا اور اس کا انگریزی ترجمہ اپنا سامان بیچ کر شائع کیا۔ سرسید کی زندگی محنت، خدمت
اور قومی ہمدردی کا بہت اعلا نمونہ ہے ۔ انھوں نے مسلمانوں کے حق میں جو راستہ صحیح سمجھا اس
پر مخالفتوں اور رکاوٹوں کی پروا کیے بغیر مردانہ وار چلتے رہے۔
یہ روشن خیال مصلح عمر بھر اپنی قوم کی ذہنی ترقی کی کوشش اور اردو ادب کو مالا مال کرنے میں مصروف رہا
اور آخر ۲۷ مارچ ۱۸۹۸ء کو دنیا سے رخصت ہوا۔ یہ اسی بے لوث رہنمائی کا نتیجہ ہے کہ
آج بڑے سے بڑا ماہر تعلیم بھی اپنے آپ کو سرسید ثانی کہلا کر فخر کرتا ہے ۔",1096
P3_1986_055,Naunehal,1986,Magazine,"پاکستان کو اللہ نے جہاں اور بہت سی نعمتوں سے نوازا ہے وہاں ۵۲۷ میں لیے ساحل
کی شکل میں ایک بیش بہا خزانہ بھی دیا ہے۔ سمندر کی اہمیت کا اندازہ اس بات سے لگایا
جا سکتا ہے کہ اللہ تعالیٰ نے قرآن شریف میں مسلمانوں کو سمندر اور اس سے متعلق علوم کی
طرف متوجہ کیا۔ سمندر سے غذا اور استعمال کی دوسری چیزیں حاصل کرنے کی طرف راغب کیا۔
عربوں نے قرآن سے راہ نمائی حاصل کرتے ہوئے جہاز رانی کے فن میں خوب ترقی کی۔
جغرافیائی لحاظ سے پاکستان منطقہ حارہ میں واقع ہے۔ دنیا کے اس حصے کی خصوصیت
یہ ہے کہ یہاں سمندر کے ساحل کے ساتھ ساتھ ایسے جنگلات پائے جاتے ہیں جن کے نشو نا
کے لیے سمندری پانی کی ضرورت ہوتی ہے۔ ان کو کرنا کے جنگلات ( MANGROVES کہا
جاتا ہے ۔ جس طرح سمندر کے ساحل پر پانی کبھی آگے آجاتا ہے اور کبھی پیچھے چلا جاتا ہے ۔
اسی طرح یہ جنگلات پانی میں ڈوبتے اور اُبھرتے رہتے ہیں۔ یہ بھی دیکھا گیا ہے کہ یہ جنگلات
خالص سمندری پانی کے مقابلے میں اس علاقے میں زیادہ ہوتے ہیں جہاں بارش کا پانی
یا شہر کے ندی نالوں کے راستے سے آنے والا پانی سمندر میں آکر گرتے ہیں اور پانی کی نمیکنیت
کو کم کرتے ہیں۔ کرنا کے جنگلات شمالی اور جنوبی نصف کرہ میں ۳۲ درجہ عرض البلد تک پھیلے
ہوتے ہیں۔ براعظم اوسٹریلیا میں یہ جنگلات البتہ ۳۸ درجہ عرض البلد تک پائے جاتے ہیں۔
پاکستان کے دو صوبوں سندھ اور بلوچستان کی سرحدیں سمندر سے
ملتی ہیں، لیکن کرنا کے جنگلات زیادہ تر سندھ کے ساحل پر
واقع ہیں۔ ایک سروے کے مطابق یہ جنگلات ۲۸۶ ۲۲۹
ہیکٹر پر پھیلے ہوئے ہیں۔ بلوچستان میں یہ نہ ہونے کے برابر ہیں۔
کرنا کے جنگلات میں مختلف انواع کے درخت پائے جاتے ہیں ۔
پاکستان میں یوں تو آٹھ قسم کے درخت ملے ہیں، لیکن جو قسم
کثرت سے نظر آتی ہے اس کا نباتاتی نام AVICENNIA)
) MARINA سے ۔ مقامی لوگ اسے تیمبر ( TIMER ) کہتے ہیں۔
کرنا کے جنگلات ابتدا ہی سے انسان کی توجہ کا مرکز رہے ہیں ۔ خاص طور پر ساحل
سمندر کے قریب رہنے والے لوگ ان پر مکمل انحصار کرتے ہیں ۔ آگ جلانے اور گھر بناتے
کے لیے لکڑی، مویشیوں کے لیے چارا ، کھانے کے لیے سمندری جانور (جھینگا مچھلی وغیرہ)
اس کے علاوہ مختلف بیماریوں کا علاج بھی ان درختوں سے کیا جاتا تھا۔ سمندری شکار پر
جانے کے لیے کشتیاں بھی ان درختوں کی لکڑیوں سے بنتی تھیں۔
کرنا کے جنگلات کی اصل اہمیت اس میں آباد بے شمار قسم کے حیوانات اور نباتات
سے ہے، جن کی وجہ سے یہ علاقہ نہایت زیر خیر بن گیا ہے۔ درختوں کے پتے جب نیچے
گرتے ہیں تو خرد بینی جراثیم ان کو نہایت قیمتی غذا میں تبدیل کر دیتے ہیں۔ اس کے علاوہ
ندی نالوں کے ذریعہ سے آنے والے غیر نامیاتی اجزا یہاں پہنچ کر نامیاتی مرکبات میں تبدیل
ہہ جاتے ہیں، جن سے اس علاقے کی غذائی اہمیت میں اضافہ ہو جاتا ہے۔ یہی وجہ ہے
جھینگے، مچھلیاں اور دوسرے اہم سمندری جانور اس علاقے میں خاص طور سے خوراک حاصل
کرنے کے لیے آتے ہیں۔ یہ تو معلوم ہی ہے کہ سمندری جھینگے اور مچھلیاں دوسرے ملکوں کو
برآمد کر کے ہم کثیر تعداد میں زر مبادلہ حاصل کرتے ہیں ۔ اس طرح یہ جنگلات ہمارے ملک
کی معاشی ترقی میں اہم کردار ادا کرتے ہیں۔
کرنا کے جنگلات کو موجودہ دور میں ایک اور اہم کام میں استعمال کیا جارہا ہے ، یعنی
سمندری جانوروں کی آبی کاشت کے لیے ۔ آبی کاشت کا مطلب ہے کہ جانوروں کو مطلوبہ
مقدار اور موسم میں حاصل کرنے کے لیے مصنوعی طریقے سے پالنا اور نشوو نما کرنا۔ کرنا
کے جنگلات اس مقصد کے لیے بہت مفید پائے گئے ہیں، کیوں کہ ایک تو یہ سمندر کے
قریب ہوتے ہیں، اس لیے سمندر کے پانی کو آسانی سے تالابوں میں لایا جا سکتا ہے۔ دوسرے
یہ کہ تالاب بنانے کے لیے تمام چیزیں کہ نا کے جنگلات میں مل جاتی ہیں۔ پھر علاقے
کی زرخیزی کی وجہ سے جانوروں کا نشود نما بھی تیز ہوتا ہے۔ اس وقت دنیا کے کئی ملکوں میں
بحری جانوروں کی آبی کاشت ہو رہی ہے۔ ان میں مچھلیوں، جھینگوں ، صدقی حیوانوں کیکڑوں
اور بحری نباتات کی کئی قسمیں شامل ہیں۔
کیکڑا
ہمارے ملک میں جامعہ کراچی میں سندھ
کے کرنا بیر بڑی تفصیل سے تحقیقی کام ہو
رہا ہے۔ ابتدائی تحقیق سے معلوم ہوا ہے
کہ یہاں ۱۲۰ قسم کے غیر فقری جیوان پائے
جاتے ہیں۔ ان میں سے زیادہ تر کا تعلق
حیوانات صدقيه (MOLLUSCS ) سے
ہے۔ دوسرے نمبر پر قشریہ آتے ہیں۔
کچھ جانور ایسے بھی پائے گئے ہیں جو کرنا
کے درختوں میں ہی رہتے ہیں۔
ایک مرتبہ درخت میں داخل ہو جائیں تو ساری زندگی وہیں گزار دیتے ہیں۔ یہ درخت میں
مستقل آگے بڑھتے رہتے ہیں اور ساتھ ہی اپنے جسم کی لمبائی میں بھی اضافہ کرتے رہتے
ہیں۔ یہ جانور درختوں کے لیے نقصان دہ ہیں، کیوں کہ درختوں کو اندر سے کھوکھلا کر دیتے
ہیں۔ ان
کو بحری دیک“ کا نام بھی دیا گیا ہے ۔
کرنا کے جنگلات کے متعلق معلوم ہوا ہے کہ یہ سمندری جھینگوں کی پرورش کے
لیے بہت ضروری ہیں۔ جنوب مشرقی ایشیا کے کئی ممالک میں کرنا کے علاقے کو جھینگوں کی
کاشت کے لیے استعمال کیا جا رہا ہے۔ فلی پین میں ۱۷۲۰۰۰ ہیکر علاقہ جھینگوں کی پرورش
کے لیے استعمال ہو رہا ہے ۔ ہماری تحقیق سے یہ بات معلوم ہوئی ہے کہ معاشی اہمیت کے
جھینگوں کی کئی قسمیں کرنا اور اس کے قریب کے کم گہرائی والے علاقوں میں زندگی کا
کچھ حصہ گزارتی ہیں۔ یہاں انھیں اچھی غذا کے ساتھ موسم کی شدت اور سمندر کی تیز میچوں
سے تحفظ بھی ملتا ہے ۔
سمندر کے ساحلی علاقوں میں واقع کرنا کے جنگلات سے جو بحری حیوانات غذا کے
طور پر کھانے کے لیے نکالے جاتے ہیں۔ ان میں جھینگوں اور مچھلیوں کے علاوہ کیکڑے
اور صد فی جانور (سیپیاں) بھی شامل ہیں۔ کیکڑوں کا سوپ کراچی کے بعض ہوٹلوں میں ملتا
ہے اور بہت مزے دار ہوتا ہے۔ اسی طرح سیپیوں کی تین قسمیں بھی لوگ بہت شوق سے کھاتے
ہیں۔ البتہ ہمارے ہاں ان کا عام رواج نہیں ہے۔
یہ کرنا کے جنگلات سے متعلق چند خاص باتیں تھیں جو آپ نے پڑھی ہیں۔ ان سے اندازہ
کیا جا سکتا ہے کہ کرنا کے جنگلات کسی ملک کی معیشت کے لیے کتنے اہم ہوتے ہیں۔ اس لیے
ان جنگلات کی خصوصی نگہ داشت، منصوبہ بندی اور ان میں کثافت کی روک تھام کے لیے
اقدامات کی ضرورت ہے تاکہ ان سے اچھی طرح فائدہ اُٹھایا جا سکے۔",1113
P3_1988_056,Naunehal,1988,Magazine,"قدرت نے کرہ ارض پر جو نعمتیں مہیا کی ہیں ان میں پہاڑوں، دریاؤں، سمندروں معدنیات
اور نباتات وغیرہ کے علاوہ جنگلی حیوانات بھی ہیں ۔ ہمارے ذہنوں میں جنگل کا ایک خاص
مفہوم پہلے سے موجود ہے، یعنی اونچے اونچے گھنے درختوں کا ایک بڑا مجموعہ ۔ لیکن آج کل
ماہرین کے نزدیک جنگل کا لفظ اپنے اندر کافی وسیع معنی رکھتا ہے۔ اور ہر وہ علاقہ ، پہاڑ ،صحرا، بنجر خطہ یا جنگل جس کے اندر کا قدرتی ماحول انسانی دخل اندازی سے بچا ہوا ہو ۔
اُسے جنگلی ماحول کہا جاتا ہے۔ اس وضاحت کے مطابق جنگلی حیوانات صرف وہی نہیں
ہیں، جو صرف گھنے درختوں کے درمیان رہتے ہوں، بلکہ تمام وہ حیوانات جو انسانوں کے پالے
ہوئے نہ ہوں اور از خود اپنی سخت جانی ، قوت رذہانت کے بل بوتے پر زندہ ہوں جنگلی
حیوانات میں شمار ہوتے ہیں ۔ صحراؤں کے سانپ اور چھپکلیاں ، دریاؤں کے گھڑیاں اور
مگر مچھ، پہاڑوں کے اُڑیاں اور مار خور ، سبھی جنگلی حیوانات میں شامل ہیں۔
حیوانات کے لفظ کا صحیح مفہوم سمجھنا بھی بہت ضروری ہے۔ حیوانات میں صرف گائے،
بھینس، شیر، چیتا، گینڈا ، ہاتھی یا وہی جان دار شامل نہیں جو بڑے قد اور بڑے ڈیل ڈول کے
مالک ہوں، بلکہ حیوانات جان داروں کے ایک بہت بڑے گروہ کا مجموعی نام ہے، جس میں
اتنے چھوٹے جان دار بھی شامل ہیں، جنھیں خرد بین کے بغیر نہیں دیکھا جا سکتا، اور اتنے
بڑے کبھی کہ انھیں دیکھ کر خوف آنے لگتا ہے۔ حیوانات میں مرجان (CORALS) ، دودے
، (WORMS)
، (SHRIMPS)
کیچو۔
بجوے (EARTH WORMS) ،جونکیں (LEECHES) ، حصن
لاکھوں قسم کے حشرات (INSECTS) ، ہزار پا (MILLIPEDES) ، بچھو (SCORPIONS)
گھونگے، مچھلیاں، مینڈک، پرندے اور بچوں کو دودھ پلانے والے سب ہی جان دار شامل ہیں۔
سائنس دانوں نے حیوانات کی تقریباً ۵ لاکھ الگ الگ قسمیں بیان کی ہیں، جو کرہ ارض پر ملنے
والے کئی طرح کے قدرتی ماحول میں رہ رہی ہیں۔
جنگلی حیوانات کے فائدے کرہ ارض پر رہنے والے دوسرے حیوانات اور خود انسان کے
لیے کیا ہیں؟ اس پر جتنا بھی غور کیا جائے اتنا ہی قادر مطلق کے احسان کے آگے سرجھکتا ہے۔
ابتدا سے ہی انسان حیوانات کو شکار کر کے اُن کے گوشت سے اپنا پیٹ بھر رہا ہے اور ان کی
کھال سے اپنا جسم ڈھانپتا رہا ہے۔ لیکن خوراک حاصل کرنے کا یہ طریقہ بے شمار حیوانات میں
بھی رائج ہے۔ یہ اصول کہ "" طاقت ڈر کم زور کا شکار کرتے ہیں کرہ ارض میں ہر طرف
کار فرما ہے ۔ شیر اور چیتے، بھیڑوں اور بکریوں، جنگلی بھینسوں یا زیروں کا شکار کرتے
ہیں ۔ گیدڑ اور لومڑیاں اپنے ماحول میں سے چوہوں اور خرگوشوں پر گزر اوقات کرتے ہیں۔
آسمان پر اُڑنے والے شاہین، عقاب باز، شہباز اور شکرے بھی کم زور پرندوں پر چھٹتے رہتے
ہیں، بلکہ ان میں سے بعض تو زمین پر رینگنے والے سانیوں، چھپکلیوں اور چوہوں کو بھی کھا
جاتے ہیں ۔ یہی حال سمندروں، دریاؤں اور جھیلیوں میں رہنے والے حیوانات کا ہے ، جن
کے بارے میں یہ مقولہ مشہور ہے کہ بڑی مچھلی، چھوٹی مچھلی کو کھا جاتی ہے ۔ حیوانات کی
ان چند مثالوں سے یہ حقیقت سامنے آتی ہے کہ چھوٹے بڑے لاکھوں اقسام کے حیوانات
کو کرہ ارض پر پیدا کر کے قدرت نے جان داروں کا ایک ایسا نظام قائم کر دیا ہے کہ
ایک کی زندگی کا انحصار دوسرے کی موجودگی پر ہے ۔ اور سب مل کر زندگی کے اس نظام
کو چلا رہے ہیں ۔
حیوانات کی ان عادتوں کے کچھ چھپے ہوئے پہلو سبھی ہیں، جن کے فائدے تھوڑے سے
غور سے معلوم ہو جاتے ہیں۔ ایک تو یہ کہ مختلف حیوانات کی آبادیاں کسی بھی قدرتی ماحول
میں اتنی بڑھ نہیں پاتیں کہ دوسرے کے رہنے سہنے میں کسی مشکل کا باعث بن سکیں،
اور نہ اتنی کم ہو جاتی ہیں کہ اُن پر زندہ رہنے والے دوسرے حیوانات کو بھوکا رہنا پڑے۔
ایک توازن کی حالت رہتی ہے ۔ دوسرا بڑا فائدہ انسان کے لیے یہ ہے کہ حیوانات کی اس
عادت سے کہ ایک جان دار کسی نہ کسی طرح دوسرے جان دار پر زندہ رہتا ہے، انسان بہت
سے مسائل سے بچارہتا ہے، مثلاً بے شمار اقسام کے پرندے سارا دن کیڑوں مکوڑوں کو
کھاتے رہتے ہیں۔ مچھلیوں کے بچے اور پانی کے دوسرے حیوانات کے بچے مچھروں کے
لاروے کھا کر بڑے ہوتے ہیں۔ اگر ایسا نہ ہوتا تو مختصر عرصے میں کیڑوں مکوڑوں بھگھیوں
کی تعداد اس قدر بڑھ جاتی کہ انسان کے لیے زندہ رہنا محال ہو جاتا۔ یا ہماری فصلوں،
پودوں اور پھلوں پر حشرات کا حملہ اس قدر شدید ہوتا کہ ہمارا موجودہ ذہہن سہن خطرے میں
پڑ جاتا۔
جب سے انسان نے جنگلی جانوروں کو پالنا شروع کیا ہے اُن کے فائدے کا ایک
نیا پہلو سامنے آیا ہے ۔ گھوڑوں، اونٹوں، ہاتھیوں اور گدھوں کو دور دراز کے سفر، بار برداری
اور جنگوں میں استعمال کے لیے پالنا بہت پرانی بات ہے ۔ کتوں
کو رکھوالی کے لیے پالنا
بھی کوئی نیا نہیں۔ پہلے زمانے میں کبوتر پیامبری کے لیے بھی پائے جاتے رہے ہیں۔ شاہین
اور شبانہ کا پالنا تو اب ایک باقاعدہ فن ہے۔ سدھائے ہوئے شاہین اور باز لاکھوں روپے
میں سکتے ہیں۔ بطخوں کی سیکڑوں نسلیں پال کر پیدا کر لی گئی ہیں۔ اب تو کئی ملکوں میں
نایاب حیوانات کو پالنے کا رجحان بھی بڑھ رہا ہے ۔ بعض عرب ملکوں میں تلور کو پال کر
جنگلی ماحول میں چھوڑ دیتے ہیں، تاکہ پھر اُس کا شکار شاہینوں کے ذریعہ سے کیا جائے۔
اور شکار کا لطف اُٹھایا جائے ۔ مرغیوں ، تیتروں ، بیٹیروں کو پال کر ایسی نسلیں تیار کر
لی گئی ہیں کہ کوئی انتہائی خوب صورت پیروں کی وجہ سے دل کو لبھاتی ہیں اور کوئی مشین کی
طرح روزانہ انڈے دے کہ معاشی فائدے کا ذریعہ ہیں ۔ یہاں تک کہ انسان نے زہریلے
سانپ کو پال کر اُس کے زہر کو بھی اپنے مقاصد کے لیے استعمال کرنا شروع کر دیا ہے ۔
گھونگھوں کو خوراک کے لیے اور سیپیوں کو موتی پیدا کرنے کے لیے سدھا لیا گیا ہے اور مکھیوں
کو شہد پیدا کرنے کے لیے گھروں میں رکھ لیا گیا ہے۔ عرض حیوانات کی دنیا میں اتنے رنگ،
اتنا تنوع اور اتنی حیرانیاں ہیں کہ جتنا گہرائی میں جائیں اتنی ہی عقل عاجز نظر آتی ہے ۔ ہر
ایک نسل کی اپنی الگ دنیا ہے اور ہر گروہ کا اپنا ہی تانا بانا ہے ۔ ان کی زندگی کے جس
پہلو کو دیکھیں نئے راز کھلتے چلے جاتے ہیں۔ یہ ممکن نہیں کہ ایک مضمون ، ایک کتاب یا
چند کتابوں میں ان سب کو بیان کیا جاسکے۔
ران تمہیدی اشاروں کے بعد ہم کوشش کریں گے کہ اس سلسلہ مضامین میں مختلف
قسموں کے حیوانات کی زندگی کے دل چسپ پہلوؤں کا صحیح سائنسی خطوط پر آپ سے تعارف کروائیں۔",1137
P3_1988_057,Naunehal,1988,Magazine,"سن : سمندر کے نیچے سے تیل کسی طرح نکالا جاتا ہے ؟ افشاں سلیم ، میر پور خاص
ج : دنیا میں تیل اتنی تیزی اور اس کثرت سے استعمال ہو رہا ہے کہ اب خشکی کے علاوہ
سمندروں کی تہ سے بھی نکالا جا رہا ہے۔ اس کی بنیادی وجہ یہ ہے کہ آپ اس وقت سمندروں
کو جہاں دیکھ رہے ہیں وہ ہمیشہ سے وہاں موجود نہ تھے۔ ہماری زمین کی عمر پانچ ارب سال کے
قریب ہے اور اس طویل عرصے میں اس پر اتنے انقلاب آچکے ہیں اور اس کے اندرونی اور بیرونی
حصے اس بُری طرح اوپر نیچے ہوتے ہیں کہ کوئی چیز اپنی اصلی جگہ قائم نہیں رہی اس وقت زمین
پر انسان موجود نہیں تھا۔ اسی انقلاب کی وجہ سے بہت سے جان دار زمین کی تہوں میں دب کر
رہ گئے اور زبردست دباؤ کی وجہ سے تیل میں تبدیل ہو گئے۔ پھر ان بڑے بڑے گڑھوں میں
بارش کا پانی بھر گیا اور وہ سمندر کہلائے۔ ان سمندروں کی نہ میں بھی تیل اسی طرح محفوظ ہو گیا
جس طرح زمین کی خشک سطح کے نیچے ملتا ہے۔ سمندر سے تیل نکالنے کے لیے بھی ہم وہی طریقہ اور
و ہی ساز و سامان استعمال کرتے ہیں جو خشکی پر استعمال کرتے ہیں۔ پہلے تو سمندر پر ایک بڑا پلیٹ
فارم قائم کیا جاتا ہے جس پر انجنیر اور اُن کا سازو سامان ٹھیر سکے۔ پھر ڈیرک دبھاری سامان
اٹھانے کا کرین) لگا کر زمین کو کاٹنے اور کھودنے والے آلات لگائے جاتے ہیں اور پانی میں
اُتارے جاتے ہیں۔ ان آلات کو تہ کافی گہرائی پر ملتی ہے۔ اسے کاٹتے کاٹتے وہ اس تہ تک پہنچ
جاتے ہیں جہاں تیل محفوظ ہے۔ تیل نکل آتا ہے تو پھر اُسے اوپر لانے کی ترکیب کی جاتی ہے۔ اس
کام میں بڑی احتیاط برتی جاتی ہے تاکہ سمندر کا پانی تیل میں شامل نہ ہو جائے۔
س : عنصر کیا ہوتا ہے ؟ دنیا میں سب سے پہلے کون سا عنصر وجود میں آیا ؟
مزمل امیر علی ، کراچی
ج : دنیا کی تمام چیزیں مختلف عناصر سے مل کر بنی ہیں۔ اس لحاظ سے اسے بنیادی مارے
کی حیثیت حاصل ہے۔ ہم نے ہر عنصر کو الگ الگ نام دیا ہے ، کیوں کہ ہر عنصر اپنی خصوصیات میں
دوسرے سے مختلف ہوتا ہے۔ اس کی اندرونی بناوٹ بھی مختلف ہوتی ہے۔ دنیا کا سادہ ترین
عنصر ہائیڈروجن ہوتا ہے۔ ہائیڈروجن کے ایٹم کے مرکزے پر صرف ایک پروٹون ہوتا ہے اور
اس کے چاروں طرف صرف ایک ہی مدار یا حلقہ ہوتا ہے ، جس پر صرف ایک الیکٹرون گردش کرتا
رہتا ہے۔
س : مٹی کے بنے ہوئے مکانات کنکریٹ کے بنے ہوتے مکانوں کے مقابلے میں ٹھنڈے
ظهیر حسن، حیدرآباد
کیوں ہوتے ہیں ؟
ج : یہ مسئلہ ہے حرارت کے سرایت کرنے یا منتقل ہونے کا۔ بعض چیزیں گرمی کی اچھی
موصل ہیں ، یعنی حرارت ان میں سے آسانی سے گزر جاتی ہے اور بعض چیزوں میں سے نہیں گزرتی۔
مثلاً آپ جلتی ہوئی لکڑی کا دوسرا سرا اپنے ہاتھ میں پکڑ لیتے ہیں اور کوئی تکلیف نہیں ہوتی۔
لیکن اگر لوہے کی ایک سلاخ کا ایک سرا آگ میں رکھیں تو تھوڑی دیر بعد ہی دوسرا کھلا سرا اتنا
گرم ہو جائے گا کہ آپ اسے چھو نہیں سکیں گے، کیوں کہ لکڑی حرارت کی اچھی موصل نہیں ہے
جب کہ لو با حرارت کا اچھا موصل ہے ۔ یہی حال کچی مٹی اور کنکریٹ کا ہے ۔ کچی مٹی میں سے حرارت
آسانی سے نہیں گزر سکتی، اس لیے کچے مکانات گرمیوں میں ٹھنڈے رہتے ہیں جب کہ سیمنٹ اور
کنکریٹ وغیرہ میں سے حرارت آسانی سے گزر جاتی ہے، اس لیے ان کے بنے ہوئے مکانات گرمیوں
میں جلد گرم ہو جاتے ہیں اور ان میں رہنا مشکل ہو جاتا ہے۔
س: جب ہم چھینکتے ہیں تو اس سے پہلے ناک میں کھجلی کیوں محسوس ہوتی ہے ؟
محمد عرفان برنی، کراچی
ج : پہلے یہ سمجھ لیجے کہ چھینک اصل میں ہے کیا ۔ چوں کہ ہماری ناک کے نسخارے ہر وقت کھلے
رہتے ہیں اور ہم اُن کے ذریعہ سے مستقل طور پر سانس لیتے اور چھوڑتے ہیں، اس لیے سانس کے
ساتھ مختلف جراثیم کے اندر جانے کا راستہ کھلا رہتا ہے۔ ان جراثیم میں اچھے بھی ہوتے ہیں اور
بُرے بھی۔ ان کے علاوہ سردی گرمی بھی ناک میں داخل ہو سکتی ہے۔ جب آپ کسی ٹھنڈے کمرے
سے باہر گرمی میں نکلتے ہیں تو سب سے پہلے آپ کی ناک متاثر ہوتی ہے اور کبھی کبھی آپ کو درجہ
حرارت کے اس فرق کی وجہ سے چھینک بھی آجاتی ہے۔ قدرت نے ان جراثیم اور گرمی سردی کے فرق
کو دور کرنے کے لیے ہمیں چھینک ایک ہتھیار کے طور پر عطا کی ہے۔ جب یہ حملہ آور ناک میں داخل
ہوتے ہیں تو ہمیں ناک کی نازک جھلی پر ہلکی سی سرسراہٹ ، تحریک یا کھجلی سی محسوس ہوتی ہے
اور قدرت کا بخشا ہوا یہ خود کار نظام حرکت میں آتا ہے ۔ ہمیں چھینک آتی ہے جو بڑے زور سے
ان حملہ آوروں کو باہر پھینک دیتی ہے اور ہم ان کے نقصان سے محفوظ رہتے ہیں۔
س : خلائی اسٹیشن کیا ہے، یہ کس کام آتا ہے ؟
ظہیر حسن ، حیدر آباد
ج : ابھی تک خلا میں کوئی خلائی اسٹیشن ایسا قائم نہیں کیا گیا جو زمین کے چاروں طرف
گھوم رہا ہو اور اس پر خلا باز رہ رہے ہوں ۔ البتہ نظریاتی طور پر سائنس داں اسے ممکن اور
قابل عمل سمجھتے ہیں۔ بالکل اسی طرح جیسے زمین کی کشش سے چاند یا انسان کے چھوڑے ہوئے مصنوعی
سیارے اس کے چاروں طرف گردش کر رہے ہیں۔ روس اور امریکا کے بہت سے خلا باز خلا میں زیادہ
سے زیادہ ٹھیرنے کا کام یاب تجربہ کر چکے ہیں۔ وہ اپنے راکٹ سے باہر نکل کر خلا میں سیر کر چکے ہیں
اور وہاں کچھ دیر ٹھیر بھی چکے ہیں۔ ان تجربات کی روشنی میں یہ کہا جاتا ہے کہ زمین سے تعمیر کا سامان
خلا تک راکٹ میں پہنچا کر اور اس کو آپس میں جوڑ کر خلائی اسٹیشن بنایا جاسکتا ہے جس میں خلا اور
کائنات پر تجربات کرنے کے آلات ہوں گے اور خلا بازوں کے قیام کرنے کا بندوبست ہو گا۔ یہ خلائی
جهاز مستقل طور پر زمین کے چاروں طرف گردش کرتا رہے گا۔ اس میں زمین والوں کے ساتھ بات
چیت کرنے اور پیغام رسانی کا بھی معقول بندوبست ہوگا۔ راکٹ یہاں سے وہاں تک جاتے رہیں
گے اور واپس آتے رہیں گے۔ امید ہے کہ کائنات پر جتنے اچھے اور واضح تجربات خلا سے کیے جاسکیں گے
وہ زمین سے نہیں کیے جاسکتے۔ اس قسم کی قیام گاہ کو خلائی اسٹیشن کہا گیا ہے۔
س: برقی روشنی ہمیشہ خط مستقیم میں کیوں چلتی ہے ؟ نور محمد ، کھلابٹ ٹاؤن شپ
ج : ہم جانتے ہیں کہ روشنی ایک قسم کی توانائی ہے اور ایک جگہ سے دوسری جگہ نہایت تیزی
سے پہنچ جانے کی صلاحیت رکھتی ہے۔ اس کے خط مستقیم میں چلنے کا آسان تجربہ آپ نے کیا ہو گا اور اپنی
کتاب میں بھی پڑھا ہو گا جب آپ کسی اندھیرے کمرے میں داخل ہوتے ہیں جس میں کسی باریک
سوراخ سے روشنی آرہی ہو تو آپ گرد کے ذرات کی مدد سے اس روشنی کا راستہ آسانی سے دیکھ
سکتے ہیں جو ہمیشہ سیدھا ہوتا ہے۔ یعنی روشنی کی کرنیں ہمیشہ سیدھی چلتی ہیں اور اگر ان کے راستے
میں کوئی رکاوٹ آتی ہے تو وہ ترک جاتی ہیں اور اس کے اندر سے نہیں گزر ہیں۔ اس طرح اس
رکاوٹ کا سایہ بن جاتا ہے۔",1258
P3_1989_058,Naunehal,1989,Magazine,"چاول کے کنکر
بعض اوقات چاولوں میں اتنے کنکر ہوتے ہیں کہ چھنتے چنتے آنکھوں میں درد ہونے
لگتا ہے۔ چاولوں کو صاف کرنے کی بہترین ترکیب یہ ہے:۔
چاولوں کو ایک بڑے تھال میں پھیلا کر صحن میں رکھ دیں اور آپ تھال سے تھوڑی
ڈور ٹوکری میں ڈوری باندھ کر بیٹھ جائیں ۔ تھوڑی دیر بعد چڑیاں آئیں گی اور تمام چاول
چگ جائیں گی ۔ اب ٹوکرے کی مدد سے ان چڑیوں کو پکڑ لیں اور چھری سے انھیں ذبح کر کے
ان کے پوٹوں سے تمام چاول نکال لیں۔ یقین کریں ان چاولوں میں ایک بھی کنکر نہ ہو گا۔
اچھی بری
بعض اوقات کسی پکی ہوئی چیز کے بارے میں پتا ہی نہیں چلتا کہ یہ خراب ہے یا
اچھی ۔ اس کو پھینکتے کو بھی جی نہیں چاہتا کہ مسالا اور کبھی ضائع ہو گا اور کھانے کو بھی جی نہیں
چاہتا کہ نقصان نہ پہنچ جائے ۔ ایسی چیز کو پرکھنے کا آسان طریقہ یہ ہے کہ اللہ کا نام لے کر
آپ وہ چیز کھا لیں ۔ اگر آپ کو خدا نخواستہ کچھ ہو گیا تو گھر والے سمجھ لیں گے کہ وہ چیز
اور ٹھیک ٹھاک ہی ہو گی ۔
خراب تھی اور اگر کھانے کے بعد آپ صحیح سلامت رہیں تو مبارک ہو، وہ چیز وٹامن سے بھر لوپر
واشنگ مشین
کپڑے دھونے سے ہاتھوں کی خوب صورتی ختم ہو جاتی ہے اور اس کام میں وقت بھی
سے
کافی لگتا ہے ۔ اس کے لیے آپ واشنگ مشین خرید لیں ۔ اگر پیسے نہ ہوں تو کسی .
اُدھارے نہیں۔ اگر رقم دینے والا واپسی کا مطالبہ کرے تو کسی دوسرے سے اُدھار لے کر
پہلے والے کا اُدھار چکا دیں۔ اسی طرح دوسرے کا اُدھار کسی تیسرے سے اور تیسرے کا
چوتھے سے۔ یہ سلسلہ بہت عرصے تک چل سکتا ہے ۔ فائدہ یہ ہوگا کہ گھر آنے جانے
والوں کی کثرت ہوگی۔ گھر کی بے رونقی ختم ہو جائے گی ۔ ہر وقت چہل پہل رہے گی۔
بچت
کم نہائیے تاکہ صابن کم خرچ ہو ۔ کم کھائیے تاکہ کھانے پینے کی چیزیں زیادہ خرچ
نہ ہوں ۔ شام کو اندھیرا ہوتے ہی سو جائیے اور دن چڑھے اُٹھیے۔ بجلی کا بل کم آئے گا۔
م پچھلے تاکہ جوتے کم گھیں ۔ روزانہ اخبار نہ منگوائیے بلکہ ردی والے سے ڈھیر سارے اخبار
خرید کر ایک ہی وقت میں کام کی باتیں پڑھ لیں ۔ وقت کی بچت ہوگی اور پیسے بھی کم
خرچ ہوں گے۔ اگر یہ پیسے بھی بچانا چاہتے ہوں تو آسان نسخہ یہ ہے کہ روز محلے میں سے
کسی نئی جگہ سے اخبار منگوائیں اور واپس نہ کریں۔ اس طرح کافی روی جمع ہو جائے
گی اور آڑے وقت پر کچھ پیسے بھی مل جائیں گے۔",454
P3_1989_059,Naunehal,1989,Magazine,"جس عظیم خاتون کا ہم ذکر کر رہے ہیں وہ اگر چہ آج ہم میں موجود نہیں ہیں، مگر اُن کا
نام، اُن کے کارنامے اور ان کی زندگی تاریخ میں سنہری حروف سے لکھی جائے گی۔
فاطمہ جناح ۳۱ جولائی ۱۸۹۳ء کو کراچی میں پیدا ہوئیں۔ یہ اُس زمانے کی بات ہے جب
قائد اعظم محمد علی جناح لندن میں بیرسٹری کی تعلیم پارہے تھے۔ آپ قائد اعظم سے چھوٹی تھیں ، لیکن
انھوں نے اپنے بھائی سے ہر بات پر خوب غور کرنے کی عادت سیکھ لی تھی ۔ ۔ ابھی صرف دو
سال کی تھیں کہ آپ کی والدہ وفات پا گئیں۔ اس کے چار برس بعد آپ کے والد پونجا
جناح اپنے بچوں کو لے کر بھارت کے شہر بمبئی پچھلے تھے ۔ ابھی زندگی کے دسویں سال
میں قدم رکھا تھا کہ والد کا انتقال ہو گیا۔ ایک سال بعد قائد اعظم نے باندرہ کا ٹونٹ
اسکول میں ان کو داخل کرا دیا ۔
194 ء میں آپ کو قائد اعظم نے سینٹ پیٹرک ہائی اسکول کھنڈالا میں داخل کرا دیا۔
یہاں سے آپ نے دسویں کا امتحان اچھے نمبروں سے پاس کیا۔ ۱۹۱۳ء میں محترمہ فاطمہ
جناح نے پرائیوٹ طالبہ کی حیثیت سے سینیٹر کیمبرج کا امتحان دیا ۔ ۱۹۱۸ء تک کی
زندگی سیاست کے نشیب و فراز پر غور کرنے میں گزری، لیکن آپ نے سیاست میں
عملی طور پر کام کرنے سے گریز کیا۔ ۱۹۱۹ء میں آپ کے شوق کو دیکھتے ہوئے قائد اعظم
نے آپ کو ڈاکٹر احمد ڈینٹل کالج کلکتہ میں داخل کرا دیا ۔ ۱۹۲۳ء میں آپ نے عبدالرحمن
اسٹریٹ میں ڈینٹل کلینک کھول لیا ۔ آپ کے حُسن سلوک کو دیکھتے ہوئے لوگ آپ
کے پاس دوڑے آتے مگر یہ طرز زندگی آپ کو پسند نہ آیا کیوں کہ آپ قائد اعظم سے کنٹ
۔
کر رہ گئی تھیں ۔
بعد میں جب قائد اعظم کی اہلیہ کا انتقال ہوا تو محترمہ فاطمہ جناح نے تمام زندگی
اپنے بھائی کے لیے وقف کر دی اور پاکستان کے قیام کی کوششوں میں آپ نے قائد اعظم
کا بھر پور ساتھ دیا۔
محترمہ فاطمہ جناح ایک ملنسار خاتون تھیں۔ انھوں نے خواتین میں جذبہ آزادی
کو اُبھارا ۔ آپ نے پاکستان بنانے کے لیے مسلم خواتین کے ساتھ مل کر تاریخ ساز کارنامہ
انجام دیا۔ آپ پہلی مسلم خاتون ہیں جنھوں نے لاہور میں مسلم سیکریٹریٹ میں پاکستانی
جنڈا لہرایا۔
قیام پاکستان کے بعد آپ نے کراچی میں مستقل رہائش اختیار کی ۔ آپ ہر موقع
پر قائد اعظم کو مفید مشورے دیا کرتی تھیں اور ان کی ہمت اور حوصلہ بڑھاتی تھیں ۔
آپ نے ہمیشہ اپنے ذاتی مفاد پر قومی مفاد کو ترجیح دی۔
۱۹۴۸ء میں جب قائد اعظم سخت بیمار ہوئے تو اس موقع پر بھی آپ نے ان کی
تیمار داری میں کوئی کسر نہ اُٹھا رکھی۔ قائد اعظم کے انتقال کے بعد آپ نے سیاست میں
حصہ نہ لیا، لیکن قومی مفاد کو کبھی نظر انداز نہ کیا۔",483
P3_1989_060,Naunehal,1989,Magazine,"جونکیں سمندری اور زمینی کیجوؤں سے عام مشابہت رکھنے کے باوجود اس لحاظ سے مختلف
ہوتی ہیں کہ ان کے جسموں کے باہر سمندری کیچوؤں جیسے پائے نہیں ہوتے اور زمینی کیچوں کی طرح
کے کانٹے بھی نہیں ہوتے۔ جونکوں کے لمبوترے، گولائی مائل جسم کے اگلے اور پچھلے دونوں سروں پر
ہوتی ہیں جو دوسرے کیجوؤں میں نہیں ہوتیں۔ ان کے جسموں کے
باہر گول چھلتے اندرونی قطعات کے مطابق نہیں ہوتے، بلکہ کافی زیادہ ہوتے ہیں۔ (شکل 1)
چکنے والی پلیٹیں
جونکوں (LEECHES) کی میانی آنت اگر چہ چھوٹی
اگرچہ
ہوتی لیے رخ پیر پڑی ہوئی نالی کی طرح ہوتی ہے، لیکن
اس کے پہلوؤں پر دونوں طرف تھیلیوں کی شکل کے اضافی
حقے لٹکے ہوئے ہوتے ہیں۔ یہ تھیلیاں خاص طور پر
خون چوسنے والی جونکوں میں بڑی نمایاں ہوتی ہیں۔ ان
تھیلیوں کی موجودگی کی وجہ سے جب
کبھی موقع ملتا ہے،
جونکیں خون کی ایک کثیر مقدار جذب
کر لیتی ہیں اور پھر
ہفتوں، بلکہ مہینوں تک بغیر مزید خوراک لیے زندہ رہ
سکتی ہیں۔ کہا جاتا ہے کہ ایک جونک ایک ہی وقت میں
اپنے وزن سے اگنا تک خون اپنی آنتوں کی تھیلیوں
(شکل ۔ ۲) میں ذخیرہ کر لیتی ہیں ۔ تمام اقسام کی جونکوں
میں نر اور مادہ تولیدی اعضا موجود ہوتے ہیں۔ جب
جونکوں میں صنفی ملاپ ہوتا ہے تو دونوں جونکوں کے
نر منو یسے ایک دوسرے کو میٹر آجاتے ہیں جس سے
ان کی اگلی نسل چلتی ہے۔ زمین پر حرکت کرتے وقت جونکیں اپنے جسم کو درمیان میں خم دے کر پچھلے
حصے کو آگے لے آتی ہیں اور جسکنے والی پلیٹ کو ایک انگلی پختہ طور کر گاڑ لیتی ہیں پھر اگلے جسمانی حصے
کو اکھاڑ کر آگے لے جاتی ہیں اور فاصلے پر پھر ایک جگہ چپکا لیتی ہیں ۔ اس طرح اگلی اور پچھلی چپکنے
والی پلیٹوں کو باری باری اپنی جگہ سے ہٹا کر اور پھر چپکا کر حرکت کرتی رہتی ہیں۔ (شکل ۔ ۳) وہ جونکیں
جو پانی میں رہتی ہیں ان کے جسم جیسے اور پتلے ہوتے ہیں اور وہ اوپر نیچے عموداً لہراتی ہوئی سفر کرتی ہیں ۔
(شکل (۳)
جونکوں کی کئی قسمیں ہیں جن کی خوراک حاصل کرنے اور رہنے سہنے کی مختلف عادات ہیں ۔ زمین کے
علاوہ میٹھے اور سمندروں کے نمکین پانیوں میں چھوٹی بڑی جونکیں کثرت سے ملتی ہیں۔ ہر قسم کے افراد
کی بود و باش دل چپ اور بعض اوقات حیران کن ہے۔ زمینی جونکیں سخت گرم، سخت سرد اور خشک
موسموں کے زمانے میں ایک دم غائب ہو جاتی ہیں اور زمین کے نیچے سرمائی یا گرمائی نیند میں سو کر
موزوں وقت کا انتظار کرتی ہیں۔ پاکستان کے شمالی پہاڑی علاقوں کی وادیوں میں زمینی جونکیں کافی تعداد
میں ہوتی ہیں ۔ موسم برسات کے ساتھ ہی یہ جونکیں کافی تعداد میں نکل آتی ہیں اور وادیوں سے پہاڑی
ڈھلانوں پر اوپر کی طرف حرکت کرنے لگتی ہیں۔ اگر
بارش بہت زیادہ ہو اور بہت زیادہ مقدار میں پانی
زمین پر کھڑا ہو جائے تو یہ جونکیں بڑی تعداد میں درختوں
پر بھی چڑھ جاتی ہیں۔ ان جونکوں کے جھڑے بغیر دانتوں
کے ہوتے ہیں، اس لیے یہ زمین پر پائے جانے
والے نرم جسم کے حشرات اور لارووں کو اور انگل
جاتی ہیں۔
جونکوں کی اکثر قسمیں حیوانات کا خون چوس کر
خوراک حاصل کرتی ہیں۔ جب یہ جیٹروں کے دانتوں
سے کسی حیوان کے جسم میں زخم بناتی ہیں تو زخم کے خون
کے اندر ایک کیمیائی مادہ پروڈین (HTRUDIN)
داخل
کرتی ہیں جس کی وجہ سے خون جمتا نہیں اور
آسانی سے بہتا ہوا ان کے معدے میں پہنچ جاتا ہے۔ نیز یہ کہ اس کیمیائی مادے سے زخم کے
ارد گرد والی شریانیں پھیل کر چوڑی ہو جاتی ہیں۔ خون کی زیادہ مقدار بہنے لگتی ہے اور جونک کم وقت میں
زیادہ خون چوس لیتی ہے۔ بعض جونکوں میں دانتوں سے زخم پیدا کرنے کے بجائے ان کی آنت کا اگلا
متھ سے باہر نکال کر اس کی مدد سے زخم لگائے جاتے ہیں۔
خون چوسنے کے لیے میزبان حیوانات کے انتخاب میں جونکوں نے کوئی رعایت نہیں کی ۔ ہیلو بڈیلا
(HELOBDELLA) جونک مچھروں کے لاروں، چھوٹے قشریوں اور گھونگھوں کا خون چوستی ہے۔ ایک
اور جونک جو چلتے اور کھڑے دونوں قسم کے پانیوں میں یورپ میں ملتی ہے، وہ مچھلیوں اور
آئی چھپکلیوں
(SAL ALANDERS) کا خون چوستی ہے۔ بطخوں کی جونکیں اُن کے نتھنوں اور منھ کے اندر داخل ہو جاتی
ہیں اور اُن کی اندرونی نرم جھلیوں سے خون چوسنے لگتی ہیں۔ اگر ان پرندوں کے نتھنوں میں جونکوں کی
تعداد بڑھ جائے تو سانس رکنے سے اُن کی موت بھی واقع ہو جاتی ہے ۔ ان عادات کی ایک اور ہمنوٹس
(LIANOTIS) نامی جونک ایسے چشموں، تالابوں اور جوہڑوں میں رہتی ہے جہاں سے گائے، بھینسیں یا
گھوڑے پانی پیتے ہیں۔ جب یہ حیوانات اپنی تھوتھی ڈبو کر پانی پی رہے ہوتے ہیں تو یہ جونکیں بڑی
تعداد میں ان کے تھنوں میں داخل ہو جاتی ہیں اور سرکتے سرکتے اُن کے گلے یا خوراک کی نالی تک جا
پہنچتی ہے۔ ان کے خون چوسنے کے عمل سے حیوانات کی اندرونی نازک چھلیاں سوج جاتی ہیں،سانس
بند ہو سکتی ہے اور بڑے بڑے تنومند حیوانات کی موت واقع ہو سکتی ہے۔ اگر انسان بھی ان تالابوں
کا پانی پیسے تو چھوٹی جسامت کی جونکیں اس کے متھ اور ناک میں بھی داخل ہو کر اسے نقصان پہنچا
سکتی ہیں
(PISCICOLA)
پیپسی کولا (COLA
جونگ عام طور پر مچھلیوں کا خون چوستی ہے ۔ یہ جونک جسم کی پچھلی
چکنے والی پلیٹ کی مدد سے پانی میں موجود پودوں پر گھنٹوں، بلکہ دنوں تک لٹکتی رہتی ہے۔ جو بھی کی تھیلی
اس کے نزدیک آتی ہے تو اس کی وجہ سے پانی میں پیدا ہونے والی ہلچل یا مچھلی کے سائے سے متاثر
ہو کر یہ جونک اپنے لٹکے ہوئے جسم کے اگلے حصے کو پانی کی سطح پر لہرانے لگتی ہے اور اگر مچھلی کا
جسم اس کے اگلے چیکنے والے حصے سے چھو جائے تو یہ فوراً پچھلی طرف سے اپنی گرفت کو چھوڑ کر مچھلی
سے چپک جاتی ہے اور کئی دن تک، بلکہ بعض اوقات ایک ماہ تک مچھلی سے چپکی رہتی ہے اور خون چوستی
رہتی ہے۔ اگر جونکوں کی تعداد زیادہ ہو جائے تو خون کے زیادہ مقدار ضائع ہو جانے سے مچھلی کا
وزن بہت گھٹ جاتا ہے۔ نہ صرف بہت سی اقسام کی مچھلیاں بلکہ کچھوے بھی ان جونکوں کی زد میں
آتے رہتے ہیں۔
طبی جو تک (MEDICINAL LEECH) دنیا کے بہت سے حصوں میں انسانی خون کو نکالنے
کے لیے وسیع طور پر استعمال ہوتی رہی ہے۔ اس کے متعلق یہ تصور کیا جاتا تھا کہ یہ پاگل پن سے
لے کر درد نقرس تک کا کام یاب علاج کر سکتی ہے۔ بعض علاقوں میں جونکوں کو فشار خون (بلڈ پریشر)
بعد
کے علاج کے لیے استعمال کیا جاتا ہے۔ طبی جونک کی طلب یورپ میں اس قدر رہی ہے کہ وہاں
سے جو تک تقریباً غائب ہو گئی ہے۔ ایک وقت میں یہ جونک ، اسے ۱۵ ملی لیر خون چوس لیتی ہے
اور جب یہ جم کے زخم میں سےاپنے دانت ہٹاتی ہے تو ہ سے ملی پیر خون مزید رہ جاتا ہے
اور اس کے بعد خون کا بہنا بند ہوتا ہے ۔ جونک کی انٹریوں میں موجود بعض بیٹر یا
خون کو کئی ماہ
تک سرنے نہیں دیتے، اس لیے ایک دفعہ کے خون کی خوراک پر یہ جونکیں 4 ماہ تک بھی زندہ رہ
لیتی ہیں۔ اگر اس کے بعد بھی انھیں خوراک نہ ملے تو ان کے جسم کے اندر بافتوں (TISSUES) کی
ٹوٹ پھوٹ سے انھیں اتنی خوراک ملتی رہتی ہے کہ یہ زندہ رہ لیتی ہیں ۔
۵۰۰
انسانوں کی سب سے خطرناک دشمن وہ زمینی جونکیں ہیں جو ایشیا
کے جنوبی اور جنوب مشرقی علاقوں
جنوبی امریکا، مڈغاسکر وغیرہ میں ملتی ہیں۔ ان کی - ۵ کے لگ بھگ قسمیں ہیں۔ سیلونی جونگ
(CEYLON LEECH) ، سری لنکا میں بڑی کثرت سے ملتی ہے ۔ یہ کپڑوں کے اندر چھوٹے چھوٹے
سوراخوں میں سے گزر سکتی ہے اور انسانی جلد میں بغیر محسوس ہوئے کاٹ کر داخل ہو جاتی ہے ۔ یہ
سیو نہیں اپنے شکار کو اس کی حرکات اور بو سے شناخت کر لیتی ہیں۔ چوں کہ یہ جونکیں بڑی کثیر تعداد
میں حملہ آور ہوتی ہیں، اس لیے جب یہ جسم سے الگ ہوتی ہیں تو بڑی زیادہ مقدار میں خون یہ جاتا
ہے، اس لیے یہ جونک خوف ناک تصور کی جاتی ہے۔
اگر چہ جونکوں کی کئی قسمیں سمندری پانیوں میں رہتی ہیں ، لیکن اکثر دریاؤں، جھیلوں، جو ہڑوں اور
تالابوں کے میٹھے پانیوں میں ملتی ہیں۔ تیز بہنے والے پانیوں سے یہ جونکیں دور رہتی ہیں اور کم گہرے
پانیوں کو پسند کرتی ہیں، جہاں اکثر اوقات تہ میں پتھروں وغیرہ کے نیچے ایک مربع میٹر رقبے پر کئی سو
جونکیں وہ بھی گئی ہیں۔ جیسا کہ پہلے ذکر آچکا ہے، جونگیں بے شمار قسم کے چھوٹے بڑے حیوانات کا
خون چوستی ہیں اور ساری دنیا میں ملتی ہیں، لیکن ان کی زیادہ تعداد دنیا کے گرم علاقوں (TROPICS)
کے حیوانات اور گرم خون (WARY-BLOODED) حیوانات کا خون چوستی ہے ۔ جونکوں کا رنگ بھورا،
زرد یا بنر یا ان رنگوں سے ملتا جلتا ہے ۔ جونکوں میں اپنے جسم کو لمبا کرنے اور سیکڑنے کی کافی خوبی
ہوتی ہے لیکن ان کی مختلف قسموں کی زیادہ سے زیادہ لمبائی 4 سینٹی میٹر سے ۱۵ سینٹی میٹر تک ہوتی
ہے ۔ مچھروں کے لاروں کی جونک ، ہیلو بڈیلا اور یورپ میں گھونگھوں کی جونگ، گلاسی فونیا
GLOSS TPHONE) کی ایک قسم صرف ایک سینٹی میٹر لمبی ہوتی ہے۔ گلاسی فونیا کی ایک دوسری قسم
۳۶۰ سنٹی میٹر لبی، سکتے کی جونک (1) استے کی جونک (DOC LEECH) 4 سینٹی میٹر لمبی اور وسطی اور جنوبی امریکا کی بعض میرالی
جونکیں ۔ سینٹی میٹر لمبی ہوتی ہیں۔ ان میں سب سے زیادہ لمبی طبی جونک اور گھوڑا جونک
(HORSE LEECH) ہوتی ہیں، جو ۵ اسنٹی میٹر تک پھیل سکتی ہیں ۔",1646

