file_id,source,year,title,raw_text,token_count
P4_1990_01,Ankh Micholi,1990,پانی,"پانی پیتے ہوئے یا کبھی ہاتھ منہ دھوتے ہوئے ہم نے کبھی بھی اس کی اہمیت پر غور نہیں کیا ہوگا
جبکہ حقیقت یہ ہے کہ پانی انسانی زندگی کے لئے نہایت اہم ہے۔ یعنی انسانی جسم کی نشو و نم کے لئے کار یو بانی دیتے
پروٹین، وٹامن، معدنیات اور چکنائی ضروری ہیں ، پانی ان سے بھی زیادہ ضروری ہے۔ ممکن ہے آپ یقین نہ
کریں مگر حقیقت یہ ہے کہ انسان کو اگر چالیس روز تک خوراک نملے تب بھی وہ زندہ رہ سکتا ہے مگر پانی کے
بغیر وہ سات دن کے بعد موت کے منہ میں چلا جائے گا۔
پانی ہمارے جسم میں غذا کو تحلیل کرنے میں مدد دیتا ہے۔ اسی طرح جسم کے فالتو مادوں کا اخراج بھی پانی
ہی کے ذریعے گل میں آتا ہے۔ اگر یہ کہا جائے کہ پانی انسانی جسم کے لئے سب سے زیادہ ضروری ہے تو بے جا
نہ ہو گا ۔ ایک عام آدمی کے جسم میں اس کے گل وزن کا ۶۵ سے ۷۵ فیصد حصہ پانی پر مشتمل ہوتا ہے۔ اسی طرح
جسم کے ،، سے ۵ فیصد ٹشوز بھی پانی سے بنے ہوتے ہیں۔ ہمارا خون بھی پانی کی وجہ سے پتلا ہوتا ہے۔
اور سارے جسم میں دوڑا پھرتا ہے ۔ خدانخواستہ یہی خون پانی کی کمی سے اگر گاڑھا ہو جائے تو صرف پیند
 منٹوں میں انسان کی موت واقع ہو سکتی ہے۔
آپ یہ جان کر حیران ہوں گے کہ ہماری ہڈیاں جو بظا ہر ھوس معلوم ہوتی ہیں ۔ ان کا ۲۰ فیصد سے
زائد پانی پر مشتمل ہوتا ہے۔ ایک عام آدمی پورے دن میں تین کوارٹ QUART پانی استعمال کرتا
ہے۔ واضح رہے کہ ایک کوارٹ چوتھائی گیلن کے برابر ہوتا ہے۔ دوسرے لفظوں میں یوں بھی کہا
جا سکتا ہے کہ ایک عام آدمی پون گیلن پانی ایک روز میں استعمال کر لیتا ہے۔
یوں تو پانی کو چائے کاتی ، لتسی یا شربت کی شکل میں بھی استعمال کیا جاتا ہے مگر سادہ پانی کے
ایک گلاس کی اہمیت اپنی جگہ ہمیشہ بر قرار رہے گی۔ اسی طرح ہماری خوراک کا پچاس فیصد حصہ بھی پانی پر
مشتمل ہوتا ہے ۔ ہمارے جسم سے پانی مختلف ذریعوں سے نکلتا بھی رہتا ہے ۔ گردے کے ذریعے
پیشاب کی شکل میں ، جلد سے پینے کی شکل میں اور بخارات کے ذریعے جسم کا پانی خارج ہوتا ہے ۔ بسا اوقات حسیم کا
پانی بڑی مقدار میں خارج ہو جاتا ہے جوزندگی کے لئے خطرناک ثابت ہوتا ہے۔ جسم میں پانی کی شدید کمی کو
DEHYDRATION کہا جاتا ہے ۔ ڈی ہائیڈریشن کے عمل میں خون نہایت گاڑھا ہو جاتا ہے اور
دل تک نہیں پہنچ پاتا۔ چنانچہ جب دل خون کو پمپ کرنے سے قاصر ہو جائے تو وہ رُک جاتا ہے جسے ہارٹ فیل
ہونا کہتے ہیں۔ ہم میں سے اکثر ساتھی پانی بہت کم پیتے ہیں۔ انہیں ایسا ہرگزہ نہیں کہنا چاہیے۔ امریکن میڈیکل
ایسوسی ایشن کے ڈاکٹر ہیرالڈ وین کا کہنا ہے کہ "" ہر شخص کو ایک دن میں کم از کم آٹھ گلاس پانی ضرور پینا چاہیے ؟“
ڈائٹنگ کرنے والے افراد کے لئے ڈاکٹروں کی خاص ہدایت ہے کہ دو ڈائیٹنگ کے دوران اپنی صحت
کا خاص خیال رکھیں اور خاص طور پر جسم میں پانی کی کمی کا نوٹس لیں۔ اسی طرح ایک ماہر کھیل مسٹر رابرٹ یاس
تمام ایتھلیٹ کو یہی مشورہ دیتے ہیں کہ وہ کھیل سے قبل، کھیل کے دوران اور کھیل کے بعد پانی ضرور پیا کریں۔
تاکہ جسم سے پینے کی شکل میں جو پانی نکلتا رہا ہے اس کی کمی پوری ہو سکے ۔ ان
کا کہنا یہ بھی ہے کہ پانی پینے سے
قوت میں اضافہ بھی ہو جاتا ہے۔ اسی طرح ہماری جلد کی خوبصورتی کا دارو مدار بھی ہمارے جسم میں موجود پانی پر ہوتا
ہے۔ پانی کی کمی ہونے کی صورت میں جلد سکڑ جاتی ہے اور اس پر چھتریاں پیڑنے لگتی ہیں ۔
نیو یارک یو نیورسٹی اسکول آف میڈین کے پروفیسر ڈاکٹر نکولس سوٹر کا کہنا ہے کہ اپنی جلد کا خیال کیئے۔
خصوصاً چہرے کی جلد کا اسے دھوتے وقت خاصی احتیاط برتھے۔ کیونکہ اس میں موجود چکنائی کے گلینڈ آپ
کے چہرے کو خشک ہونے سے محفوظ رکھتے ہیں:
پانی سے مختلف امراض کی روک تھام کا طریقہ قدیم زمانے سے موجود ہے۔ جاپان میں ۵۰۰ ارسال
پہلے گرم پانی کے شب بنے ہوتے تھے ۔ جہاں بیماروں اور عام آدمیوں کے لئے نہانے کی کھلی آزادی تھی۔
اسی طرح رومنوں کے ہاں بھی معدنی چشموں پر نہانے کا رواج عام تھا۔ ان معدنی چشموں کے پانی سے مختلف
امراض خصوصا جلدی امراض میں نہایت فائدہ ہوتا ہے۔ کیونکہ پانی میں شامل مختلف معدنیات اور خود
پانی کانیم گرم ہونا بھی جلد کو جراثیم سے محفوظ رکھتا ہے ۔
اسی طرح ٹھنڈے پانی کو بھی طبیتی لحاظ سے ڈاکٹر حضرات مفید قرار دیتے ہیں ۔ آپ نے اکثر دیکھا
ہو گا کہ کسی کو تیز بخار چڑھ جائے تو ڈاکٹر کے کہنے پر اس کی پیشانی پر ٹھنڈے پانی کی بیٹیاں رکھی جاتی ہیں۔
اسی طرح سوجین کو بھی ٹھنڈے پانی سے دور کیا جا سکتا ہے۔ اگر پٹھوں میں کھنچاؤ کی کیفیت پیدا ہو اور درد
محوس ہو تو پھر گرم پانی سے اس کو سیکھنے میں بڑا آرام ملتا ہے ۔
گویا کھانے پینے سے لے کر نہانے اور سینکائی کرنے کے علاوہ بھی پانی کا ایک اور فائدہ ہے ۔ اگر
کہیں آگ لگ جائے تب بھی یہی پانی اسے بجھانے کے کام آتا ہے گو یا جسم کی حفاظت سے لے کر آگ
سے بچاؤ تک یہ ہر موقعہ پر ہمارے کام آتا ہے ۔ آخر میں ہم آپ
کو یہ بھی بتا دیں کہ پانی کن چیزوں سے مل کر
بنتا ہے۔ پانی ہائیڈروجن اور آکسیجن سے مل کر بنتا ہے "" ہائیڈروجن کے دو سالمے اور آکسیجن کا ایک سالمہ یعنی
H2O"" یہ ہے پانی کا فارمولا - بیچی بات یہ ہے کہ پانی کی اہمیت کا صیحیح اندازہ ہمیں پیاس کی حالت میں
ہوتا ہے. جب زبان پر کانٹے پڑنے لگیں یا حلق سوکھ جائے تب پانی کا ایک گلاس
دنیا کی تام نعمتوں پر بھاری نظرآتا ہے۔",1011
P4_1990_02,Ankh Micholi,1990,ائیے علم جمع کریں,"آپ سوچ رہے ہوں گے کہ ٹکٹ جمع کرنا، تصویر میں جمع کرنا یا سکتے جمع کر ناتو سنا تھا لیکن علم "" جمع
کرنا پہلی بار سنا ہے۔ لیکن اگر آپ ذرا سا غور کریں تو آپ کو اندازہ ہو گا کہ یہ چیزیں جمع کرنا بھی تو دراصل
علم "" ہی جمع کرنا ہے کیونکہ علم صرف کتابوں، رسالوں یا اخباروں میں ہی نہیں ملتا بلکہ آپ کے اطراف
میں بکھری ہوئی تمام اشیاء کسی نہ کسی انسان کے اسی علم کا اظہار ہیں جو اس نے اپنی عقل و دانش کی مدد سے
حاصل کیا ہے۔ جس طرح کوئی انسان مال و دولت جمع کرتا ہے تو اس کا اظہار اس طرح کرتا ہے کہ عیش و
آرام کے ساتھ زندگی گزارتا ہے۔ اچھے اور قیمتی کپڑے پہنتا ہے، بڑے بڑے گھر بناتا ہے، نئی نئی گاڑیاں
خریدتا ہے کسی کو قدیم اشیاء اور نوادرات جمع کرنے کا شوق ہوتا ہے پھر وہ ان کے لئے کوئی عجائب گھر بناتا ہے
اور ان اشیاء کی نمائش کرتا ہے۔ مختلف افراد اپنی خواہش اور پسند کے مطابق کسی نہ کسی شکل میں ” دولت ""
جمع کرتے ہیں اور اس کا اظہار کرتے ہیں اسی طرح جب کوئی شخص دنیا کی سب سے قیمتی دولت یعنی ""علم""
جمع کرتا ہے تو اس کا اظہار کرنے کے لئے ایجادات کرتا ہے کتابیں لکھتا ہے تہذیبی اور ثقافتی روایات کو فروغ
دیتا ہے۔ علم کے علاوہ کسی طرح کی بھی دولت صرف اپنے مالک کو فائدہ پہنچاتی ہے بلکہ بعض اوقات اس کا
اظہار کسی نہ کسی پریشانی کا سبب بھی بن جاتا ہے لیکن علم وہ دولت ہے جو اپنے مالک کے ساتھ ساتھ تمام
انسانوں کو بھی فائدہ پہنچاتی ہے، اس کا اظہار ہمیشہ فائدہ مند ثابت ہوتا ہے اور سب سے اچھی بات یہ ہے کہ اس
کو جتنا زیادہ خرچ کیا جائے اتنی ہی یہ بڑھتی چلی جاتی ہے۔ اس کے ساتھ ساتھ اس کے مالک کی عزت اور
مرتبے میں بھی اضافہ ہوتا ہے پھر اس کے اطراف کے لوگوں تک اس
کی روشنی پھیلتی ہے اور جلد ہی اس کے
اچھے اثرات اس شخص کی پوری قوم اور ملک کو دنیا کی دوسری قوموں میں نمایاں مقام دلانے میں کامیاب
ہو جاتے ہیں۔ ” علم کی دولت "" جمع کرنے کے صرف یہی نہیں اور بھی بے شمار فوائد ہیں اسی وجہ سے ہم
نے سوچا ہے کہ آپ کو اس قیمتی دولت کو جمع کرنے کے طریقے بتائے جائیں۔
آئیے پہلے ہم ایک دفعہ یہ بات بھی اچھی طرح سمجھ لیں کہ ” علم “ ہے کیا اور اس کے معنی کیا ہیں۔
مختلف لغات میں ( آپ یقیناً جانتے ہی ہوں گے کہ لغت وہ کتاب ہوتی ہے جس میں حروف تجی کی
ترتیب کے ساتھ الفاظ کے معنی اور ان کا استعمال وغیرہ بتایا جاتا ہے۔ ” لغات "" لغت کی جمع کو کہتے ہیں)
لفظ علم کی وضاحت کچھ اس طرح کی گئی ہے عربی زبان میں اس کے معنی دیئے گئے ہیں ”حقیقت شے کا
ادراک "" یعنی کسی چیز کی حقیقت کو جاننا "" ۔ فارسی کی لغت میں اس کے معنی جاننا، آگاہ ہونا، اور عقل و
دانش ۔ اردو کی لغت میں اس کے معنی آگاہ ہونا، جاننا یا عقل و دانش حاصل کرنا لکھے گئے ہیں۔ انگریزی کی
مختلف لغات میں تقریباً یہی معنی ملتے ہیں مثلاً چیمبرز فیملی ڈکشنری
میں ""علم"" یعنی (سل) کے یہ معنی
دیئے گئے ہیں ""
کے ہیں سیکھنا، تجربات کے ذریعے معلومات حاصل کرنا کسی چیز کے بارے میں واقفیت رکھنا۔ ""
مختلف لغات کی ان تمام تعریفوں سے یہ بات ثابت ہوتی ہے کہ "" علم حقیقت کو سمجھنے، چیزوں کو جاننے اور
معلومات حاصل کرنے کا نام ہے جس کے نتیجے میں انسان کی عقل اور دانش میں بھی اضافہ ہوتا ہے۔ ""
آپ میں سے اکثر نے ابتدائی دور کے انسانوں کے بارے میں پڑھا ہو گا کہ وہ کس طرح غاروں میں
رہتا تھا، پتھروں سے شکار کر کے غذا حاصل کرتا تھا اور درختوں کی چھال کے کپڑے پہنتا تھا پھر آہستہ آہستہ
اس نے ترقی کی منزلیں طے کرنی شروع کیں غاروں سے نکلا گھروں میں آباد ہواز مین پر شہر بسائے اب
آسمانوں پر اس کی پرواز ہے۔ روز مرہ کی ضروریات کو پورا کرنے کے لئے کتنی انواع و اقسام کی چیزیں اب
اس کے پاس ہیں۔ ان کے علاوہ ایسے سائنسی و تکنیکی طریقے موجود ہیں جن کی مدد سے وہ اب دور دراز کے
علاقوں کے رہنے والوں کے بارے میں بھی اتنازیادہ باخبر ہوتا ہے جتنا اپنے بالکل نزدیک پڑوسی کے بارے
میں جانتا ہے۔ آپ نے کبھی غور کیا کہ انسان نے یہ سب کچھ کس طرح حاصل کیا ؟ جی ہاں صرف اور صرف
"" علم "" کی مدد سے جسے خدا نے کائنات کے ہر ذرے میں چھپادیا پھر انسان کو سمجھنے کی صلاحیت یعنی
عقل "" عطا کی ڈھونڈنے اور جاننے کی خواہش یعنی جستجو "" بخش دی۔ جن کی مدد سے اس نے یہ پوشیدہ
علم تلاش کیا اور اس سے فائدہ اٹھایا۔ ابتدائی دور کے ان انسانوں نے یعنی موجودہ انسان کے آباؤ اجداد نے
بعد میں آنے والی نسلوں پر ایک احسان یہ بھی کیا کہ اپنے اس علم کو کسی نہ کسی شکل میں محفوظ بھی کر دیا تا کہ وہ
اس سے فائدہ اٹھا سکیں۔ اس طرح ایک کے بعد ایک آنے والی نسل اپنے بزرگوں کے محفوظ کئے ہوئے علم کی
مدد سے اپنے علم میں اضافہ کر کے اسے اپنے بعد آنے والوں کے لئے محفوظ کرتی چلی گئی۔ آج ہمارے
اطراف میں بکھری ہوئی سائنسی و تکنیکی دنیا نے ترقی کی اس منزل تک پہنچنے کے لئے ”علم“ کے اس محفوظ
شدہ خزانے کی مدد لی ہے۔
ہماری خوش نصیبی ہے کہ ہم انسانی ارتقاء کے اس دور سے تعلق رکھتے ہیں جس میں ”علم“ کا
حصول بہت زیادہ آسان ہے کیونکہ جہاں انسان نے دوسری ضروریات زندگی کے لئے بے شمار چیزیں ایجاد
کی ہیں وہاں علم کو حاصل اور علم کو جمع کرنے کے بھی بہت سارے طریقے ایجاد کئے ہیں مثلاً
طباعت ہے یعنی کتابیں، رسالے، اخبار وغیرہ چھاپنا جن میں دنیا بھر کی معلومات اور خبریں جمع کی جاتی ہیں۔
مختلف ذرائع ابلاغ ہیں یعنی وہ آلات جن کی مدد سے ایک یا ایک سے زیادہ افراد ” علم “ اور دنیا بھر
کی معلومات و خبروں کو دوسرے بہت سارے افراد تک پہنچایا جاسکتا ہے مثلاً ریڈیو، ٹیلیویزین،
فلمیں وغیرہ ۔ اچھا بھئی اب ہم آپ کو آئندہ اسی مضمون کے دوسرے حصے میں بتائیں گے کہ آپ خود اپنی
ذات کے لئے علم کیسے حاصل کر سکتے ہیں اور اس کو کس طرح محفوظ کر سکتے ہیں۔",1097
P4_1991_03,Ankh Micholi,1991,جادوئی انکھ,"دوسری عالمی جنگ پورے زوروں پر تھی اور گرد و پیش میں گرد و غبار کے بادل اٹے ہوئے تھے
جرمنوں کے برقی لہروں سے چلنے والے جہاز مسلسل کئی دنوں سے برطانیہ کی آبادیوں پر اندھا دھند بم برسا
رہے تھے اور دوسری طرف سے بلجیئم اپنے راکٹ بموں کی بارش کر رہا تھا اس صورتحال کے پیش نظر
برطانیہ کو یہ فکر لاحق ہوئی کہ کس طرح ان بموں اور جہازوں کا وقت سے پہلے پتا لگا کر لوگوں کو باخبر کیا
جائے چنانچہ انہوں نے بڑی سوچ بچار اور تجربوں کے بعد ایک جادوئی آنکھ ایجاد کی جو تین چار سو میل کے
دائرے میں کہر اور دھند کے بادل کے باوجو د رات اور دن میں کسی بھی وقت دشمن کے جہاز یا آبدوز کا پہلے
پتا لگا کر ہمیں باخبر کر دیتی ہے اس کا انگریزی میں نام ""ریڈیو ڈی ٹیکشن اینڈریجنگ"" ہے جس کا مطلب
ہے ریڈیائی لہروں سے کسی چیز کا کھوج لگانا اور اس کی سمت معلوم کرنا۔ جی ہاں آپ نے صحیح پہچانتا یہ جادوئی
آنکھ دراصل ریڈار ہے جس سے دور کی چیزوں کا با آسانی پتہ لگایا جاسکتا ہے اور ان کا درمیانی فاصلہ با آسانی
فوری طور پر معلوم کیا جا سکتا ہے ۔ یہ آلہ اس وقت کار آمد ثابت ہوتا ہے جب کہر یا بادل کی وجہ سے دور دراز
کی چیزیں صاف طور سے دکھائی نہ دے رہی ہوں ۔
ریڈار ریڈیائی لہروں کے اصول پر کار بند رہتا ہے آپ نے ریڈیو کے ٹرانسمیٹر تو ضرور دیکھا ہو گا
جس کو آلہ ترسیل بھی کہا جاتا ہے یہ ہماری آواز کو لہروں میں تبدیل کر کے دور دور تک پہنچا دیتا ہے اسی
طرح ریڈار کا بھی ایک ٹرانسمیٹر ہوتا ہے جس کی طاقت دس کلو واٹ سے دو سو کلو واٹ تک ہوتی ہے
بعض کی ہزار کلو واٹ تک ہوتی ہے ریڈار کے ٹرانسمیٹر میں جتنی طاقت ہوگی وہ اتنی ہی زیادہ دور کی خبر دیتا
ہے۔ ریڈار میں ایک مشین ہوتی ہے جو طاقتور شعاعوں (ریڈیائی لہروں ) کو چاروں طرف فضا میں بکھیرتی
اور منتشر کرتی ہے ہم حسب ضرورت ان شعاعوں کو ایک شعلے کی شکل میں ایک خاص سمت
(Direction) میں بھیج سکتے ہیں جب ریڈیائی لہروں کو دشمن کے جہاز کا پتہ لگانے کے لئے آگے پھینکا جاتا
ہے تو یہ لہریں آگے جا کر مطلوبہ جسم سے ٹکراتی ہیں وہ جسم بجلی کا اچھا موصل (Good Conductor)
ہوتا ہے اس کے بعد وہ اس جسم سے ٹکرا کر واپس آتی ہیں ان لہروں کو ایک ریڈیائی آلہ جو ٹرانسمیٹر کے
قریب ہوتا ہے وصول کرتا ہے اور آخر کار اس ریڈیائی آلہ میں ارتعاش نگار، اس جسم کی شکل کو ایک خاص
پردے پر نمایاں کر دیتا ہے۔ یہ شعاعیں جب کسی ٹھوس جسم سے ٹکراتی ہیں تو وہ ملک چھپکنے اس کی تصویر کو
نمایاں کر دیتی ہیں۔ ریڈار میں استعمال ہونے والی ریڈیائی لہروں کا وقت بہت قلیل ہوتا ہے یعنی اء مائیکرو
سیکنڈ سے تھیں مائیکرو سیکنڈ تک اور تقریباً ایک سیکنڈ میں اس میں سے ساڑھے تین سو سے دس ہزار تک لہریں
خارج ہوتی ہیں۔ اب باقی مسئلہ رہا فاصلہ جاننے کا تو شعاعوں کا مشین سے نکلنے اور تصویر لیکر واپس آنے کا
وقت مشین چلانے والے کو معلوم ہوتا ہے اور اس کی رفتار بھی اس کو معلوم ہوتی ہے پس وہ لمحہ بھر میں
دشمن کے جہاز یا آبدوز کے فاصلے کا اندازہ کر لیتا ہے۔ یہ بات بھی سائنس دانوں کے لئے حیرت سے کم نہ
تھی کہ ریڈار میں جن شعاعوں سے کام لیا جاتا ہے ان کا پرندوں اور جانوروں سے اخراج ہوتا ہے جیسے مثال
کے طور پر آپ چمگاڈر ہی کو لے لیجئے کہ وہ رات کی تاریکی میں اڑتے وقت کسی بھی کھمبے اور دیوار سے نہیں
ٹکراتا جس کی وجہ اس کے جسم سے نکلنے والی ہی شعاعیں ہوتی ہیں جو اس کو قبل از وقت رکاوٹ کا پتہ دے
دیتی ہیں اس اصول کے تحت بعد میں سائنس دانوں نے بینائی سے محروم لوگوں کے لئے ایسی چھڑی بنائی جو
ان کو راستے میں چلتے وقت رکاوٹ کی بروقت خبر دے دیتی ہے جب کوئی چیز ان لوگوں کے راستے میں
آنے لگتی ہے تو اس چھڑی میں گھنٹی بجھنے لگتی ہے اور اس وقت تک بھجتی رہتی ہے جب تک وہ محفوظ جگہ پر
نہ ہو جائیں۔
ای وسیع و عریض دنیا میں انسان اپنی تخلیقی صلاحیتوں سے کیسی کیسی چیزیں ایجاد کر رہا ہے جن کو
دیکھ کر عقل دنگ رہ جاتی ہے یہ ایجادات انسان کی کوئی نہ کوئی ضرورت پورا کر رہی ہیں اسی طرح ریڈار کی
شعائیں جنگ و امن کے زمانے میں بادل اور اندھیرے کے باوجو د بھٹکے طیاروں اور آبدوزوں کو راستہ
دکھانے کا کام سرانجام دیتی ہیں۔ جنگ کے زمانے میں ریڈار کو دشمنوں کے طیاروں اور بحری جہازوں کی
موجودگی کا پتہ لگایا جاتا ہے اور آبدوزوں کو تلاش کیا جاتا ہے اسی طرح دشمن پر بمباری کرتے وقت ریڈار کو
شہر کا محل وقوع معلوم کرنے کے لئے بھی کام میں لایا جاتا ہے۔
اگر ریڈار ایجاد نہ ہوتا تو دشمنوں کے اچانک حملوں سے بچنے کے لئے قبل از وقت اپنے آپ کو
محفوظ کرے نہ کی کیا صورت ہوتی اور طیاروں کو وقت پر خطرات سے کیوں کر آگاہی حاصل ہوتی۔ یہ بات
حقیق ہے کہ سائنس نے جہاں بنی نوع انسان کے لئے تباہی کے بہت سے سامان پیدا کئے ہیں وہاں روسری
طرف اس نے انسانوں کو بے شمار سہولتیں بھی فراہم کی ہیں۔",909
P4_1991_04,Ankh Micholi,1991,اتش فشاں,"اگر آج سے دو ہزار سال قبل اخبارات اور
ٹیلی ویرین موجود ہوتے تو وہ دنیا بھر کو اٹلی میں پھٹنے
والے آتش فشاں کی ہولناک کہانی ضرور
سے نکلنے والے
سناتے۔ اس آتش فشاں
لاوے نے پر فضا مقام ہر کولینیم اور ساحلی شہر ہمپٹی
کو نیست و نابود کر کے رکھ دیا تھا۔
اس سانحے کا آغاز ۲۴ اگست کو دوپہر کے
قریب ہوا۔ اچانک ولیسویس نام کے پہاڑ میں زور
دار دھماکہ ہوا اور دھماکے سے اڑنے والی گرد نے
بادل کی صورت اختیار کر کے سورج کو ڈھانپ لیا۔
پوری زمین کانپ کر رہ گئی۔ آتش فشاں پہاڑ
سے چھ کلو میٹر دور واقع شہر پپیٹی میں لاوے کی راکھ
اور پتھر گرنے لگے۔ یہ عمل کوئی اٹھارہ گھنٹے تک
جاری رہا۔ لوگ خوفزدہ ہو کر گھروں سے بھاگ
نکلے۔ کوئی میدانی علاقوں کی طرف بھاگ رہا تھا،
کوئی ساحل کی طرف۔ جبکہ کچھ لوگوں نے خود کو
اپنے گھروں میں قید کر لیا تھا۔
چند ہی گھنٹوں بعد ہمیٹی کی گلیوں میں لاوے کی
چھ فٹ موٹی تہہ جم چکی تھی جس کے باعث بھاگ
نکلنے میں دیر کرنے والوں کے لئے جان بچانے کی
کوئی صورت نہیں رہ گئی تھی۔ چند گھنٹوں کے بعد
پمپنی میں سو میل فی گھنٹہ کی رفتار سے طوفانی زہریلی
ہوائی چلنے لگیں۔ اور یوں بچا کچھا شہر بھی تباہ ہو کر
رہ گیا۔ تین دن کے بعد جب یہ سارا عمل رکا تو شہر
کا نام و نشان مٹ گیا تھا۔
اس کے بعد پمپئی صدیوں تک ایک بھولی
بسری یاد کے طور پر لاوے کے اندر دبا رہا۔ ۱۷۰۰
میں ایک انجینئر نے لاوے کو کھود کر ہمپٹی کی کچھ
عمارتیں دریافت کیں۔ اس دریافت کے ساتھ
ہی خزانوں کے متلاشی وہاں آپہنچے۔ اس کے
بعد ماہرین ارضیات اور سائنس دان آئے جو وہاں
کی طرز زندگی کے بارے میں معلومات حاصل کرنا
چاہتے تھے۔ ۱۸۴۰ میں پمٹی کی سائنسی بنیادوں پر
کھدائی شروع ہوئی اور رفتہ رفتہ سارا شہر دریافت
کر لیا گیا۔ پمپنی کی دیواروں پر ابھی تک مختلف
مہموں کے نعرے غلاموں کی خرید و فروخت کے
اشتہارات اور کھوئی ہوئی اشیاء کے نوٹس موجود
تھے۔ ایک بیکری سے ۸۱ جلی ہوئی ڈبل روٹیاں بھی
بر آمد ہوئیں۔
شہر سے بہت سے جلے ہوئے لوگوں کے اجسام
بھی بر آمد ہوئے ۔ گرم راکھ نے ان لوگوں کو
مختلف مقامات پر دبایا ہوا تھا۔ راکھ کے اندر بعض
انسانی جسموں کے سائز کے نشانات بھی موجود
تھے۔ یہ وہ نشانات تھے جو انسانی جسموں کے راکھ
بن جانے کے بعد بن گئے تھے۔
کمپنی سے دریافت ہونے والی عمارتیں اور
اشیاء ہمیں ہمپٹی کے طرز زندگی کے بارے میں
بہت کچھ بتاتی ہیں۔ ابھی تک ہمپٹی کا پچھتیس فیصد
حصہ کھودا نہیں جاسکا ہے۔ توقع ہے کہ اس حصے کو
کھودنے میں ابھی مزید سو برس لگیں گے۔ شاید
آپ میں سے بہت سے لوگ کمپنی کی پوری
دریافت کی خبر پڑھیں۔ شاید!",479
P4_1992_05,Ankh Micholi,1992,تالا اور چابی,"تالے کا کام حفاظت ہے۔ زیور ہو یا نقدی،
گھر بار ہو یا دفتر اور دکان، لوگ اپنی قیمتی چیزیں
بڑی خوشی سے اس کے پاس چھوڑ جاتے ہیں۔
تالا بند ہو کر ان کی نگرانی کرتا رہتا ہے۔ کسی غلط
ہاتھ کو ان تک پہنچنے نہیں دیتا۔ یوں تالا محافظ بھی
ہے اور راز دار بھی۔ تالا ایک بار بند ہو جائے تو خود
بند ہونے کے ساتھ ساتھ جس چیز یا جگہ پر لگ جاتا
ہے اسے بھی بند کر دیتا ہے ۔ مگر تالے کا کام
ادھورا ہے۔ ایک دفعہ بند ہو جائے تو اپنے آپ
کھل نہیں سکتا۔ ہر تالے کو چاہی کی ضرورت ہوتی
ہے ۔ چابی نہ ہو تو تالا کھلے کا کھلا اور بند کا بند رہ
جائے۔
ابتدائی دور کے انسان کو اپنی چیزیں تالوں میں
رکھنے کی ضرورت نہیں تھی۔ چیزیں بھی تھوڑی
تھیں، اور ان کی ملکیت کسی ایک شخص تک محدود نہ
تھی۔ جو تھا وہ سب کے لئے تھا، کسی ایک کا نہ
تھا۔ جب ملکیت کا تصور سامنے آیا تو پھر اس
بات کی ضرورت بھی پڑنے لگی کہ چیزوں کو اس
طرح رکھا جائے کہ وہ دوسروں کی پہنچ سے باہر
رہیں۔
جب تالا اور چابی ایجاد نہ ہوئے تھے تو چیزوں کی
حفاظت کے لئے لوگ ان کو چھپا کر رکھا کرتے
تھے۔ گھاس پھوس اور درختوں کی کھوہ میں
چیزوں کو رکھا جاتا تھا کہ کسی دوسرے کی نظر نہ
پڑے، اور جس نے انہیں وہاں رکھا ہے اس کا
جب جی چاہے، اگر نکال لے۔ چیزوں کے
ساتھ ساتھ اپنی حفاظت بھی ضروری تھی۔ اس دور
کے لوگ جن غاروں میں رہتے تھے۔ ان غاروں
کے دھانے پر بھاری پتھر رکھ لیتے تھے تاکہ جنگلی
جانور اور دشمن اندر نہ آسکیں۔
جب لوگوں نے گھروں میں رہنا شروع کیا تو
اپنی حفاظت کے لئے لکڑی کے شہنیر استعمال
کرنے لگے۔ دروازے کی پشت پر شہتیر لگا
دیئے جاتے تو وہ باہر سے کھل نہیں سکتا تھا۔ اس
میں مشکل صرف اتنی تھی کہ یہ ترکیب اس وقت
کام دیتی تھی جب آپ خود گھر کے اندر ہوں۔
باہر جاتے ہوئے دروازہ کھلا رہتا تھا۔
جلد ہی اس شہتیر کی جگہ لکڑی کے ایک
چھوٹے سے ٹکڑے نے لے لی اور دروازے میں
ایک چھوٹا سا سوراخ کر کے اس میں رسی یا دھاگا
ڈال دیا گیا جس کی مدد سے لکڑی کو آگے پیچھے کر
کے کھولا یا بند کیا جا سکتا تھا۔ یہ کنڈی کی پہلی شکل
تھی۔
اس اصول کے تحت لکڑی کے تالے قدیم مصر
اور یونان میں عام استعمال ہوتے تھے۔ ان تالوں کو
اس طرح بنایا جانے لگا کہ وہ چابی سے کھلیں اور بند
ہو جائیں۔ جلد ہی لوگوں کو احساس ہو گیا کہ چابی
کتنی اہم ہے اور کتنی بڑی علامت ہے۔ یونان میں
لوگ بڑی بڑی چابیاں ساتھ لے کر گھوما کرتے تھے
کہ دیکھنے والوں پر یہ تاثر پڑے کہ اس شخص کے
پاس بہت مال و دولت ہے۔
دھات کا بنا ہوا تالا پہلی بار روم میں استعمال
ہوا۔ روم کے بنے ہوئے تالوں میں چابی کے لئے
سوراخ ہوتا اور چابی بھی دھات کی ہوتی۔ چابی کے
دندانے اس طرح بنائے جاتے کہ تالے کے سوراخ
میں برابر بیٹھیں، تاکہ تالا صرف صحیح چابی سے ہی
کھل سکے۔ اس طرح کے تالے اور چابیاں آج
تک استعمال میں ہیں۔
ادھر روم میں تو تالے لگ رہے تھے اور ان کے
لئے چابیاں بنائی جارہی تھیں، لیکن دوسرے
معاشروں میں چیزوں کی حفاظت کے لئے دوسرے
طریقے رائج تھے۔
جان و مال کی حفاظت کے لئے وہ لوگ
دوسرے طریقے اختیار کرتے۔ بعض لوگ اپنے
گھر ایسی جگہوں پر بناتے کہ وہاں تک پہنچنا
آسان نہیں تھا۔
امریکہ کے پابلو انڈین باشندے چٹانوں پر رہتے
تھے اور ان مکانوں میں داخلے کا واحد راستہ سیڑھی
کے ذریعے سے تھا۔ رات کے وقت اس سیڑھی کو
پر کھینچ لیا جاتا۔ یوں سمجھئے کہ اب پوری بستی کو تالا
لگ گیا۔ ان کے برخلاف قدیم میکسیکو کے
آزٹیک باشندوں کا دستور نرالا تھا۔ ان کے
گھروں پر دروازے نہیں ہوتے تھے ، اور وہ کہیں
جاتے ہوئے ایک چھڑی باہر رکھ جاتے تاکہ آنے
والوں کو پتہ چل جائے کہ وہ گھر پر نہیں ہیں۔ اس
چھڑی کا مقصد حفاظت نہیں تھا بلکہ اطلاع دینا
تھا۔
ایک صوفی بزرگ کے بارے میں روایت بیان
کی جاتی ہے کہ گھر سے باہر کہیں جاتے تو دروازے
کھلے چھوڑے جاتے اور اندر ہوتے تو دروازے میں
تالا لگا لیتے۔ لوگوں نے ان سے اس کا سبب
پوچھا۔ انہوں نے جواب دیا کہ اس گھر میں سب
سے قیمتی چیز تو میں خود ہوں ، میرا علمی اثاثہ ہے جسے
چوروں سے بچانا ضروری ہے اگر میں موجود نہیں
ہوں ، تو جو گھر میں داخل ہو گا تو اسے کچھ ملے گاہی
نہیں کہ چرا سکے۔
ازمنہ وسطی کے یورپ میں لوگوں کو اپنے گھر
اور ساز و سامان کی حفاظت کی بہت ضرورت رہتی۔
شہر قلعہ بند تھے اور قلعے کے گرد فصیلیں تھی۔
رات کے وقت فصیل کے پھاٹک بند کر کے ان
میں بھاری قفل لگا دیئے جاتے۔ ان تالوں کی
چاہیں صرف ۔ خاص اور اہم لوگوں کے پاس
رہتی تھیں۔ آج شہر میں نہ فصیلیں ہیں نہ شہر
کے دروازے، لیکن یہ دستور باقی ہے کہ باہر سے
آنے والے کسی مہمان کی عزت افزائی کے لئے
اسے شہر کے دروازے کی چابی پیش کی جاتی ہے۔
جوں جوں زمانہ ترقی کرتا گیا تا لے بہتر سے بہتر
اور مشکل سے مشکل ہوتے گئے۔ لوگ اپنی قیمتی
چیزوں کی حفاظت کے لئے طرح طرح کی ترکیبیں
استعمال کرنے لگے۔ قدیم مصر کے فرعون ، جس
اہرام میں دفن ہوتے تھے اس میں اپنی دولت کی
حفاظت کے لئے ایسے طریقے استعمال کرتے تھے
کے لٹیرے اس تک پہنچ نہ سکیں۔ عمارت میں
بھول بھلیاں، خفیہ راستے اور چور دروازے
بنائے جاتے تھے۔ ازمنہ وسطیٰ کے یورپ میں محل
اور قلعے بھی اس طرح تعمیر کئے جاتے کہ ان میں
چھپنے اور چھپانے کی جگہیں موجود ہوں۔ اس کے
ساتھ ساتھ تالوں کو بہت فروغ حاصل ہوا۔ بعض
تالے ایسے تھے جو ایک خفیہ گھنڈی کو دبانے سے
کھلتے تھے اور ایسے تالے بھی تھے جو زہر میں بجھے
ہوئے ہوتے کہ کسی غلط آدمی کا ہاتھ لگ جائے
تو اس کو زہر چڑھ جائے۔ آہن گر بڑی مہارت
سے نت نئے قسم کے تالے بناتے۔ یوں بھی تالے
بنانا کوئی آسان کام نہیں ہے۔
تجوریوں اور صندوقوں میں ڈالے جانے والے
موٹے قفل سے لے کر چھوٹے تالوں تک،
ہزاروں طرح کے تالے بنائے جاچکے ہیں۔ تالے
بنانے میں آج کے دور میں جو سب سے اہم
پیش رفت ہوئی ہے وہ یہ ہے کہ بینک یا عجائب گھر
میں سیف پر جس قسم کے تالے لگائے جاتے ہیں وہ
ایک خاص نمبر یا ابجد پر ہاتھ لگانے سے کھلتے ہیں ۔
اگر آپ نے صحیح ہند سے نہیں گھمائے تو قفل
نہیں کھلے گا۔ ان تالوں میں چابی کی جگہ ابجد نے
لے لی ہے۔
دلچسپ بات ہے کہ ہمارے ہاں ایسے تالے
بھی بنتے تھے جن پر حروف لکھے ہوتے ہیں ۔ ان کو
قفل ابجد کہا جاتا تھا۔ ان حروف کو دبانے یا گھمانے
، تالا کھل جاتا تھا۔ مثلاً اگر قفل
ابجد نام سے کھلنے والا ہے تو نام کے مجموعے سے قفل
کھل جائے گا۔
سے
ابجد کے حروف سے کھلنے والے اس قفل کا
تصور بھی کتنا حیران کن ہے۔ ایسا لگتا ہے کہ یہ
کائنات بھی اسی طرح کا قفل ہے۔ اور حروف ابجد
سے اس کا سربستہ راز بھی ایک نہ ایک دن کھل
جائے گا۔",1242
P4_1992_06,Ankh Micholi,1992,اخرت,"آخرت کی تیسری دلیل دن کی روشنی کی طرح واضح اور سورج کے وجود کی طرح ثابت ہے۔
دیکھئے، اس دنیا کی ہر چیز جوڑا جوڑا ہے۔ وہ چیزیں جو نظر آتی ہیں اور وہ بھی جو نظر نہیں آتیں۔
جانداروں میں نر اور مادہ تو واضح ہیں۔ لیکن ذرا غور کریں تو معلوم ہو گا کہ یہ اصول اس دنیا کی ہر چھوٹی اور
بڑی چیز پر پورا اترتا ہے۔ سچ اور جھوٹ خوبصورتی اور بد صورتی، بلندی اور پستی، دن اور رات خوشبو اور
بدبو ، تری اور خشکی، خزاں اور بہار امیری اور غریبی غرض سائنس اور فلسفہ دونوں اس اصول کے
آگے سرجھکائے نظر آتے ہیں۔ اس اصول کے تحت اس دنیا کی زندگی کا جوڑا آخرت کی زندگی
ہے۔ عارضی زندگی آخرت کی ہمیشگی کے ساتھ مکمل ہو گی۔ پچھلی دونوں دلیلوں کی طرح یہ دلیل بھی
اس کائنات کے مالک نے قرآن میں بیان کی ہے، جس کا توڑ نہ ابھی تک ہوا ہے اور نہ ہونا ممکن
ہے!!
ان تینوں دلائل کے بعد قرآن مجید نے آخرت کے عقیدے کے متعلق یہ بھی کہا ہے کہ
اللہ نے اس آخرت کے لئے زندگی کو وجود بخشا ہے۔ سورہ ملک میں اللہ تعالیٰ نے فرمایا ہے کہ اس نے
زندگی اور موت اس لئے پیدا کئے کہ وہ انسانوں کو آزما سکے کہ ان میں کون اچھے ہیں اور کون برے ۔ تاکہ
وہ جنت کو زمین کی طرح برائی کی جگہ نہ بنا سکیں جہاں اب صرف نیک اور شریف انسان رہ سکیں گے۔
آخرت کی اہمیت کا اندازہ آپ اس بات سے بھی کر سکتے ہیں کہ اللہ تعالیٰ نے اپنے تمام
رسولوں اور انبیا کو یہی پیغام دے کر بھیجا کہ وہ انسانوں تک اللہ کے اس منصوبے کو پہنچا دیں کہ اس کی رحمت
نے انسانوں کو زندگی تو بخش دی ہے لیکن اس کے عدل کا تقاضا ہے کہ وہ اس زندگی میں ناشکری اور ظلم کا
رویہ رکھنے والوں کو سزا دے، چنانچہ اس نے اپنی قدرت کے ذریعے سے جنت اور دوزخ کی تخلیق کی۔
آخرت کا یہی فلسفہ اسلام کی روح ہے۔ اور اسی نظریے کی وجہ سے اس دنیا میں معقولیت پیدا ہوتی
ہے۔ ورنہ اس کائنات کا کوئی مقصد نہیں، کوئی مطلب نہیں۔
آخرت کی ایک بڑی دلیل یہ ہے کہ انسان نے پتھر کے زمانے سے لے کر آج کے جدید دور
تک کے سفر میں اسی چیز کو ثابت کیا ہے کہ جنت اس کی سب سے بڑی خواہش اور سب سے بڑی تمنا ہے۔
وہ ہمیشہ اپنی زندگی کو خوش گوار اور پر آسائش بنانے کی دوڑ میں لگا رہا ہے۔ پہیے کی ایجاد سے لے کر
مریخ و زہرہ پر کمند ڈالنے کی ترقیاں ، سب اس دنیا کی زندگی کو جنت بنانے کے عزم کا اظہار ہے۔ اس منزل کو
پانے کے لئے اس نے بے پناہ قربانیاں دیں ہیں۔ ہوا میں اڑنے کے لئے معاہم نہیں کتنے انسانوں کو اپنی
زندگیوں سے ہاتھ دھونا پڑا ۔ بہتر سے بہتر بستیوں اور ملکوں کی تلاش میں ان گنت انسانوں نے سفر کی
تکالیف برداشت کیں۔ جنگلی جانوروں کو سدھانے کی مہم سے لے کر قدرت کے قوانین کو رام کرنے کی
جد و جہد وہ پرامن، پر سکون اور پر وقار زندگی کے حصول کے لئے اپنا سب کچھ نچھاور کرتا رہا۔ انسان کی
یہ خواہش اتنی شدید اور اتنی مضبوط تھی کہ اس نے اپنی آنکھوں اپنے کانوں اور اپنی حالتوں کی
محدودیت کو ختم کر دیا۔ وہ آج ہزاروں میل دور ہونے والے واقعے کو اپنے کمرے میں بیٹھے دیکھ سکتا
ہے۔ ایک براعظم میں بیٹھا شخص دوسرے براعظم میں موجود دوست سے بات چیت کر سکتا ہے۔ پہاڑوں
کو ایک بٹن دبا کر ریزہ ریزہ کر سکتا ہے۔ ایک جگہ سے دوسری جگہ پلک جھپکتے میں پہنچنے کی خواہش نے اسے
کاروں ، ٹرینوں ، جہازوں اور راکٹوں پر بٹھا دیا ہے ۔ انسان کی یہ ساری جدوجہد ، اس کی یہ ساری کامیابیاں
پکار پکار کر کہہ رہی ہیں کہ وہ جنت کی تلاش میں ہے۔ ایسی جگہ کی جستجو میں جہاں نہ درد ہو نہ دکھ، نہ فساد ہو
نہ جنگ، نہ غربت ہو نہ تنگی، نہ دشمنی ہو نہ نفرت، نہ روک ہو نہ ٹوک، نہ غلامی ہو نہ مجبوری ... لیکن کیا
یہ سب کچھ حاصل کرنے کے باوجود اس نے ان تمناؤں اور ان خواہشوں کو حاصل کر لیا ہے ؟ طوفان،
سیلاب، زلزلے اور دوسری آسمانی آفات آج بھی اس کے سر پر لٹکتی تلوار کی طرح ہیں۔
جسمانی بیماریوں پر قابو پانے کی اس نے بہت کوششیں کیں لیکن وہ چند بیماریوں پر قابو پانے میں کامیاب ہوا
تو بہت سی نئی بیماریاں اس کی بے بسی کا مذاق اڑا رہی ہیں۔ ہیضہ اور ٹی بی کا علاج ڈھونڈ نکالا تو کینسر اور ایڈز
نیا چیلنج بن گئیں۔ اپنی طاقت اور توانائی بڑھانے کے لئے بجلی کا سہارا لیا لیکن وہ منہ زور بد کا ہوا گھوڑا ثابت
ہوئی۔ ذراسی بد احتیاطی کی سزا موت سے کم دینا اس کی شان کے خلاف ہے۔ زندگی کی سہولتوں کے لئے
فیکٹریاں، میں کارخانے بنائے لیکن ان کی آلودگی آج اس کے لئے سب سے بڑا خطرہ بن چکی
ہے۔ اتنا بڑا خطرہ کہ وہ اس پوری زمین کے لئے موت کا پیغام لا سکتی ہے اور پھر سب سے بڑھ کر اس
دنیا کی سب سے بڑی مصیبت، سب سے بڑا المیہ، سب سے بڑا چیلنج اور سب سے بڑی زنجیر اب بھی اس
خوفناکی اور سنگ دلی سے موجود ہے۔ بلکہ اس زنجیر کی گرفت میں مزید سختی آگئی ہے ، یعنی موت۔
انسان اس کا کوئی علاج نہیں کر سکا۔ یہ موت صرف اس کی زندگی کا انجام نہیں بلکہ اس دنیا میں پائے جانے
والی ہر چیز اور خود اس زمین کا یہی حشراب سائنس کی ایک ثابت شدہ حقیقت بن چکی ہے۔ غرض اس دنیا
میں جنت حاصل ہی نہیں کی جاسکتی۔ یہاں تو ہر سکھ کے ساتھ ایک دکھ لگا ہوا ہے ، ہر ایجاد کی سہولت کے
او پر موت کی تلوار لٹک رہتی ہے ، ہر پھول کی قیمت میں کانا برداشت کرنا پڑتا ہے۔ اس لئے یا تو انسان مایوس
ہو کر خود اپنے ہاتھوں اپنی زندگی ختم کر لے یا اس حقیقت کو مان لے کہ پیاس کے لئے پانی ، بھوک کے
لئے کھانا، آرام کے لئے نیند اور اس کی زندگی کی ہر ضرورت مہیا کرنے والے پروردگار نے اس کے لئے
جنت بھی بنائی ہے۔ موت پیدا کرنے والے کے پاس ہی ابدیت اور ہمیشگی کی خوش خبری ہوگی۔ سچی بات تو
یہ ہے اسلام نے موت کے بعد زندگی کا جو تصور دیا ہے ، اس کے بغیر اس دنیا کی زندگی کا کوئی مقصد نظر نہیں
آتا۔ اس زندگی کا معمہ انسان یہی حل کر پاتا ہے ، جب وہ آخرت کو اس کا حل تسلیم کر لے۔
عظمند انسان کے لئے اس سے بڑھ کر آخرت کی اور کیا دلیل ہو سکتی ہے !!",1139
P4_1993_07,Ankh Micholi,1993,دنیا کا بلند ترین درخت,"درخت سبز پودے ہوتے ہیں۔ دوسرے
پودوں کی طرح ان کی جڑیں، تنے ، پتیاں اور بیج
ہوتے ہیں۔ تمام سبز پودوں میں درخت سب سے
زیادہ قدیم ہیں۔ شمالی امریکہ کے شمال مغرب میں
بعض صنوبر سے ملتے جلتے ہیں ” سیکوا "" درخت چار
ہزار سال سے بھی زیادہ پرانے ہیں۔ اس کا مطلب
یہ ہے کہ جب کولمبس نے امریکہ دریافت کیا تھا تو
یه درخت کافی بوڑھے ہو چکے تھے۔
درخت تمام سبز پودوں میں سب سے زیادہ
بڑے ہوتے ہیں۔ بلند ترین درخت جن کا دنیا میں
اب تک پتہ چلا ہے ........ کیلفورنیا کے
دیو قامت ریڈووڈ "" ہیں۔ اس قسم کا ایک
درخت "" ہمبولٹ نیشنل فارسٹ "" میں دنیا کا بلند
ترین درخت خیال کیا جاتا ہے۔ اس کا نام
فاونڈرز ٹری“ ہے اس کی اونچائی ایک سو دس میٹر
سے زیادہ ہے۔
بعض ماہرین نباتات کا خیال ہے کہ زمانہ قدیم
میں آسٹریلیا میں پائے جانے والے سفیدے کے
درخت بھی کیلفورنیا کے ریڈووڈ کی طرح بلند
ہوں گے لیکن آج کل اس نسل کے جو درخت
پائے جاتے ہیں وہ اوسطاً پندرہ میٹر چھوٹے ہوتے
ہیں۔
ریڈووڈ کی طرح بلند دو قسم کے درخت پائے
جاتے ہیں۔ ایک کا نام ” ڈگلس کا صنوبر "" ہے اور
دوسرا ایک خاص قسم کا صنوبر ہے جو ۹۱ میٹر تک بلند
ہوتا ہے ۔ درخت کی جڑیں زمین سے پانی اور
دھاتوں کے مادے ہی حاصل نہیں کرتی بلکہ
درخت کو مضبوطی سے پکڑے بھی رکھتی ہیں۔ اسی
طرح بڑے بڑے درختوں کی جڑیں زمین میں اندر
تک دھنسی ہوتی ہیں تاکہ ان کو جکڑے رکھیں۔ کیا
آپ جانتے ہیں کہ ایک درخت اپنی شاخوں اور
چوں کو ملا کر جتنا زمین کے اوپر پھیلتا ہے اس کی
مناسبت سے اس کی جڑ میں اتنی ہی جگہ زمین کے نیچے
گھیر لیتی ہیں۔
سائنسدان کسی درخت کی عمر اس کی لکڑی
کے حلقے رگن کر بتا دیتے ہیں۔ درخت کے تنے کو
کاٹ دینے سے لکڑی میں بنے ہوئے بہت سے
حلقے نظر آتے ہیں۔ درخت کی چھال کے نیچے ہر
سال لکڑی کے گودے میں ایک نیا حلقہ بن جاتا ہے
بعد ازاں یہ نیا حلقہ یا تہہ ایک چھلے کی شکل اختیار
کر لیتا ہے لہذا درخت کے تنے کا ہر نیا حلقہ ایک
سال کی عمر کو ظاہر کرتا ہے اور جب حلقے بنتے چلے
جاتے ہیں تو تا بڑھنے لگتا ہے۔
درخت کے صرف تنے ہی میں حلقے نہیں بنتے
بلکہ شاخوں میں بھی حلقے پائے جاتے ہیں۔ ہر سال
شاخ کی چوٹی میں اضافہ ہوتا رہتا ہے کیونکہ درخت
کی لمبائی کی بڑھوار صرف اوپر کی چوٹی میں ہوتی ہے
اس لئے بقیہ شاخیں زمین سے ہمیشہ اتنی ہی بلند
رہتی ہیں جتنی کہ ابتدا میں تھیں۔",450
P4_1993_08,Ankh Micholi,1993,تیر اندازی,"بندوق کے ایجاد ہونے سے تیر کمان کو لوگ
بھول گئے تھے اور یہ بھی ہے کہ بندوق اور رائفل
کے مقابلے میں تیر کمان بہت معمولی ہتھیار ہے
لیکن تیراندازی کا شوق پچھلے ہیں تمھیں سال میں پھر
ترقی کر گیا ہے۔ اور مہذب ملکوں میں تیر اندازی
کے با قاعدہ کلب اور انجمنیں قائم ہو گئی ہیں جہاں
پرانے زمانے کے اس فن کو دوبارہ مقبولیت اور
رونق مل رہی ہے۔
پرانے زمانے میں تیراندازی ایک بہت ہی مفید
ہنر تھا۔ کیوں کہ دشمن کو ہلاک کرنے اور شکار
کھیلنے کے لئے اسی ہنر سے کام لیا جاتا تھا۔ بعض
اچھے نشانچی بڑی آسانی سے سو گز کے فاصلے
سے شکار کر لیتے تھے۔ بعض ماہر تیر انداز اُڑتے
ہوئے پرندوں کو بھی گرا سکتے تھے۔ دشمن کو دور
رکھنے اور قریب آنے سے پہلے ہی اسے ہلاک کر
دینے کے لئے تیر بہت بے خطا ہتھیار تھا۔ اسلامی
حکومت کے عروج میں عرب کے تیر اندازوں کا
بہت دخل تھا کیوں کہ ان کی پیچی نشانہ بازی اور
پھرتی سے تیر چلانے کی صلاحیت دشمن کو بہت جلد
تتر بتر کر دیتی تھی۔
جناب رسالت مآب حضرت محمد مصطفی صلی
اللہ علیہ وسلم نے باپ کے فرائض میں سے دو فرض
یہ بھی مقرر کئے ہیں کہ وہ اپنے بیٹے کو تیرنے اور رتیر
چلانے کا ہنر سکھائے۔ زمانے کے بدلتے ہوئے
حالات کے تحت اب تیر اندازی کی جگہ رائفل اور
بندوق نے لے لی ہے۔
پاکستان و ہند میں تیر اندازی کا فن دو ڈھائی
صدی پہلے تک زندہ تھا۔ یہاں کے بعض کمان دار
دو تین میل کے فاصلے پر پتیر پھینک سکتے تھے۔
برطانیہ میں باکمال تیر انداز موجود تھے ۔ سوئٹزر لینڈ
کے ایک دہقان ولیم ٹیل نے ۱۳۰۳ء میں پچاس
قدم کے فاصلے سے اپنے بچے کے سر پر رکھے ہوئے
سیب کو دو ٹکڑے کر دیا تھا۔
آسٹریلیا کا ظالم گورنر جس نے ولیم ٹیل کو
قتل کرنے کا حکم دیا تھا۔ اس کا یہ کمال دیکھ کر
بہت خوش ہوا اور اسے معاف کر دیا۔ پھر ولیم ٹیل
سے اتنا کہا کہ اگر تمہارا تیر ذرا بھی خطا ہو جاتا تو
معصوم بچے کی موت یقینی تھی۔ ولیم ٹیل نے اپنے
ترکش سے دوسرا تیر نکال کر دکھایا اور کہا کہ اگر وہ
تیر خطا ہو جاتا تو یہ دوسرا تیر ہر گز خطا نہ ہوتا اور
سیدھا تمہارے سینے میں پیوست ہو جاتا۔",395
P4_1994_09,Ankh Micholi,1994,دماغ,"کام چھوٹا ہو یا بڑا، دماغ سے ہی انجام دیا جاتا
ہے۔ کام خراب ہو جائے تو کہا جاتا ہے کہ
تمہارے دماغ میں تو بھوسہ بھرا ہوا ہے "" اور کام
ٹالا جائے تو تبصرہ ہوتا ہے کہ ”یہ تو بد دماغ ہو گیا
ہے۔ "" پتا چلا کہ دماغ بڑی اہم چیز ہے۔ لیکن غور
کرنے کی بات یہ ہے کہ دماغ ہے کیا؟
دماغ ہمارے خیالات، جذبات، ہماری جبلت
(فطرت) حتی کہ ہمارے خوابوں تک کو کنٹرول
کرتا ہے۔
ہر وہ کام جو ہم کرتے ہیں، ہر وہ چیز جس کے
متعلق ہم سوچتے ہیں، ہر حرکت جو ہمارے جسم میں
ہوتی ہے۔ یہ تمام چیزیں ہمارا حیرت انگیز کمپیوٹر نما
دماغ کنٹرول کرتا ہے۔
اگر آپ انسان کے سر کو کھول کر دماغ کو
دیکھیں تو یہ بڑی غیر متاثر کن چیز معلوم ہو گا۔ اس
کا وزن تین پونڈ سے بھی کم ہوتا ہے۔ یہ بھورے
گلابی رنگ کا ایک نرم و نازک عضو ہوتا ہے جسے کبھی
اخروٹ سے اور کبھی اسفنج سے تشبیہ دی جاتی
ہے۔
دماغ کے تین بڑے حصے !
دماغ کے تین بڑے حصے ہوتے ہیں۔ سوچنے
والا حصہ دماغ کا سب سے بڑا حصہ ہے۔ جس کو
مقدم دماغ (CEREBRUM) کہتے ہیں۔
دماغ کا یہی حصہ اعصاب کے ذریعہ سے وہ پیغامات
وصول کرتا ہے جو ہمیں سونگھنے ، چکھنے، چھونے،
سننے اور دیکھنے کے قابل بناتے ہیں۔
جب آپ اٹھنے بیٹھنے چلنے پھرنے کا فیصلہ
کرتے ہیں تو یہ پیغامات عضلات کو مقدم دماغ ہی
بھیجتا ہے۔ یہ پیغامات دماغ کے اس حصے کے
ذریعے سے جاتے ہیں جس کو منچہ ..
(CEREBELLUM) کہتے ہیں۔ اسے چھوٹا
دماغ بھی کہا جاسکتا ہے۔ یہ ربڑ کی چھوٹی گیند کے
برابر ہوتا ہے۔ یہ مقدم دماغ کے بغیر کام نہیں کر
سکتا۔
دماغ کا تیسرا اہم حصہ حرام مغز کا سر - Med)
ulla Oblongata ہے۔ سر حرام مغز
اعصاب کا انچارج ہوتا ہے۔
یاد داشت کیا ہے؟
دماغ کے بارے میں ایک اور سربستہ راز یہ ہے
کہ ہمیں اچانک کوئی بھولا بسرا واقعہ کیوں یاد آجاتا
ہے؟ یا ہم کسی ایسے چہرے کو کس طرح پہچان سکتے
ہیں جو ہم نے سالہا سال پہلے دیکھا تھا ؟
ہر روز خواہ ہم کام میں مصروف ہوں یا کھیل
میں مشغول۔ ہمارے دماغ کو اطلاعات کی ایک
کہکشاں کا تجزیہ کرنا پڑتا ہے۔ یہ تجزیہ
شعوری طور پر بھی ہوتا ہے اور غیر شعوری طور پر
پوری
بھی۔
اس دشوار کام کے لئے دماغ مختلف منتخب
اطلاعات کو پہلے سے جمع کر لیتا ہے اور ضرورت کے
وقت ان اطلاعات سے کام لیتا ہے۔ اسی کام کی
صلاحیت کو یادداشت کہتے ہیں۔ یادداشت کی دو
اقسام ہیں۔ ایک وہ جسے مختصر دورانئے کی یاد داشت
کہتے ہیں۔ یہ اس صلاحیت کا نام ہے جس سے نئی
معلومات سیکھی جاتی ہیں۔ طویل دورانئے کی
یاد داشت وہ ہے جو گزرے ہوئے زمانے میں
حاصل ہونے والے مشاہدات اور تجربات کو یاد
رکھتی ہے۔
اب سوال یہ پیدا ہوتا ہے کہ آپ کو یہ کیسے یاد
رہتا ہے کہ کل آپ نے کیا کام کیا تھا؟ اس کام
کے لئے آپ اپنے دماغ کے تین حصوں میں سے
ایک حصہ ، سوچنے والا حصہ یا مقدم دماغ - Cere)
brun استعمال کرتے ہیں۔ تب ہی آپ
گزرے ہوئے دن کے بارے میں سوچ سکتے ہیں یا
یہ یاد کر سکتے ہیں کہ کل آپ نے کیا کام سر انجام
دیا تھا۔ ہو سکتا ہے کہ آپ اپنے کسی دوست کو
کوئی پرانا واقعہ سنانا چاہتے ہوں ۔ یہ باتیں آپ کے
مقدم دماغ میں محفوظ ہیں۔ دماغ کا یہی حصہ آپ
کو پچھلے کام کی پچھلی باتیں بیان کرنے کے قابل بناتا
ہے۔
ہم جیسے جیسے بوڑھے ہوتے جاتے ہیں، ہماری
یاد داشت کمزور ہوتی چلی جاتی ہے ، ایسا کیوں ہوتا
ہے؟ اس کی وجہ یہ ہے کہ ایک بوڑھے دماغ کے
کام کرنے کی رفتار کم پڑ جاتی ہے۔ دماغ کے خلئے
جو ایک ہی جگہ پچاس، ساٹھ سال تک حرکت
کرتے رہے ہوں، پرانے ہو جاتے ہیں اور کسی بھی
مشین کی طرح گھس جاتے ہیں۔",667
P4_1994_010,Ankh Micholi,1994,بال کی کھال,"پرندوں کے پر ہوتے ہیں اور انسان کے بال
انسانی جسم پر صرف دو جگہ بال نہیں ہوتے۔ ہاتھ کی
ہتھیلی اور پاؤں کے تلووں پر ۔ خیال کیا جاتا ہے کہ
زمانہ ماقبل تاریخ کے انسان کے بقیہ جسم پر بال ہی
بال تھے۔
جب ماں کے پیٹ میں انسانی جسم سو دن کا ہو
جاتا ہے تو جلد کے اندر سے گھنے بالوں کا ایک کوٹ
سا بر آمد ہوتا ہے اور پھر مزید سو دن گزرنے پر
یہ بال نرم اور روئیں میں تبدیل ہو جاتے ہیں جو
نوزائیدہ بچے کے سارے جسم پر دیکھے جاسکتے ہیں۔
پھر یہ بال بلوغت تک بڑھتے اور تبدیل ہوتے رہتے
ہیں اور عمدہ شکل اختیار کر لیتے ہیں۔ بالغ انسانوں
کے بال جنسی غدود کے ذریعے کنٹرول ہوتے ہیں۔
مردوں میں کچھ خاص قسم کے ہارمون چہرے جسم
اور سر پر بالوں کی افزائش کرتے ہیں اور عورتوں میں
اس کے مخالف عمل ہوتا ہے۔
ہمیں بالوں کی ضرورت کیوں ہے؟ اس پر
سائنس ابھی تک کوئی روشنی نہیں ڈال سکی۔ ہم
کہہ سکتے ہیں بھووں ، پلکوں ، کانوں اور ناک کے بال
گرد اور جراثیم سے محفوظ رکھتے ہیں اور مرد کے
چہرے پر داڑھی اسے عورتوں سے مختلف کرتی ہے۔
چارلس ڈارون کے مطابق جسم کے بال پینے اور پانی
کو خارج کرنے میں مدد دیتے ہیں ایک بالغ مرد کی
جلد پر تین لاکھ سے پانچ لاکھ بال ہو سکتے ہیں۔
گورے اور خوبصورت بالوں والے لوگوں کے جسم
پر کم بال ہوتے ہیں اور سرخ بالوں والے یا
کھردرے بالوں والے لوگوں کے جسم پر زیادہ بال
ہوتے ہیں۔ ہمیں اپنے بالوں کے متعلق بہت تجس
رہتا ہے۔ بالوں کو رنگ کیسے ملتا ہے ؟ بال سفید
کیوں ہو جاتے ہیں ؟ کچھ بال گھنگریالے کیوں
ہوتے ہیں؟ سائنس کے پاس ہمارے تمام سوالوں
کا جواب نہیں ہے لیکن کچھ باتیں ہم جانتے ہیں۔
بالوں کی جڑوں میں خاص قسم کے خلیات ہوتے ہیں
جن میں رنگ ہوتا ہے۔ ان خلیات میں خود کو کئی
بنانے کی صلاحیت ہوتی ہے اور نئے خلیات بالوں
کے ساتھ ساتھ اوپر کی طرف بڑھتے اور فنا ہوتے
رہتے ہیں لیکن رنگوں کے چھوٹے چھوٹے دانے
بالوں ہی میں چھوڑ جاتے ہیں۔ ان دانوں میں
بھورے ، سرخ اور گہرے کتھئی اور سیاہ رنگوں کے
تمام شیڈ ہوتے ہیں۔ بال کانوک دار حصہ جس میں
یہ رنگ دفن ہوتے ہیں، زرد رنگ کا ہوتا ہے۔
بال کا یہ مادہ اور رنگوں کے دانے آپس میں
ملتے ہیں تو بالوں کا رنگ پیدا ہوتا ہے۔ مختلف
لوگوں کے بالوں کی ساخت مختلف ہوتی ہے۔ اگر
ہم ایک بال کو کاٹ کر خوردبین کے نیچے رکھیں تو
معلوم ہو گا کہ اس کی ایک خاص شکل ہے۔ گول
سیدھا بیضوی، لہریا یہاں تک کہ گردے کی
ساخت کا بھی بال ہوتا ہے۔ اس شکل پر بال کے
گھنگریالے ہونے یا نہ ہونے کا انحصار ہوتا ہے۔
چکنا بال عام طور پر گھنگر یالا ہوتا ہے اور گول، سخت
اور سیدھا، لہریا اور گردے کی شکل کے بال عام طور
پر چھوٹے اور گھنگریالے ہوتے ہیں۔ کالی نسلوں
میں یہ اون کی طرح ہوتے ہیں۔ گول شکل بل
سیدھے، سخت اور بھدے ہوتے ہیں۔ بیضوی
ساخت میں بل کھائے ہوئے اور سیدھے ریشمی بال
ہوتے ہیں۔",534
P4_1995_11,Ankh Micholi,1995,نقشہ,"اسٹیشن کون سا رستہ جاتا ہے جناب ؟ بس
اسٹاپ پر کھڑے ہوئے طالب علم نے ایک صاحب
سے پوچھا۔ ""اسٹیشن ! وہ صاحب سوچنے لگے ۔ "" بیٹا
یوں
بتانا تو مشکل ہے۔ تمہارے پاس کاغذ قلم ہے!“
""جی ہاں ! مطالب علم نے فوراً انہیں کاغذ قلم تھما دیا۔
دیکھو اس طرح “ انہوں نے کاغذ پر چند لکیریں
کھینچیں ۔ یہاں سے دائیں جانب۔ اور پھر اس
طرف انہوں نے ایک اور لکیر کھینچی ۔ یہاں ایک
ہسپتال ہے ۔ انہوں نے چوخانہ سا بنایا۔ اور یہ اس
کے بالکل سامنے اسٹیشن ہے۔“ انہوں نے بات
مکمل کی۔
"" بہت بہت شکریہ جناب انطالب علم کا چہرہ کھل
اٹھا اور وہ تیز تیز قدم اٹھاتا اپنی منزل کی طرف چل
دیا۔ دیکھا آپ نے! یہ ہے نقشے کا کمال جس سے
آپ خوب واقف ہیں۔
انسان نے آج سے بہت پہلے نقشے کا یہ استعمال
سیکھ لیا تھا۔ وقت گزرنے کے ساتھ باقی چیزوں کی
طرح نقشہ بنانے کے فن نے بھی کافی ترقی کی اور
آج کل تو نقشہ ، جیسے ہماری زندگی کی ضروریات میں
شامل ہو گیا ہے۔ اخبارات سے ٹیلی ویژن تک
نقشوں کے ذریعے مختلف باتیں سمجھاتے نظر
آتے ہیں۔ وقت بدلتا رہتا ہے اور اس کے ساتھ
ساتھ مختلف ممالک ٹوٹتے اور بنتے رہتے ہیں۔
سرحدیں بدلتی رہتی ہیں اور ان کے ساتھ نقشے بھی
تبدیل ہوتے رہتے ہیں۔
ابھی کوئی چار سال پہلے جب سوویت یونین ٹوٹا تو
ساری دنیا کے نقشے بے کار ہو گئے۔ جلدی جلدی
پوری دنیا کے نقشے دوبارہ سے بنائے گئے۔ اصل
یہ نقشے بھی کئی طرح کے ہوتے ہیں۔
اس نقے کی فی
:۔ اٹلس آپ نے گھر میں یا پھر
اسکول کالج میں دیکھی ہوگی۔ یہ نقشے اصل میں
انسانوں کے نہیں بلکہ زمین کے بارے میں ہوتے
ہیں۔ کہاں پہاڑ ہے کہاں سمندر ہے ہے زمین کی
شکل کہاں پر کیسی ہے ؟ اونچی ہے یا نیچی۔ چٹانیں
ہیں یا دریا۔ یہ سب اٹلس میں دکھایا جاتا ہے اور
اس کے لئے طرح طرح کے رنگ اور نشانات
استعمال ہوتے ہیں۔
وتا ہے ۔ ابھی ہم نے آپ کو جایا
تھا کہ اٹلس انسانوں کے نہیں بلکہ زمین کے بارے
میں آپ کو بتاتی ہے۔ ٹوپوگرافک نقشوں کا معاملہ
دوسرا ہے۔ یہ آپ کو انسانوں کے بارے میں
بتاتے ہیں یعنی یہ کہ کہاں پر کتنی آبادی ہے۔ کس
کس طرح کے لوگ رہتے ہیں؟ یہ نقشے سیاحوں یا
گھومنے پھرنے والے لوگوں کے بہت کام آتے
ہیں ان میں بنے ہوئے نشانات سے یہ لوگ مزے
سے سمجھ لیتے ہیں کہ اب انہیں کس طرف جانا ہے
کہاں انسان رہتے ہیں اور کہاں ویرانہ ہے۔
تھیمیٹک نقشے ۔ ان نقشوں میں کوئی
خاص بات بنائی جاتی ہے۔ مثلا یہ کہ کس جگہ کا
موسم کیسا ہے یا پھر یہ کہ کس جگہ کی آبادی کس
طرح کی ہے۔ کبھی کبھی ہم اخباروں میں دیکھتے ہیں
کہ کوئی قتل کی واردات کس طرح ہوئی یا ڈاکوؤں
نے کیسے کوئی بینک لوٹ لیا اس کے لئے بھی نقشہ بنا
دیا جاتا ہے ۔ یہ اس طرح کے نقشے ہوتے ہیں۔
سائنسی تھے ۔ کچھ نقشے سائنسی اطلاعات
فراہم کرنے کے کام بھی آتے ہیں۔ ان میں خاص
طور پر یہ بتایا جاتا ہے کہ کہاں کی زمین کیسی ہے ؟
کہیں زمین بہت سخت ہوتی ہے کہیں بہت نرم ۔
کہیں دلدل اور کہیں ریتیلی۔ یہ ساری معلومات
ان نقشوں میں مختلف رنگوں اور علامتوں کے ذریعے
دی گئی ہوتی ہیں۔ پھر جب کوئی پل تعمیر کرنا ہو یا
عمارت بنانی ہو تو ماہرین ان نقشوں کی مدد سے فیصلہ
کرتے ہیں کہ کہاں پر کیا چیز تسلیم کی جا سکتی
نقشے پڑھنا ۔ نقشے بنانے کے فن نے اب
.
اتنی ترقی کر لی ہے کہ نقشے پڑھنا بھی ایک فن ہو گیا
ہے۔ اب جو نقشے بنائے جاتے ہیں ان کا پڑھا جانا .
بھی خاصا مشکل ہوتا ہے۔ آپ کو پتہ ہونا چاہئے
کہ کن رنگوں کا کیا مطلب ہے ہے کن علامات سے کیا
مراد لی گئی ہے تاکہ آپ نقشوں سے فائدہ اٹھا
سکیں۔ نقبتوں میں فاصلہ بتانے کے لئے خاص
پیمانے استعمال کئے جاتے ہیں۔ ایک انچ کا مطلب
ایک میل بھی ہو سکتا ہے اور ایک سو میل بھی۔ اس
کی وضاحت بھی نقشے میں کی گئی ہوتی ہے۔ اگر یہ
سب باتیں سمجھ میں نہ آرہی ہوں تو نقشوں کا کوئی
فائدہ نہیں اٹھایا جا سکتا۔
نقشے اور کمپیوٹر : ۔ کمپیوٹر کی ایجاد کے بعد
نقشے بنانے کے فن نے ذرا اور ترقی کی ۔ کمپیوٹر کے
ذریعے بہت سی وہ باتیں بھی نقشے میں شامل کی جانے
لگیں۔ جن کے بارے میں پہلے خیال تھا کہ ان کو
نقشے کے ذریعے سجایا نہیں جاسکتا۔ نئی نئی علامتیں
استعمال ہونے لگیں۔ جنہیں ماہرین ہی سمجھ سکتے
ہیں یہ ماہر آپ بھی ہو سکتے ہیں لیکن اگر آپ اتنے
ماہر نہ بھی ہوں تو بھی کوئی ہرج نہیں ہے۔ کسی
طالب علم کو اسٹیشن جانے کا راستہ تو آپ تب بھی
سمجھا سکتے ہیں۔ چند لکیریں بنا کر ۔ بڑی آسانی
ہے۔ یہی نقشے کا فائدہ ہے۔",832
P4_1995_12,Ankh Micholi,1995,وقت کی پابندی,"غور کرنے کی بات ہے کہ کائنات کا ذرہ ذرہ
اپنا کام وقت پر انجام دے رہا ہے۔ دن اور رات
اپنے مقررہ وقت پر آتے جاتے ہیں۔ سورج
اپنے وقت پر طلوع اور غروب ہوتا ہے۔ لہذا
کائنات کا نظام بھی ہمیں وقت کی پابندی کا درس
دیتا ہے۔
دنیا کا کوئی بھی شخص جب تک وقت کی
پابندی نہیں کرے گا۔ اس وقت تک کامیابی سے
ہمکنار نہیں ہو گا۔
اب بات کرتے ہیں طالب علموں کی ، طالب
علموں کی اکثریت وقت کی پابندی نہیں کرتی، اس
بات کو اچھی طرح سے سمجھ لینا چاہئے کہ طالب علمی
کا یہ دور جسے آپ کھیل کود اور بے کار مشغلوں
میں ضائع کر دیتے ہیں۔ دوبارہ یہ وقت نہیں
آسکتا۔
طالب علموں کی اکثریت سال کا بیشتر حصہ
کھیل کو دا ور فالتو کاموں میں ضائع کر دیتی ہے۔ اور
جب امتحانات سر پر آجاتے ہیں تو طلبا پڑھائی
میں دن رات ایک کر دیتے ہیں، یا پھر نقل کرنے
کے نت نئے طریقے سوچتے ہیں۔
اور جو طالب علم نقل کرتے ہیں وہ اگر پکڑے
جاتے ہیں تو اپنا پورا سال خراب کرتے ہیں اور اگر
پاس بھی ہو جاتے ہیں تو یہ کوئی کارنامہ نہیں ہے۔
کیوں کہ انہیں پڑھنا تو آتا ہی نہیں ہے اور پول
کو کبھی نہ کبھی تو کھلنا ہوتا ہی ہے۔ آج نہ سہی
سی۔ لہذا شرمندگی سے بچنے کی ایک
آسان ترکیب یہ ہے کہ آپ وقت کی
پابندی کیجئے۔
شروع سال سے ٹائم ٹیبل بنا کر پڑھائی کیجئے اور
زیادہ وقت پڑھائی کو دیجئے۔ تھوڑا سا وقت کھیل
کے لئے بھی نکالئے اور ہر کام وقت پر کیجئے کہ گیا
وقت لوٹ کر نہیں آتا۔
وقت۔ "" تین حروف پر مشتمل یہ چھوٹا سا
لفظ انسان کی زندگی میں کتنی اہمیت رکھتا ہے۔ اس کا
اندازہ صرف وہی کر سکتے ہیں جو وقت کا صحیح استعمال
جانتے ہیں۔
وقت کی پابندی صرف طالب علموں کے
لئے ہی ضروری نہیں بلکہ ہر اس شخص کے لئے
ضروری ہے جو کوئی کام کرتا ہے۔
وقت کی پابندی کا مطلب صرف یہ ہی نہیں
کہ انسان وقت پر اٹھے، کھانا کھائے ، اپنی ڈیوٹی انجام
دے بلکہ انسان کو چاہئے کو جو فرصت اس وقت
اسے حاصل ہے۔ اس سے کام لے کر ماضی کی
غلطیوں کو مد نظر رکھتے ہوئے اپنے حال اور مستقبل
کو بہتر بنانے کی کوشش کرے۔",389
P4_1996_13,Naunehal,1996,جناب سائنس سے ملاقات,"گھر میں میرے مطالعے کا وقت ذرا مختلف ہے۔ رات گیارہ بجے تک ٹیلی وژن چلتا ہے۔
ملنے جلنے والوں کی آمد و رفت رہتی ہے۔ گھر کے سب لوگ جب سونے کی تیاری کرتے ہیں۔
اور ہر طرف سکون ہو جاتا ہے تو میں پڑھنے بیٹھتا ہوں اور ڈھائی تین بجے تک باقاعدگی یکسوئی
اور گہرائی سے پڑھتا رہتا ہوں۔ اس وقت چاروں طرف خاموشی ہوتی ہے۔ کبھی دو چار کتے مل
کر بھونکنے لگتے ہیں، مگر میں ان کے بھونکنے سے متاثر نہیں ہوتا۔ گرمی کے زمانے میں اپنے
کمرے کی دونوں کھڑکیاں کھول دیتا ہوں۔ اس سے یہ فائدہ ہوتا ہے کہ پنکھے کی تیز ہوا سے
کاغذ نہیں پھڑ پھڑاتے۔
یہ پچھلے امتحانوں کے زمانے کی بات ہے۔ اپنے پروگرام کے مطابق سب سے پہلے میں
نے انگریزی کے چار سبق دہرائے۔ حساب کی چھے سات مشقیں کیں اور پھر فزکس کی کتاب
کھولی۔ رات کے دو بج چکے تھے۔ ہوا میں ہلکی سی خنکی آگئی تھی۔ کھلی ہوئی کھڑکیوں سے ہوا
کے جھونکے کے ساتھ نیند کا جھونکا بھی چوری چھپے آجاتا تھا۔ میں یقین کے ساتھ نہیں کہہ سکتا
کہ میں اس وقت غنودگی میں تھا یا جاگ رہا تھا۔ اچانک کھڑکی کے پردوں میں حرکت ہوئی۔ کیا
دیکھتا ہوں کہ ایک برف جیسے سفید جھک بالوں اور لہراتی ہوئی داڑھی والے بزرگ آسمانی رنگ
کی قبا (ڈھیلا ڈھالا کرتا) پینے میرے سامنے کھڑے ہیں۔ ان کے ایک ہاتھ میں کرہ ارض کا
چھوٹا سا خوب صورت گولا تھا جس کے اندر سے نیلگوں شعاعیں پھوٹ رہی تھیں اور ان کے
نورانی چہرے پر ہلکی سی مسکراہٹ یہ یقین دلا رہی تھی کہ
ڈرو نہیں، میں تمھارا خیر خواہ ہوں۔""
میں نے کرسی سے اٹھ کر انھیں سلام کیا اور وہ بزرگ بڑے پر وقار انداز میں دیوار کے
ساتھ والی کرسی پر بیٹھ گئے۔ کرہ زمین کا چھوٹا سا چمک دار گولا انھوں نے آرام سے میری میز پر
رکھا اور مجھے بیٹھنے کا اشارہ کرتے ہوئے کہنے لگے:
""برخودار ! ڈرو نہیں، میں محنتی اور علم سے شوق رکھنے والے لوگوں کا دوست ہوں۔ میرا
نام سائنس ہے۔ کبھی کبھی میرا دل چاہتا ہے تو رات کو سیر سپاٹے کو نکل کھڑا ہوتا ہوں اور دیکھنا
چاہتا ہوں کہ کون کون میری تلاش میں ہے۔ تمھارے کمرے میں اس وقت روشنی دیکھی اور
مھیں مطالعے میں مصروف پایا تو دل چاہا کہ تمھارے سر پر ہاتھ رکھوں، شاباشی اور یقین دلاؤں
کہ تم اگر اسی طرح بہت محنت اور لگن سے پڑھتے رہے تو ایک نہ ایک دن اچھے سائنس داں
بن سکتے ہو۔ مگر ذہانت کے ساتھ لگن شرط ہے اور منزل بھی تمھاری نظروں کے سامنے ہونی
چاہیے۔""
میں نے ہمت کر کے عرض کیا : ” جناب محترم سائنس صاحب! یہ میری خوش نصیبی ہے کہ
آپ نے مجھے عزت بخشی۔ میں تو سوچ بھی نہیں سکتا تھا کہ آپ سے میری یوں ملاقات
ہو جائے گی۔ میں تو ابھی سائنس کی الف بے پڑھتا ہوں۔ میں اکثر سوچتا ہوں کہ سائنس کیا
ہے؟ کیا سائنس صرف کیمسٹری، فزکس اور بیالوجی کا نام ہے؟ کیا صرف کچھ اصطلاحیں یاد
کرنے سے سائنس آجاتی ہے؟ میں تو اب تک یہ سمجھتا رہا ہوں کہ سائنس شاید کوئی سخت
مزاج خاتون ہوں گی کیوں کہ ہم لوگ سائنس کے لیے مونث کا صیغہ استعمال کرتے ہیں جیسے
"" مجھے سائنس نہیں آتی کیا تمھیں سائنس آتی ہے؟ سائنس بڑی مشکل چیز ہے وغیرہ۔""
جناب سائنس مسکرائے اور بوے: ” میاں صاحب زادے! علم میں مونث مذکر کا فرق
نہیں ہوتا۔ یہ تو صرف بولنے کا طریقہ ہے۔ خیر یہ تم نے اچھا سوال پوچھا کہ سائنس کیا ہے۔
معلومات یعنی علم انسان کی سب سے بڑی قوت ہے۔ ہر اس معلومات کا مجموعہ علم کہلاتا ہے جو
صدیوں کی محنت مشاہدوں، تجربوں، فکر اور غور کے ساتھ کسی ترتیب اور سلیقے سے جمع کیا گیا
ہو، جس میں اصول دریافت کرنے کی کوشش کی گئی ہو اور جس سے آدمی اپنی روز مرہ کی زندگی
دوسروں کے تجربات اور خیالات سے رہ نمائی حاصل کر سکتا ہو ، لیکن ہر علم خالص سائنس میں
نہیں آتا۔ مثلاً ادب اور فلسفے کو سائنس نہیں کہا جاتا کیوں کہ ان علموں کا تعلق عملی تجربات
سے نہیں بلکہ خیالات سے ہے۔ سائنس بھی معلومات کا ایک بہت بڑا اور سلیقے سے جمع کیا ہوا
ذخیرہ ہے جو قدرت کے پوشیدہ اصول تلاش کرتا ہے۔ فرق صرف اتنا ہے کہ سائنس کا تعلق
ٹھوس حقیقوں سے ہوتا ہے۔ یہ علم صرف مشاہدوں پر بھروسا نہیں کرتا بلکہ تجربات اور صحیح
ناپ تول کی مدد سے ایسے نتیجے تلاش کرتا ہے جو کسی بھی وقت اور کسی بھی جگہ بھر دے کے
ساتھ ثابت کر سکے۔ ایک چھوٹی سی مثل سنو! پہلے پانی برف بھاپ اور گیس کا بنیادی فرق
پہچانا گیا۔ تجربات کے ذریعہ سے مختلف گیسوں کی خاصیت معلوم کی گئی۔ پھر یہ معلوم ہوا کہ
ایک نظر نہ آنے والی گیس ایسی ہے جو فضا میں پائی جاتی ہے اور جس کے بغیر زندگی ممکن نہیں
۔ اس کو اوکسی جن کہا گیا۔ پھر تجربات سے ثابت کیا گیا کہ یہ اہم ترین گیس اصل میں
ہائڈروجن گیس کا اوکسائڈ ہے۔ جب کبھی بھی ہائڈروجن گیس کے دو ذرے او کسی جن گیس
کے ایک ذرے سے ملیں گے تو پانی نمودار ہو گا۔ اب یہ حقیقت کسی بھی وقت اور کسی بھی جگہ
آزمائی جاسکتی ہے اور اس پر مکمل بھروسا کیا جاسکتا ہے۔""
جناب سائنس صاحب نے میز پر رکھے ہوئے ننھے سے چمک دار گلوب کی طرف اشارہ کیا
اور کہنے لگے "" یہاں ہر چیز اپنی خاصیت سے پہچانی جاتی ہے۔ ان خصوصیتوں میں شکلیں،
مقدار اور حرکت جیسی خوبیاں شامل ہیں۔ ان میں بو ذائقہ آواز اور رنگ بھی شامل ہیں، مگر
ہر وہ چیز جو ٹھیک ٹھیک ناپی تولی جاسکتی ہے وہ سائنس کے درجے میں آتی ہے۔ سائنس کے
لیے درست ناپ تول شرط ہے اور ناپ تول کے لیے ریاضی ضروری ہے اس لیے کہا جاتا ہے
که ریاضی یا حساب سائنس کا لازمی حصہ ہے۔ ہر وہ علم سائنس ہے جس میں ریاضی ایک
لازمی حصہ ہو، کیوں کہ سائنس میں فرضی باتوں پر یقین نہیں کیا جاسکتا۔ حساب پر کھ اور ناپ
تول کے ذریعہ سے تجربات کے بعد ہر عمل کو یقینی اور قابل بھروسا بنا دیا جاتا ہے۔ پھر یہ تجربات
جہاں چاہو کر ڈالو۔ اگر حساب اور ناپ تول درست ہیں تو نتیجہ ہر جگہ ایک ہی آئے گا۔
سائنس کا مقصد دراصل یہ ہے کہ کائنات کے پوشیدہ راز سمجھ کر ان سے فائدہ اٹھایا جائے۔
تب ہی کائنات کی تسخیر ممکن بنائی جاسکتی ہے۔ جتاؤ کیا سمجھے؟""
میں نے ڈرتے ڈرتے عرض کیا: ”جناب! میں یہ سمجھا ہوں کہ کائنات کی ہر چھوٹی جاسکنے
والی چیز کی اصلیت کو حساب اور ناپ تول کے ذریعہ سے دریافت کرنے کا علم سائنس ہے جس
پر مشاہدے اور تجربے کا عمل جاری رہتا ہے اور ایسے نتائج اور اصول دریافت کیے جاتے ہیں
جو کسی وقت اور کسی جگہ دہرائے جاسکتے ہیں۔""
جناب سائنس صاحب نے خوش ہو کر کہا: ""شاباش !"" مگر یہ بات ہمیشہ یاد رکھنا کہ مشاہدہ
انتہائی غور سے کیا جاتا ہے۔ ہر تجربہ انتہائی احتیاط سے کیا جاتا ہے اور ناپ تول انتہائی سچائی
کے ساتھ کی جاتی ہے۔ کتے کی بات یہ ہے کہ کائنات کے بارے میں ہر قابل بھروسا علم کا نام
سائنس ہے، ایسا ٹھوس علم جس پر مکمل بھروسا کر کے آگے بڑھا جاسکے، اسی لیے سائنس کے
ہر میدان میں ہر وقت تحقیق ہوتی رہتی ہے۔""
"" میں نے نہایت ادب سے کہا: ""شکریہ جناب! کیا ہی اچھا ہو کہ آج مجھے مشاہدے اور
تجربے کا فرق بھی معلوم ہو جائے۔“
جناب سائنس صاحب مسکرائے اور کہنے لگے: "" یہ بھی اچھا سوال ہے۔ ذہن میں کوئی
شک و شبہ نہیں رہنا چاہیے۔ معلومات میں کوئی جھول نہیں رہنا چاہیے، جہاں جھول پایا
جائے وہاں معلومات ادھوری رہ جاتی ہے۔ اب مشاہدے اور تجربے کا بنیادی فرق بھی اچھی
طرح ذہن نشیں کر لو۔ مشاہدے کے معنی ہیں دیکھنا۔ مشاہدہ صرف اتنا بتاتا ہے کہ اگر یہ بات
اگر یوں ہو تو شاید نتیجہ یہ نکلے ، یہاں صرف خیال کی بات ہوتی ہے، صرف گمان کیا جاسکتا ہے۔
کوئی بات سو فی صد بھروسے کے ساتھ نہیں کی جاسکتی۔ اس کے برعکس تجربہ کرتے وقت
ضرورت کے مطابق کنٹرول موجود ہوتے ہیں۔ تجربہ کنٹرول کی گرفت میں ہوتا ہے۔ ہر چیز کو
مختلف طریقوں سے ناپا تولا اور آزمایا جاسکتا ہے، اس لیے جو نتیجہ سامنے آتا ہے وہ قابل یقین
ہوتا ہے اور اسے اس نتیجے کے ساتھ بار بار دہرایا جاسکتا ہے۔ کچھ علم ایسے بھی ہیں جن میں
صرف مشاہدہ ہی مشاہدہ ہے
، مگر تجربات کی گنجائش نہیں ہے۔ جیسے ستاروں کا علم۔""
ایک بات اور بتادیجئے کہ سائنس اور ٹکنالوجی میں کیا فرق ہے؟"" میں نے گزارش کی۔
سائنس کے ذریعہ سے معلوم کیے ہوئے اصولوں کو عملی جامہ پہنا کر انسانیت کے لیے
نئی نئی سہولیات پیدا کرنا ٹکنالوجی کہلاتی ہے۔ سچ پوچھو تو سائنس کا مقصد نئی ٹکنالوجی دریافت
کرتا ہے اور ٹکنالوجی کا مقصد انسانی زندگی کو ہر اعتبار سے آراستہ اور مطمئن کرنا ہے۔ زندگی
اللہ تعالیٰ کا سب سے بڑا عطیہ ہے جس کو قائم رکھنے کے لیے پروردگار نے دنیا والوں کو بڑی
نعمتوں سے نوازا ہے۔ سائنس ان تمام نعمتوں کا شکریہ ادا کرنے کا علم ہے۔ سائنس سے ترقی
ہے۔ جہاں ترقی نہیں ہوتی وہاں پسماندگی ہوتی ہے۔ اچھا اب اللہ حافظ !""
کھڑکی سے باہر صبح کے آثار نمایاں ہو رہے تھے۔ مرغے اذانیں دینے کی تیاریاں کر رہے
تھے۔ ہوا کا ٹھنڈا سا جھونکا آیا۔ کھڑکی کے پردوں میں حرکت ہوئی اور دیکھتے ہی دیکھتے جناب
سائنس رخصت ہو گئے۔
میں آنکھیں ملتا ہوا چاروں طرف گھور رہا تھا۔ فزکس کی کتاب میرے سامنے کھلی رکھی
تھی اور میں سوچ رہا تھا کہ جو کچھ میں نے دیکھا وہ صرف خواب ہی ہو سکتا ہے۔ میرا کمرا گھر کی
اوپری منزل پر ہے اور گیٹ پر رات گیارہ بجے تالا لگا دیا جاتا ہے۔ اوپری منزل پر آنے کے لیے
دروازہ گھر کے اندر ہے۔ کھڑکیوں سے صرف ہوا ہی اندر آسکتی ہے۔ یہ یقیناً ایک خواب تھا
مگر دل چسپ اور سبق آموز خواب",1683
P4_1997_14,Naunehal,1997,عرب جمہوریہ مصر,"عرب جمہوریہ مصر کا رقبہ دس لاکھ مربع کلو میٹر ہے۔ یہ ملک براعظم افریقہ کے شمال مشرقی
میرے پر واقع ہے۔ مصر کا ایک چھوٹا سا حصہ جو جزیرہ نما سینائی کہلاتا ہے، بر اعظم ایشیا میں
واقع ہے۔ مصر کی آبادی پانچ کروڑ سے زیادہ ہے۔ زیادہ تر لوگ دریائے نیل کی وادی اور اس
کے ڈیلٹے میں آباد ہیں۔
مصر کی تہذیب کا شمار دنیا کی انتہائی قدیم تہذیبوں میں ہوتا ہے۔ یہ ملک دنیا بھر میں اپنی
منفرد اور شان دار تاریخی و ثقافتی یادگاروں کے لیے مشہور ہے۔ مصر کے اہرام اور ابو الہول دنیا
کے سات عجائبات میں شمار ہوتے ہیں۔ اس کے علاوہ بھی یہاں بہت سی تاریخی یادگاریں اور
مقامات ہیں۔
مصر کے دار الحکومت قاہرہ میں فلک بوس اور شان دار عمارتوں کے علاوہ گاڑیوں کی بھی
ریل پیل ہے۔ یہاں کی دکانیں اور
مارکیٹیں مختلف رنگا رنگ سامان سے
بھری رہتی ہیں۔ قاہرہ میں عظیم الشان
مسجدیں، مشہور و معروف قلعے اور قدیم
فصیلیں بھی نظر آتی ہیں۔
مصر کی قدیم تہذیب کا گہوارہ
دریائے نیل بحیرہ روم میں گرنے سے
پہلے جنوبا شمالا قاہرہ میں سے گزرتا ہے۔
اس دریا کے چھے بڑے پل قاہرہ کے
-
جنوبی اور مغربی حصوں کو 
ملاتے ہیں۔ لگ بھگ تین ہزار سال قبل مسیح قدیم مصری علم ہیئت اور آب پاشی سے واقف تھے۔
قاہرہ کے مغربی مضافات کا مقام غزہ صحرائے اعظم کی سرحد سے ملتا ہے۔ وہاں اہرام مصر
اور ابو الہول ہیں جو دنیا بھر میں بڑی شہرت رکھتے ہیں۔ اس وقت مصر میں چھوٹے بڑے کل ستر
اہرام موجود ہیں۔ سب سے بڑے اہرام کی تعمیر میں دولاکھ غلاموں نے حصہ لیا اور یہ چالیس
سال میں مکمل ہوا۔ اس اہرام کی اونچائی ایک سو چھتیس میٹر ہے جو ابتدا میں ایک سو چھیالیس
میٹر تھی۔ اس اہرام کی تعمیر میں
پتھر کی پچیس لاکھ اینٹیں استعمال
کی گئی تھیں۔ ان میں ایک
ایک اینٹ کئی کئی ٹن وزنی ہے۔
چار ہزار سال پرانا ہونے کے باوجود
اب بھی اس کی شان و شوکت
اسی طرح قائم ہے۔ ان اہراموں کو دیکھنے کے لیے ہر سال لاکھوں سیاح مصر آتے ہیں۔
مصر کے عوام اپنی تہذیب کے فروغ میں ایک نئے باب کا اضافہ کر رہے ہیں۔ اسوان بند
کے ذریعہ سے دریائے نیل کا پانی خشک صحراؤں تک پہنچ گیا ہے۔ مصر کی شہرت کا ایک اور
سبب نہر سوئیز ہے جو بحیرہ روم اور بحیرہ قلزم کو آپس میں ملاتی ہے۔ اس کی تعمیر ۱۸۵۹ء سے
۱۸۷۹ء تک یعنی دس برسوں میں مکمل ہوئی تھی۔ یہ نہر یورپ، ایشیا اور افریقہ کے ملکوں کے
لیے ایک انتہائی اہم بحری گزر گاہ ہے۔ ۱۹۵۶ء سے اس نہر کے جملہ حقوق مصر کو حاصل ہو گئے
ہیں۔
مصر اقوام متحدہ افریقی ممالک کی تنظیم اور اسلامی کانفرنس کا سرگرم رکن ہے۔ پاکستان
اور مصر کے تعلقات انتہائی خوش گوار ہیں۔ دونوں ممالک اسلامی بھائی چارے کے مضبوط رشتے
میں بندھے ہوئے ہیں۔ دونوں ممالک اسلامی کانفرنس کی تنظیم میں اہم مقام رکھتے ہیں اور
عالمی امن اور بھائی چارے کے فروغ کے لیے مل جل کر کام کر رہے ہیں۔",512
P4_1997_15,Naunehal,1997,قائد اعظم کی بیٹی,""" مجھے صاحب سے ملنا ہے۔"" نووارد نے کہا۔
صاحب اس وقت مصروف ہیں نہیں مل سکتے۔"" ملازم کا جواب تھا۔
اسی دوران کمرے کا دروازہ کھلا اور ہندستان کے کروڑوں مسلمانوں کے رہ نما اور
دل کی دھڑکن قائد اعظم باہر نکلے۔ انھوں نے ملازم سے نووارد کے بارے میں دریافت
کیا۔
ابھی ملازم نے کچھ کہنا ہی شروع کیا تھا کہ نووارد نے آگے بڑھ کر اپنا تعارف کرایا
اور ان سے کچھ دیر گفتگو کے لیے وقت مانگا۔
قائد اعظم نے مصروفیت کا عذر پیش کیا اور واپس کمرے میں جانے کا ارادہ کیا تو
یکا یک نووارد کے ہاتھ میں خنجر نظر آیا اور اس نے قائد اعظم کے منھ پر وار کیا۔ ہندستان
کی سیاست کا یہ بے تاج بادشاہ اپنے عزم و ارادے میں کافی مضبوط تھا، مگر لمبے قد اور
دبلے پتلے جسم نے یقیناً نووارد کو اس غلط فہمی میں مبتلا کر دیا ہوگا کہ یہ ایک ہی وار میں
ختم ہو جائیں گے اور اس نے حملہ کر دیا ، مگر قائد اعظم نے اس کا وار اپنے دبلے مگر
آہنی ہاتھ سے پکڑ کر روک لیا اور دوسرے ہی لمحے ملازم نے اس حملہ آور کو دبوچ لیا۔
اس دوران قائد اعظم کے چہرے پر معمولی سے خراشیں آئیں۔
قائد اعظم اس واقعے سے کافی متاثر ہوئے۔ حملہ آور کا نام محمد رفیق صابر تھا اور کا
تعلق ایک دینی جماعت سے تھا۔ یہ واقعہ قائد اعظم کے لیے دکھ کا باعث بنا۔ وہ سوچ بھی
نہیں سکتے تھے کہ ان کے کام میں مسلمانوں ہی کی ایک جماعت بھی مخالفت میں اس حد
تک آگے بڑھ جائے گی۔ وہ کافی افسردہ تھے۔ یہ وہ نازک وقت تھا کہ جب قائد اعظم کو
اپنے کسی رفیق اور بچے ہمدرد کی ضرورت تھی، جو ان کو دلاسے دے، ان کے زخموں پر
مرہم رکھے۔ اور ان کے ارادوں میں مزید پختگی کا باعث بنے۔
دوسری بیوی مریم جناح کے انتقال کو تیرہ برس سے زیادہ عرصہ بیت چکا تھا اور ان کی
اکلوتی بیٹی دینا جناح بھی ان کے پاس نہیں تھیں۔ ایسے وقت میں ان کی چھوٹی بہن فاطمہ
جناح نے بھائی کا بے حد خیال رکھا اور ڈاکٹر کو بلا کر مرہم پٹی کروائی۔ قائد اعظم کو ڈاکٹر
نے مکمل آرام کا مشورہ دیا تو یہ فاطمہ ہی تھیں جنھوں نے بھائی کے ہاتھ سے تمام فائلیں
لے کر انھیں بستر پر لٹا دیا اور ساری ساری رات ان کے قریب بیٹھی رہیں اور دوا کا بھی
خیال رکھا اور انھیں ملاقاتیوں سے دور رکھا۔ اس واقعے سے پہلے بھی وہ قائد اعظم کے
ساتھ ایک بے لوث ساتھی کی طرح کام کرتی رہی تھیں۔ یہاں تک کہ ایک بار خود اس
ہم بھائی کو سب کے سامنے اعتراف کرنا پڑا۔
فاطمہ میرے لیے امید کی کرن ثابت ہوئی ہیں۔""
محترمہ فاطمہ جناح قائد اعظم سے سترہ برس چھوٹی تھیں۔ والدہ کے بعد والد کا انتقال
ہوا تو تمام بہن بھائیوں کی تعلیم و تربیت میں قائد اعظم کا بے حد ہاتھ تھا۔ قائد اعظم کو
فاطمہ سے بے حد محبت تھی۔ اسے روزانہ اسکول چھوڑنے جانا اس کی پسند نا پسند کا
خیال رکھنا اور عدالت سے گھر آنے کے بعد شام کو بہن کو تفریح کے لیے باہر لے جانا۔
قائد اعظم کی اضافی ذمہ داریاں تھیں۔ قائد اعظم کی خواہش پر بہن نے احمد ڈینٹل کالج
کلکتہ سے دندان سازی کی تعلیم مکمل کی۔
مگررہ وقت ہندستان بھر کے مسلمانوں کے لیے سخت دور تھا۔ محترمہ فاطمہ جناح اگر
پریکٹس شروع کر دیتیں تو یقیناً چند ہی برسوں میں وہ بمبئی کی ممتاز دندان ساز کہلاتیں، مگر
انھوں نے وقت اور حالات کے پیش نظر اپنے عظیم بھائی کے مشن کا ساتھ دیا اور ان کی
معاونت کی۔
یہ ایک مسلم حقیقت ہے کہ تحریک پاکستان کے پلیٹ فارم سے مردوں کے ساتھ
ساتھ عورتوں نے بھی بے حد اہم کام کیا۔ محترمہ فاطمہ جناح ان میں سے ایک تھیں
جنھوں نے اپنے ساتھ دیگر کئی خواتین کو بھی اس مشن میں ساتھ رکھا، انھیں اس کام
کے لیے تیار کیا اور ان ہی کی کوششوں کی بنا پر بہت جلد خواتین کی مسلم لیگ شاخ قائم
ہوئی اور اس نے تحریک پاکستان میں سرگرمی سے کام کیا۔
محترمہ فاطمہ جناح نے بھائی کے سیاسی معاملات سے لے کر خانگی حالات میں بھی ان
کا ساتھ نبھایا اور سارے گھر کا انتظام بھی اپنے ہاتھ میں رکھا۔ قائد اعظم کی اس پیاری
بہن نے انھیں بے جا فکروں سے آزاد رکھا۔ قائد اعظم نے ایک بار فرمایا تھا۔
""فاطمہ میرے سیاسی کاموں میں نہ صرف ایک انتھک ساتھی ہے بلکہ بعض اوقات
میں اس کے مشوروں سے بھی فائدہ اٹھاتا ہوں۔ ہر اہم بیان جاری کرنے سے قبل فاطمہ
کو دکھا دیا کرتا ہوں، فاطمہ میری بہترین مشیر بھی ہیں اور دوست بھی۔""
آخر غلامی کی سیاہ رات ختم ہوئی اور جدو جہد کی کہانی ایک نئے موڑ پر آئی پاکستان
شب قدر کی مبارک رات کو آزاد ہوا۔ قائد اعظم نے بحیثیت گورنر جنرل اپنی پہلی تقریر
کے آخر میں اپنی بہن کو ان الفاظ میں خراج تحسین پیش کیا۔
مس جناح نے برابر میری امداد اور حوصلہ افزائی کی۔ ان دنوں جب یہ خیال کیا جارہا
تھا کہ برطانوی حکومت مجھے گرفتار کر لے گی، میری بہن نے میرا حوصلہ بڑھایا اور جب
میں حالات سے مایوس ہوتا جا رہا تھا تو انھوں نے میرے دل میں امید کی شمع روشن کی۔
خصوصاً میری صحت کے بارے میں وہ بڑی فکر مند رہتی ہیں۔""
قیام پاکستان کے بعد محترمہ فاطمہ جناح نے فلاحی و تعلیمی کاموں میں بڑھ چڑھ کر حصہ
لیا۔ صدر محمد ایوب خان کے مقابلے میں انھوں نے صدارتی انتخاب بھی لڑا مگر انھیں
کام یاب ہونے نہیں دیا گیا۔ پاکستان کی تاریخ میں واحد خاتون تھیں جنہوں نے صدارتی
انتخاب لڑا۔ 9 جولائی ۱۹۶۷ء کو ان کا انتقال ہوا۔ وہ مزار قائد کے احاطے میں مدفن ہیں۔",967
P4_1998_16,Naunehal,1998,کمپیوٹر کی دنیا,"ہمارے بہت سے نونہال ساتھی کمپیوٹر کے
بارے میں کچھ نہ کچھ ضرور جانتے ہوں گے۔
میں بھی آپ لوگوں کو کمپیوٹر کے بارے میں
ہیں
فری معلومات فراہم کرتی ہوں۔
کچھ کمپیوٹر بہت ہی سستے ہوتے ہیں اور
بعض کی قیمت کئی لاکھ رپے ہوتی ہے۔ کمپیوٹر
کیا ہے؟ کمپیوٹر ایک ایسی الیکٹرونک مشین ہے
ان معلومات یا ہدایت کو جو اسے دی جاتی
محفوظ کر لیتی ہے اور طلب کرنے پر ان
معلومات کو ہماری دی ہوئی ہدایات کے مطابق
عمل کر کے پیش کر دیتی ہے۔ کمپیوٹر مختلف قسم
کے ہوتے ہیں جن میں سے تین یہ ہیں :
مین فریم : یہ سب سے بڑا اور طاقت ور
ہوتا ہے۔ اس کمپیوٹر کے مختلف الگ الگ حصے
ہوتے ہیں۔ ایک حصے میں معلومات حاصل
کرنے کا کام ہوتا ہے دوسرے حصے میں یا تو
حاصل کی ہوئی معلومات کو دیکھا جاسکتا ہے یا پھر
یہ معلومات محفوظ رہتی ہیں۔ ”مین فریم کمپیوٹر""
بڑی تعداد میں معلومات حاصل کرتا ہے۔ اس
قسم کے طاقت ور کمپیوٹر بہت بڑے اداروں اور
کارخانوں وغیرہ میں استعمال ہوتے ہیں۔
منی کمپیوٹر : یہ کمپیوٹر اتنا بڑا اور طاقت
ور نہیں ہوتا۔ یہ کمپیوٹر کسی خاص کام کے لیے
استعمال ہوتا ہے۔ بینک میں حصہ داروں کا
حساب رکھنے یا کتب خانوں میں کتابوں کے
بارے میں تفصیلات مہیا کرنے کے کام آتا
ہے۔
۔
مانگرو کمپیوٹر : مائکرو کمپیوٹر عام طور پر
دفتروں، دکانوں، اسکولوں یا گھروں میں استعمال کیا
جاتا ہے۔ آج کے دور میں کمپیوٹر بہت عام سی
چیز ہو گئی ہے۔ انسان ساری دنیا کو کم سے کم
جسامت کے کمپیوٹر میں یک جا کرنے کی
کوششوں میں مصروف ہے اور اب ہمارے
مستقبل کی دنیا دراصل کمپیوٹر کی دنیا بننے والی
ہے۔ یہی وجہ ہے کہ آج کے نونہال جنھیں
مستقبل کا بوجھ اٹھاتا ہے، اور یقین ہے کہ یہ
بوجھ کمپیوٹر کے بڑھتے ہوئے استعمال کے نتیجے
میں برائے نام رہ جائے گا، ان نونہالوں کو کمپیوٹر
سے متعارف کرایا جا رہا ہے۔
انسانی زندگی میں کمپیوٹر کے بڑھتے ہوئے
اثرات ہماری زندگی کے طور طریقوں، ہماری
عادات ہماری ضروریات ہماری پسند ناپسند کے
معیارات میں کیا تبدیلی پیدا کریں گے، انسان
اس پہلو پر غور کر رہا ہے، لیکن شاید صحیح نتائج
بر آمد کرنے کے لیے کمپیوٹر ہی سے مدد لینی
پڑے گی۔ واقعی پھر تو ہماری زندگی کمپیوٹر کی
زندگی ہوگی اور مستقبل کی دنیا کمپیوٹر کی دنیا
ہوگی۔",397
P4_1999_17,Naunehal,1999,اسکول کی ڈائری,"اگر آپ کبھی ہائی اسکول نہیں گئے اور وہاں
کے حالات نہیں دیکھے تو آئیے میں آپ کو ہائی
اسکول کے بارے میں بتاتا ہوں۔
میں ایک ہائی اسکول کا طالب علم ہوں۔
میرے اسکول کے ہائی کے معنی یہ نہیں کہ یہ
اونچا یا اعلا ہے، بلکہ یہ تو ایک معمولی سا
سرکاری اسکول ہے، لیکن یہاں جو کچھ ہوتا ہے
وہ بہت اعلا ہے۔
ہمارا اسکول صبح ، بجے شروع ہوتا ہے اور
چھٹی سوا بجے ہوتی ہے۔ یہاں کے یونی فارم کا
رنگ کالا ہے جو آپ سارا سال بھی بغیر دھوئے
پنے رہیں تو میلا نہیں ہوگا۔ اسکول کے باہر
دروازہ بھی ہے جس کے اوپر میرے اسکول کا
نام لکھا ہے جو رنگ کی کمی اور زنگ کی زیادتی
کی وجہ سے مٹ چکا ہے، اس لیے یہ اندازہ لگانا
مشکل ہے کہ یہ اسکول ہے یا یتیم خانہ ۔ جب ہم
اندر داخل ہوں گے تو سب لڑکے پہنچ چکے ہوں
گے اور سب کے چہروں پر نیند کے آثار نمایاں
ہوں گے جو صبح اسکول آنے کی وجہ سے ہوتے
ہیں۔
اسکول میں ہمارے اساتذہ بھی ہیں۔ ہم
استادوں کا نام تو ٹھیک سے نہیں جانتے ہیں، لیکن
ان کی چال ڈھال اور حرکات کی وجہ سے انھیں
پہچان لیتے ہیں۔ ہمارے ریاضی کے استاد جب
سامنے سے گزریں گے اور آپ ان کو دیکھے
سلام کریں گے تو وہ صرف آنکھیں جھپکا کر اس
کا جواب دیں گے۔ ہمارے اردو کے استاد جب
گزریں گے تو تیز گام سے کم رفتار نہیں ہوگی۔
چلنے کے دوران آپ ان کے دائیں اور بائیں
پاؤں کا اندازہ لگا نہیں سکتے۔ انگلش کے استاد کو
جب سلام کیا جائے تو وہ ہیلو میں جواب دیں
گے۔ اسی طرح اسلامیات کے استاد کی پہچان
سب سے الگ ہے۔ جب وہ ملتے ہیں تو ہاتھ
ضرور ملاتے ہیں اور ایسا ملاتے ہیں کہ ہاتھ کی
ہڈیاں پھر ہاتھ ملانے کے قابل نہیں رہتیں۔
لیجئے صاحب! اسکول کھل چکا ہے۔ لڑکے -
آہستہ آہستہ کلاسوں میں داخل ہو رہے ہیں۔
کلاس کالے لباسوں سے بھر چکی ہے جہاں پر
اداس، خفگی بھرے اور سوئے ہوئے چہرے میں
گے۔ استاد صاحب کلاس میں آچکے ہیں۔ تمام
لڑکے بے دلی سے اٹھے۔ استاد صاحب نے
حسب عادت ہاتھ ہلایا۔ پھر استاد صاحب کرسی پر
بیٹھ کر سوچوں میں ڈوب گئے اور اسی طرح پیریڈ
ختم ہو گیا۔ یہ معمول ہر پیریڈ میں ہوتا .
-4
آخر چھٹی ہو جاتی ہے۔ سوئے ہوئے چہرے
والے لڑکوں میں زندگی کی رونق آجاتی ہے۔ وہ
چنیں مارتے سیٹیاں بجاتے اور ایک دوسرے
کو دھکے مارتے ہوئے باہر آجاتے ہیں اور اس
طرح لڑکے اسکول میں علم حاصل کر کے
«
اپنے اسکول اساتذہ اور ملک کا نام ”روشن""
کرتے ہیں اور دن کا خاتمہ کر دیتے ہیں۔ یہ تھا
میرے ہائی اسکول کا حال۔ر",461
P4_2003_018,BBC Urdu,2003,صاف ستھری آب و ہوا والی کار,"ہائیڈروجن اور شمسی توانائی سے چلنے والی جاپانی کار نے براعظم آسٹریلیا کا چار ہزار کلومیٹر طویل سفر مکمل کر لیا۔ اپنی نوعیت کی اس کار کا یہ پہلا سفر ہے۔ اس کار کی ایک اور خاص بات یہ ہے کہ اس میں سے دھویں کی جگہ خالص پانی خارج ہوتا ہے۔ جب یہ کار سڈنی پہچنی تو وہاں کے میئر نے اس پانی کا نمونہ بھی حاصل کیا۔ منتظمین کا کہنا ہے کہ اس سے یہ بات ثابت ہوتی ہے کہ پیٹرول اور ڈیزل سے چلنے والی کاروں کی جگہ ایسی کاریں بنائی جا سکتی ہیں جو متبادل ایندھن پر چل سکتی ہیں۔ اور ماحول پر اس کے برے اثرات بھی نہیں پڑتے۔ اس کار کا نام، اپولونڈائن، سورج اور پانی کے یونانی دیوتاؤں کے ناموں کو ملا کر رکھا گیا ہے۔ چار ہزار کلومیٹر کا سفر نو دنوں میں طے ہوا۔ ایک منتظم ہینس تھولسٹرپ نے کہا: ’ہم یہ سفر چار دن میں مکمل کر سکتے تھے تاہم ہم کوئی خطرہ مول لینا نہیں چاہتے تھے۔ بس ہم یہ دکھانا چاہتے تھے کہ ایسا ممکن ہے۔‘ ان کا کہنا تھا کہ تجارتی پیمانے پر اس کار کی تیاری میں کتنا وقت لگے گا فی الحال اس بارے میں کچھ کہنا مشکل ہے۔ تاہم دلچسپ بات یہ ہے کہ اس کار کا ڈیزائین کسی بڑی کار کمپنی کی بجائے یونیورسٹی کے چند ذہین طلباء نے بنایا۔",227
P4_2003_019,BBC Urdu,2003,بغیرایندھن کا جہاز,ہوائی جہاز کے ایجاد ہونے کے ٹھیک ایک سو برس بعد امریکہ میں ایک ایسے جہاز کا کامیاب تجربہ کیا گیا ہے جو کہ ایندھن کے بجائے لیزرکی شعاؤں سے چلتاہے ۔ اس چھوٹے سے تجرباتی جہاز کا کامیاب تجربہ امریکی ریاست ایلاباما میں واقع ایک ہوائی اڈے پر قائم ہینگر میں کیا گیا۔ اس جہاز کے ماڈل کو لیزر کی شعاؤں سے اڑا کر زمین پر اتار لیا گیا اور ان ہی شعاؤں کی روشنی کو برقی قوت میں تبدیل کر کے جہاز کے انجن کو چلانے کے لیے استعمال کیا گیا۔ امریکی خلائی تحقیق کے ادارے کادعویٰ ہے کہ یہ لیزر کی شعاؤں سے چلنے والا جہاز غیر معینہ مدت تک پرواز کر سکتا ہے۔ خلائی تحقیق کے ادارے نے کہا کہ یہ جہاز ماحولیاتی تبدیلوں کا جائزہ لینے اور مواصلاتی مقاصد کے لیے لمبے فاصلے تک پرواز کرنے کے لیے استعمال کیا جا سکتا ہے۔,148
P4_2003_020,BBC Urdu,2003,عراق سے نہیں جاؤں گا: صدام,"برطانوی لیبر پارٹی کے سابق رہنما ٹونی بِن نے عراقی صدر صدام حسین سے انٹرویو کیا جسے ان کا آخری انٹرویو بھی خیال کیا جاتا ہے۔ اس انٹرویو کو بی بی سی کے چینل فور سے نشر کیا گیا۔ اس انٹرویو میں انہوں نے کہا تھا کہ وہ جلا وطنی اختیار نہیں کریں گے اور اسی ملک میں جان دینے کو ترجیح دیں گے۔ اس انٹرویو کے کچھ حصے یہاں پیش کیے جا رہے ہیں۔ سوال: جناب صدر، کیا اب تک آپ کو کسی ملک نے سیاسی پناہ کی پیشکش کی ہے؟ اور کیا آپ اپنے لوگوں کو موت اور تباہی سے بچانے کے لیے کسی بھی حالت میں جلاوطنی اختیار کریں گے؟ صدام: میں یہاں پیدا ہوا ہوں عراق میں، اور مجھے فخر ہے کہ میں خدا کا خوف لے کر پیدا ہوا ہوں اور میں نے اپنے بچوں کو بھی ڈٹ جانے کا درس دیا ہے۔ چاہے کوئی بھی کسی کی بھی درخواست پر اپنی قوم کو چھوڑ دے تو وہ اصولوں سے سچائی نہیں ہو گی۔ ہم یہیں مریں گے۔ ہم یہیں اسی ملک میں مریں گے اور اپنی عزت برقرار رکھیں گے۔ وہ عزت جو ہمیں چاہیے ۔۔۔اپنے لوگوں کے سامنے۔ سوال: اگر حملہ ہوا، تو کیا آپ تیل کے کنووں میں آگ لگا دیں گے یا کیا آپ حملہ کی مزاحمت کے لئے پانی کے ذخیروں کو یا پھر بند تباہ کریں گے؟ صدام: اس مفروضے کا جواب تو میں دے چکا ہوں، لیکن اگر آپ تفصیل میں جاننا ہی چاہتے ہں تو عراق اپنے ڈیم یا تیل کی دولت کو تباہ نہیں کرے گا۔ ہمیں امید ہے اور اس جواب کو کوئی اشارہ نہ سمجھا جائے، کہ عراق کے تیل کے کنویں اور پانی کے بند تو وہ تباہ کریں گے جو عراق پر حملہ کریں گے۔ سوال: جناب صدر کیا آپ ان الثمود میزایئلوں کو تباہ کرنے کے ارادے رکھتے ہیں جن کو اقوام متحدہ نے ممنوعہ قرار دیا ہے۔ کیا آپ ان کو تباہ کریں گے؟ صدام: ہم طے کرچکے ہیں کہ ہم اقوام متحدہ کی قرارداد کی پاسداری کریں اور انہیں ویسے ہی نافذ کریں جیسے کہ اقوام متحدہ کی مرضی ہے اور اس بنیاد پر ہم وہ ہی کریں گے جو ہم کو کرنا چاہیے۔ اور آپ کو تو پتہ ہی ہے کہ اقوام متحدہ کی قرارداد کے تحت عراق کو زمین سے زمین پر مار کرنے والے راکٹ بنانے کی اجازت ہے۔ سوال: میں یہ یقین کر لینا چاہتا ہوں جناب صدر کے آپ سمجھ رہے ہیں، یعنی آپ کا مطلب یہ ہی ہے کہ آپ ان میزائلوں کو تباہ نہیں کریں گے؟ صدام: کون سے میزائل؟ کیا مطلب ہے آپ کا؟ ہمارے پاس اقوام متحدہ کی طے شدہ تشریح کے برخلاف میزائل نہیں ہیں اور معائنہ کار یہاں ہیں اور وہ دیکھ رہے ہیں۔ مجھے یقین ہے کہ امریکہ بھی جانتا ہے اور دنیا بھی جانتی ہے کہ عراق کے پاس ایسا کچھ نہیں ہے جس کا سیاسی سطح پر شور مچایا جارہا ہے۔ اور مجھے یہ یقین بھی ہے کہ یہ ساری ہلچل و ہنگامہ، یہ سارے بیڑے اور یہ ساری فوجیں محض اس سب سے بڑے جھوٹ کو چھپانے کے لئے ہیں کہ عراق کے پاس وسیع پیمانے پر تباہی پھیلانے والے ہتھیار ہیں جیسے حیاتیاتی یا کیمیائی یا جوہری ہتھیار۔ تو دراصل آپ جن میزایئلوں کا تذکرہ کر رہے ہیں اور جو اقوام متحدہ کی قرارداد کے برخلاف ہیں وہ اپنا وجود نہیں رکھتے اور وہ تباہ کئے جا چکے ہیں۔ سوال: آپ کیا سمجھتے ہیں وہ ایسی کیا بات ہے جو سب سے زیادہ اہم ہے اور آپ کے خیال میں امریکیوں کو سمجھنا چاہیے، اس وقت تاریخ کے اس نازک موڑ پر؟ صدام: سب سے پہلے تو آپ ان کو بتائیں کہ عراقی عوام امریکی عوام کے دشمن نہیں ہیں۔ اور اگر امریکی عوام مزید مذاکرات کے ذریعہ مزید جاننا چاہتے ہیں ٹیلیوژن کے ذریعہ تو میں بش سے، جناب بش، صدر متحدہ ریاستہائے امریکہ سے مذاکرات پر تیار ہوں اور اس بات پر بھی کہ وہ اور میں ایک ساتھ ٹیلیوژن پر آئیں۔ اور پھر میں کہوں گا وہ جو میرے پاس کہنے کو ہے امریکی پالیسی کے بارے میں اور وہ کہیں جو ان کے پاس کہنے کو ہے عراقی پالیسی کے بارے میں اور پھر اس کو انتہائی دیانتدارانہ انداز سے نشر کردیا جائے۔ سوال: آپ کس مباحثہ کی بات کر رہے ہیں، مباحثہ کی، یہ تو ایک نئی بات ہے۔ آپ کہہ رہے ہیں کہ آپ راضی ہیں اور آپ تجویز کر رہے ہیں صدر بش کے ساتھ ٹیلیوژن پر ایک مباحثہ؟ صدام: ہاں۔۔۔بالکل، ہم یہ نہیں کہہ رہے کہ ہتھیاروں کا مقابلہ کیا جائے۔ میں تو صرف اتنا کہہ رہا ہوں کہ میں امریکی اور دیگر ممالک کے عوام کے سامنے پیش ہونا چاہتا ہوں صدر بش کے ساتھ ایک براہ راست مباحثہ کرنا چاہتا ہوں جو ٹیلیوژن پر نشر کیا جائے۔ اور یہ ان کے لئے ایک موقع ہوگا اگر وہ واقعی اپنی بات پر قائم ہیں جنگ کے بارے میں یا کسی بھی بارے میں اگر وہ کسی جائز وجہ کی بنیاد پر پوری دنیا کو قائل کرنا چاہتے کہ جنگ جائز ہے۔ اور یہ ہمارے لئے بھی ایک موقع ہے کہ ہم پوری دنیا کو بتا سکیں کہ ہم پر امن طور پر زندہ رہنا چاہتے ہیں۔ سوال: یہ آپ مذاق تو نہیں کر رہے ؟ صدام: قطعاً نہیں۔۔۔ میں بالکل مذاق نہیں کر رہا۔ یہ میں اس لئے کہہ رہا ہوں کہ میں امریکی رائے عامہ کی عزت اور قدر کرتا ہوں۔ اگر مذاکرات کے ذریعہ امن قائم ہو سکتا ہے تو پھر مذاکرات کیوں نہ کئے جائیں۔",914
P4_2004_021,BBC Urdu,2004,ڈیرہ غازی خان میں شیعہ ڈاکٹر قتل,چھپن سالہ گائناکالوجسٹ ثریا نثار ڈیرہ غازی خان کے ضلعی ہسپتال میں ملازم تھیں اور ایک نجی ہسپتال الزہرہ کی مالک تھیں۔ اتوار کی سہ پہر ایک نامعلوم شخص ہسپتال میں داخل ہوا اور اس نے ڈاکٹر ثریا کا پوچھا۔ جب وہ آپریشن تھیٹر سے باہر آئیں تو ان پر فائرنگ شروع کر دی۔ ڈاکٹر ثریا فائرنگ کے سبب موقع پر ہی ہلاک ہوگئیں جبکہ حملہ آور پیدل ہی وہاں سے فرار ہوگیا۔ ایک ڈسپینسر ابراہیم بھی فائرنگ کی زد میں آ کر زخمی ہو گیا اور اسے ضلعی ہسپتال لے جایا گیا جہاں اس کی حالت خطرے سے باہر بتائی جاتی ہے۔ شیعہ رہنما اظہار بخاری نے بی بی سی کو بتایا کہ ڈاکٹر ثریا ایک جانی پہچانی شیعہ اور سرگرم سماجی شخصیت تھیں۔ ان کے قتل کا بظاہر محرک فرقہ وارانہ دہشت گردی ہی دکھائی دیتا ہے۔ لاہور میں مغل پورہ کے علاقے میں ایک ہی شیعہ خاندان کے پانچ افراد کے قتل کے بعد یہ دوسری فرقہ وارانہ واردات ہے جو حالیہ دنوں میں پنجاب میں ہوئی ہے۔ اس سے پہلے کراچی میں درجنوں شیعہ ڈاکٹر الگ الگ حملوں میں قتل کیے جا چکے ہیں۔,188
P4_2004_022,BBC Urdu,2004,"امام بارگاہ پر حملہ، فائرنگ، 20 ہلاک","ایک اور واقعہ میں زخمیوں کو لے جانے والی ایک ایمبولینس پر پولیس کی فائرنگ سے دو افراد ہلاک ہو گئے۔ واقعہ کے بعد شہر میں کشیدگی پھیل گئی اور مختلف واقعات میں اٹھارہ گاڑیوں اور تین پیٹرول پمپوں کو آگ لگادی گئی ہے۔ صدر جنرل پرویز مشرف نے اس واقعہ پر گہرے دکھ کا اظہار کیا ہے اور کہا ہے کہ وہ جلد ہی اہم فیصلے کریں گے۔ وزیرِ اطلاعات شیخ رشید احمد نے کہا کہ کہ صدر مشرف نے اس واقعہ کا سخت نوٹس لیا ہے۔ صدر نے کہا :’میں سخت اقدامات کروں گا، مفتی شمزائی کی ہلاکت کے بعد چوبیس گھنٹوں میں یہ دوسرا واقعہ ہے‘۔ وزارت داخلہ کے ترجمان عبدالرؤف چوہدری کے مطابق ابھی یہ کہنا قبل از وقت ہے کہ حملہ کس نے کیا ہے۔ تاہم انہوں نے کہا کہ بظاہر یہ فرقہ وارانہ تشدد کا ایک واقعہ دکھائی دیتا ہے۔ حکام ان اطلاعات کی تحقیق کر رہے ہیں جن میں کہا گیا ہے کہ اپنے آپ کو نمازی ظاہر کرنے والے ایک شخص نے دھماکہ سے کچھ دیر پہلے ایک بریف کیس امام بارگاہ میں چھوڑ دیا تھا۔ بم دھماکہ نماز مغرِبین کے وقت امام بارگاہ علی رضا میں ہوا جو محمد علی جناح روڈ پر واقع ہے۔ دھماکہ اتنا شدید تھا کہ امام بارگاہ میں واقع وضو خانہ اور ٹرسٹ کادفتر منہدم ہو گیا اور بارگاہ کے گُنبد کوشدید نقصان پہنچا۔ ہسپتال کے ذرائع نے بتایا کہ بہت سے لوگ بری طرح جل گئے ہیں۔ دھماکے کے بعد خاصی دیر تک امدادی کام ہوتا رہا اور زخمیوں اور متاثرین کو ملبے سے نکالنے کی کارروائی جاری رہی۔ وہاں موجود لوگوں نے بتایا کہ دھماکے کے بہت دیر بعد تک حکومت سندھ کا کوئی نمائندہ، پولیس کے اعلٰی حکام موقع پر نہیں پہنچے تھے۔ جبکہ آس پاس کے لوگ اپنے لواحقین کو تلاش کرتے رہے اور اسی دوران وہاں بجلی بھی چلی گئی اور اندھیرا چھا گیا، جس سے امدادی کام مزید متاثر ہوا۔ بعد میں محمد علی جناح روڈ اور آس پاس کے علاقوں میں ہنگامہ آرائی شروع ہوگئی اور پولیس کی ایک گاڑی سمیت اٹھارہ گاڑیوں اور تین پیٹرول پمپوں کو آگ لگادی گئی۔ اس دوران زخمیوں کو ہسپتال کے جانے والی ایک ایمبولینس پر پولیس کی فائرنگ سے دو افراد ہلاک ہو گئے۔ پولیس کا کہنا ہے کہ اس ایمبولینس کے اندر سے پولیس پر فائرنگ کی گئی اور جوابی فائرنگ سے دو افراد ہلاک ہو گئے۔ لیکن شیعہ تنظیم پاسبان عزا کے ترجمان نے اس کی تردید کی ہے اور کہا ہے کہ زخمیوں کو لے جانے والی ایمبولینس پر بلاجواز فائرنگ کی گئی۔ جن دیگر علاقوں میں گڑ بڑ کے واقعات ہوئے ان میں پرانی نمائش، انچولی اور عباس ٹاؤن شامل ہیں۔ ان علاقوں میں مظاہرین نے ٹائر جلائے اور رکاوٹیں کھڑی کر کے ٹریفک کو معطل کر دیا۔ کئی جگہوں پر پولیس اور مظاہرین میں تصادم بھی ہوا۔ بعض اطلاعات کے مطابق پولیس نے مظاہرین کو منتشر کرنے کے لئے گولی بھی چلائی۔ تاہم پولیس کے انسپکٹر جنرل کے مطابق پولیس نے صرف آنسو گیس کے گولے پھینکے۔ مئی کے مہینے کے آخری دن مزید پندرہ افردا کی بم دھماکہ میں ہلاکت سے اس ماہ ہنگاموں اور بم دھماکوں میں مرنے والوں کی تعداد پچاس سے زائد ہوگئی ہے اور یوں یہ اس سال کا خونی ترین مہینہ تھا۔ رات گئے کراچی کے مکین اس بات کا انتظار کر رہے تھے کہ صدر پرویز مشرف کراچی کے حالات پو قابو پانے کے لئے کون سے اقدامات کرنے والے ہیں جن کی طرف وفاقی وزیر اطلاعات شیخ رشید احمد نے اشارہ کیا ہے۔ اقدامات جو بھی ہوں صدر مشرف کو فوری طور پر ایک حتمی فیصلہ کرنا ہوگا اور وہ یہ ہے کہ امن و امان کی بحالی ایک اہم ترجیح ہے اور اس پر کسی قسم کی سودے بازی نہیں کی جا سکتی۔",625
P4_2004_023,BBC Urdu,2004,کراچی میں کشیدگی,"گزشتہ روز ممتاز عالم دین مفتی شامزئی کے نامعلوم افراد کے ہاتھوں قتل کے بعد شہر میں ہنگامے شروع ہوگئے تھے۔ پیر کے روز بھی شہر میں کئی بازار بند رہے اور سڑکوں پر ٹریفک کم رہی۔ مفتی شامزئی طالبان حامی تھے۔ ان پر اس وقت گولیاں چلائی گئیں جب وہ اتوار کی صبح اپنے گھر سے مدرسہ جا رہے تھے۔ پولیس بالخصوص اہل تشیع کی مساجد اور امام بارگاہوں کی حفاظت پر مامور کی گئی ہے۔ چھ جماعتی مذہبی اتحاد ’متحدہ مجلس عمل‘ نے جمعہ کے روز ملک گیر ہڑتال کا اعلان کیا ہے۔ ایم ایم اے کے ایک سینیئر رہنما مولانا فضل الرحمان نے کہا ہے کہ وہ ایک عالم کے قتل کے خلاف خاموش نہیں بیٹھیں گے۔ انہوں نے کہا: ’اگر مفتی شامزئی کے قاتل گرفتار نہ ہوئے تو ہم دوسرے اقدامات کرنے پر مجبور ہوں گے۔‘ واقعہ کی تحقیقات کے لئے پولیس کی خصوصی ٹیم تشکیل دیدی گئی ہے۔ اب تک کسی نے اس قتل کی ذمہ داری قبول نہیں کی۔ عینی شاہدین کے مطابق چھ مسلح افراد نے ان کی کار پر حملہ کیا جس میں مفتی شامزئی ہلاک جبکہ ان کا بیٹا، بھتیجا، محافظ اور ڈرائیور زخمی ہوگئے۔",194
P4_2005_024,BBC Urdu,2005,"بیس ہزار ہلاک، ملبے تلےزندہ لوگ","بی بی سی کے نامہ نگاروں کا کہنا ہے کہ ابھی بھی کئی جگہوں پر ہزاروں لاشیں ملبے کے نیچے دبی ہوئی ہیں اور ان کو نکالنے کا کام جاری ہے۔ اسلام آباد میں پریس کانفرنس سے خطاب کرتے ہوئے انہوں نے بتایا کہ اتوار کو وزیراعظم کی صدارت میں کابینہ کا ہنگامی اجلاس ہوا جس میں ملک میں تین روزہ سوگ منانے کا فیصلہ بھی کیا گیا ہے۔ وزیر داخلہ نے کہا کہ زلزلے سے متاثرہ افراد کی بحالی کے لیے کابینہ نے پانچ ارب روپے مختص کیے ہیں اور ہلاک ہونے والے ہر شخص کے لواحقین کو ایک لاکھ روپے جبکہ ہر زخمی ہونے والے کے لیے پچاس ہزار روپے کی امداد دینے کا بھی فیصلہ کیا گیا ہے۔ انہوں نے تسلیم کیا کہ کئی علاقوں کا مواصلاتی نظام منقطع ہے اور ان علاقوں میں حکومت دو سو سیٹلائیٹ پبلک کال آفس قائم کر رہی ہے تاکہ وہاں رابطہ بحال ہوسکے۔ انہوں نے کہا کہ ایبٹ آباد میں پچاس فیصد مکانات تباہ ہو چکے ہیں، جبکہ مانسہرہ، بٹ گرام، مظفر آباد، بالا کوٹ اور کشمیر کے دوسرے علاقوں میں ستر فیصد کے قریب مکانات منہدم ہو چکے ہیں۔ وزیر داخلہ نے بتایا کہ جن علاقوں میں زمینی رابطہ ختم ہوچکا ہے وہاں ہیلی کاپٹروں اور سی ون تھرٹی طیاروں سے پکا ہوا کھانا گرایا جارہا ہے۔ ان کے مطابق انتیس ہیلی کاپٹر اور C 130 طیارے امدادی کام کر رہے ہیں۔ انہوں نے کہا کہ گڑھی حبیب اللہ اور مظفر آباد تک سڑک چھوٹی گاڑیوں کی آمد و رفت کے لیے بحال ہوگئی ہے۔ تاہم انہوں نے کہا کہ کوہالہ سے مظفرآباد تک سڑک پندرہ کلومیٹر تک تباہ ہے اور اس کی بحالی میں کچھ دن لگیں گے۔ ان کے مطابق بالا کوٹ سے کاغان اور کاغان سے ناران تک تباہ حال سڑک کی بحالی کا کام شروع ہوگیا ہے۔ انہوں نے بتایا کہ بٹل چنار روڈ بھی فی الحال بند ہے۔ لیکن ان کے مطابق مری سے کوہالہ تک سڑک کھلی ہوئی ہے۔ وزیر داخلہ کے مطابق ساٹھ سے زیادہ اراکین پر مشتمل کابینہ کے تمام اراکین نے ایک ماہ کی تنخواہ زلزلے کے متاثرین کی امداد کے لیے دینے کا اعلان کیا ہے۔ انہوں نے بتایا کہ وزیراعظم شوکت عزیز نے تمام وزراء کو ہدایت کی ہے کہ امدادی کاموں میں حصہ لیں۔ انہوں نے کہا کہ صورتحال قابو میں آنے تک ہر روز کابینہ کا اجلاس صبح دس بجے ہوا کرے گا۔ ان کے مطابق صدر اور وزیراعظم نے متاثرہ علاقوں کا اتوار کے روز دورہ بھی کیا۔ وزیر داخلہ نے کہا کہ لندن میں پاکستان ہائی کمیشن کو ہدایت کی گئی ہے کہ متاثرہ افراد کے ورثا کو فوری ویزہ جاری کیا جائے اور پی آئی اے سے خصوصی پروازیں چلانے کو بھی کہا ہے۔ ادھر پاکستان کے زیرانتظام کشمیر کے وزیر مواصلات و تعمیرات طارق فاروق نے خبر رساں ادارے ’اے ایف پی‘ کو بتایا ہے کہ صرف کشمیر میں تیس ہزار سے زیادہ لوگ ہلاک ہوئے ہیں۔ مظفر آباد مظفر آباد میں بی بی سی کے نامہ نگار نِک برائنٹ کا کہنا ہے کہ شہر کی کئی عمارتیں بالکل زمین بوس ہو چکی ہیں اور لوگوں نے شہر کے کرکٹ سٹیڈیم میں پناہ لے رکھی ہے۔ مظفر آباد سے پچیس میل دور جنوب مشرق میں باغ کا علاقہ اور بھی زیادہ متاثر ہوا ہے۔ اس شہر میں صرف چند عمارتیں ہیں جو باقی بچیں ہیں اور پورا شہر تباہ ہو چکا ہے۔ بالا کوٹ بی بی سی کے نامہ نگار مبشر زیدی نے پاکستان کے شمالے علاقے بالاکوٹ کا دورہ کرنے کے بعد اطلاع دی ہے کہ وہاں تین سکولوں میں ایک ہزار سے زائد بچے ابھی تک دبے ہوئے ہیں۔ خدشہ ہے کہ صرف اس تحصیل میں ہزاروں افراد ہلاک ہوئے ہیں اور ہزاروں افراد ملبے کے نیچے دبے ہوئے ہیں۔ بالا کوٹ سے کچھ دور پہلے سے ہی اس علاقے میں تباہی کے آوار نمایاں طور پر نظر آتے ہیں۔ ایبٹ آباد سے مانسہرہ جانے والی شاہراہ پر ایبٹ آباد میں چند پلازے اور عمارتیں زمین بوس ہو گئی ہیں۔ جموں و کشمیر بھارت کے زیرانتطام کشمیر میں زلزلے سے مرنےوالوں کی تعداد چھ سو ہوگئی ہے اور اطلاعات کے مطابق ایک ہزار سے زائد لوگ زخمی ہوئے ہیں۔ ہزاروں گھر تباہ ہوگئے ہیں جس کی وجہ سے ایک لاکھ سے زیادہ لوگ بے گھر ہوگئے ہیں۔ فوجی جوان اور سرکاری عملہ اب بھی لوگوں کو ملبے سے نکالنے میں مصروف ہیں۔ ایک فوجی ترجمان نے اس بات کی تصدیق کی ہے کہ مرنے والوں میں فوج کے انتالیس جوان ہیں جبکہ تقریبا نوے فوجی زخمی ہوئے ہیں۔",748
P4_2005_025,BBC Urdu,2005,متاثرہ علاقوں میں امدادی کام شروع,"پاکستان کے فوجی ترجمان میجر جنرل شوکت سلطان نے بی بی سی کو بتایا ہے کہ پچیس ہیلی کاپٹر اس آپریشن میں حصہ لے رہے ہیں۔ جس میں ان کے مطابق بیس بڑے ٹرانسپورٹ اور پانچ چھوٹے ہیلی کاپٹر شامل ہیں۔ حکام کا کہنا ہے کہ تودے گرنے کی وجہ سے ا بھی کئی سڑکیں بند ہیں اور متاثرہ علاقوں کا رابطہ منقطع ہے اور امدادی کارکن زمینی رستے سے ان علاقوں میں نہیں پہنچ پائے۔ حکام کے مطابق مختلف سڑکیں صاف کرنے اور راستے بحال کرنے کے لیے بلڈوزر اور متعلقہ عملہ کام کر رہا ہے اور امید ہے کہ جلد رابطہ بحال ہوجائے گا۔ ادھر اتوار کو برطانوی ماہرین کی ایک ٹیم جدید آلات سمیت اسلام آباد پہنچی ہے اور اس نے زمین بوس ہونے والی دس منزلہ عمارت کے ملبے تلے دبے زندہ افراد کی آواز اور میٹل یعنی دھات کی بنا پر نشاندہی کا کام شروع کردیا ہے۔ ٹیم نے اب تک دو زندہ بچوں کی نشاندہی کی ہے۔ اس برطانوی ٹیم کے ایک ماہر جان ہالینڈ نے بی بی سی کو بتایا کہ جہاں بچے موجود ہیں وہاں سے ملبہ ہٹایا جارہا ہے اور امید ہے کہ انہیں زندہ بچالیا جائے گا۔ اب تک اس عمارت کے ملبے تلے چھبیس افراد کی لاشیں اور نوے سے زیادہ زخمیوں کو نکالا جاچکا ہے۔ گزشتہ رات اسلام آباد، مظفرآباد اور صوبہ سرحد کے بالائی علاقوں میں جہاں سب سے زیادہ زلزلے کے متاثرین ہیں وہاں بارشوں کی وجہ سے امدادی کام متاثر ہوا تھا۔ لیکن اتوار کے روز موسم بہتر ہونے کی وجہ سے امدادی کام تیزی سے جاری ہیں۔",263
P4_2005_026,BBC Urdu,2005,"مظفرآباد: تباہی، خوف،  بےبسی","لوگوں نے کھلے آسمان کے نیچے پناہ لے رکھی ہے، قبرستانوں میں، گلیوں میں، کھلے میدانوں میں، اپنی گاڑیوں میں، خوف کی وجہ سے لوگ گھروں کے اندر نہیں جارہے ہیں، چاروں طرف موت اور تباہی کے مناظر ہیں۔ شہر پہنچنے پر صرف ایک ہی بات میرے ذہن میں آئی کہ یہاں موت کا رقص ہے، چند لمحات نے یہ کیا کردیا۔ سنیچر کی شب لوگوں نے باہر گزاری، سڑکوں پر، آسمان تلے۔ صرف ایک خبر ہے، ہر شخص کے منہ سے ، فلاں مرگیا، فلاں مرگیا، فلاں مرگیا۔ مکانات گرگئے ہیں، ہوٹل، سرکاری عمارتیں، دفاتر تباہ ہوگئے ہیں، جو گھر بچے ہیں وہ رہنے کے قابل نہیں ہیں، جیل کی عمارت گرگئی، یونیورسٹی کی بلڈنگ تباہ ہوگئی ہے اور اس کے نیچے طالب علم دبے ہوئے ہیں۔ جو عمارتیں کھڑی ہیں وہ رہنے کے لائق نہیں، ان میں دراڑیں پڑی ہیں۔ کچھ خوش قسمت لوگ ہیں جو ملبوں کے نیچے سے بچ گئے۔ بچوں، عورتوں، بوڑھوں، سب کے چہروں پر خوف و ہراس ہے، ایسا لگتا ہے کہ ان کے پاس رہنے کی جگہ ہو تو میں یہ کہہ سکتا ہوں کہ کوئی یہاں نہیں رہنا چاہے۔ خوراک نہیں، طبی امداد نہیں، حکومت کی کوئی مشینری کام نہیں کررہی، پولیس والے دکھائی نہیں دیتے، فوج کے لوگ نہیں دکھتے۔ تباہی کے مناظر ہیں، ہر طرف، یہاں کی حکومت بےبس ہے، غریب ہے، کوئی حکومتی مشنری کام نہیں کررہی ، اگر کوئی مدد کرنا چاہے بھی تو جس بڑے پیمانے پر تباہی ہوئی ہے اس میں یہ اندازہ لگانا مشکل ہوگا کہ اگر امدادی کارروائی کی جائے تو آخر کہاں۔ دور دراز کے علاقوں سے، باغ اور راؤلاکوٹ سے بھی یہی اطلاعات آنا شروع ہورہی ہیں، لوگ مرگئے ہیں، زحمی ہیں، ملبوں کے نیچے دبے ہوئے ہیں، لیکن شاید مظفرآباد میں تباہی زیادہ ہوئی ہے۔",295
P4_2006_027,BBC Urdu,2006,مدرسے پر بمباری: 80 افراد ہلاک,پاکستان میں فوجی حکام کا کہنا ہے کہ مدرسہ شدت پسندوں کا ایک تربیتی مرکز تھا جس میں غیرملکی بھی موجود تھے جبکہ مقامی قبائلی اس سے انکار کرتے ہیں۔ مقامی قبائلی رہنماوں نے اس سرکاری دعوے کی بھی تردید کی ہے کہ مدرسے میں عسکری تربیت دی جا رہی تھی یا اس میں غیرملکی موجود تھے۔ اس واقعے پر احتجاج کرتے ہوئے صوبہ سرحد کے سینر وزیر سراج الحق نے وزارت سے جبکہ باجوڑ سے رُکن قومی اسمبلی ہارون رشید نے اسمبلی کی رکنیت سے مستعفی ہونے کا اعلان کیا ہے۔ واقعے کے بعد باجوڑ انتظامیہ نے ایک مرتبہ پھر صحافیوں کے علاقے میں داخلے پر پابندی لگا دی ہے۔ مذہبی جماعتوں نے حکومتی کارروائی کے خلاف منگل کو یومِ احتجاج منانے کا اعلان کیا ہے۔ پیر کو جماعتِ اسلامی اور کچھ دیگر مذہبی جماعتوں کے کارکنوں نے کراچی اور پشاور میں مظاہرے کیے۔ باجوڑ کے عوام پیر کو مقامی عسکریت پسندوں اور حکومت کے درمیان امن معاہدے پر کسی پیش رفت کی توقع کر رہے تھے جس کی امید اب تقریباً معدوم ہو گئی ہے۔ افواج پاکستان کے ترجمان میجر جنرل شوکت سلطان کے بقول فوج نے کئی روز سے مولوی لیاقت کے مدرسے پر نظر رکھی ہوئی تھی اور ان اطلاعات کی تصدیق پر کہ مدرسے کو شدت پسند کارروائیوں کی تربیت کے لیئے استعمال کیا جا رہا ہے فوج نے صبح پانچ بجے یہ کارروائی کی۔ شوکت سلطان کا کہنا تھا کہ فوج کے پاس ’ٹھوس شواہد‘ تھے کہ مدرسے میں ’شدت پسند‘ موجود ہیں جن پر عمل کرتے ہوئے فوج نے کارروائی کی۔ ضیاالعلوم تعلیم القران نامی یہ مدرسے دس برس قبل قائم کیا گیا تھا۔ یہ مدرسہ باجوڑ کے صدر مقام خار سے تقریبا آٹھ کلومیٹر شمال میں ’چینہ گئی‘ کے مقام پر واقع ہے۔ یہ جگہ گزشتہ جنوری میں امریکی بمباری کا نشانہ بنے والے ڈمہ ڈولہ گاؤں اور افغان سرحد کے قریب ہے۔ بمباری اتنی شدید تھی کہ اس سے مدرسے کی ایک ہی دیوار ہی گرنے سے بچ پائی ہے۔ فوجی حکام کے مطابق گن شپ ہیلی کاپٹروں اور ہدف پر مار کرنے والے ہتھیاروں سے مدرسہ پر بمباری ہوئی جس سے اس کی عمارت مکمل طور پر تباہ ہوگئی۔ حملے میں مدرسے میں موجود تراسی میں سے اسی افراد ہلاک جبکہ تین زخمی ہوئے ہیں۔ ہلاک ہونے والوں کی عمریں بیس سے تیس برس کے درمیان بتائی جاتی ہے۔ مدرسے کے منتظم اور کالعدم تنظیم تحریک نفاذ شریعت محمدی کے نائب امیر چالیس سالہ مولوی لیاقت اور ان کے تین بیٹے بھی ہلاک ہونے والوں میں شامل ہیں۔ عینی شاہدین نے بتایا کہ بمباری سے مدرسہ طلبہ کے اعضاء دور دور تک بکھر گئے جبکہ اکثر کی لاشیں بھی بری طرح مسخ ہوگئیں۔ بمباری کی اطلاع پر ہزاروں کی تعداد میں مقامی لوگ وہاں جمع ہوئے اور لاشوں کو اکھٹا کیا۔ البتہ چند لاشوں کی حالت ایسی تھی کہ انہیں صرف بوریوں میں ہی بند کیا جا سکتا تھا۔ سینر صوبائی وزیر سراج الحق جن کا آبائی علاقے دیر قریب ہی ہے اپنی سرکاری گاڑی وہیں چھوڑ کر موٹر سائیکل پر مدرسے پہنچے۔ انہوں نے ہی ہلاک ہونے والوں کی اجتماعی نماز جنازہ پڑھائی اور بعد میں وزارت سے مستعفی ہونے کا اعلان کیا۔ باجوڑ سے جماعت اسلامی کے رکن قومی اسمبلی ہارون رشید نے بھی اس موقع پر ایوان سے مستعفی ہونے کا اعلان کیا۔ تاہم جماعت اسلامی کے سربراہ قاضی حسین احمد نے اسلام آباد میں صحافیوں سے بات چیت میں مستعفی ہونے کے فیصلے کی اہمیت قدرے کم کر دی۔ انہوں نے بتایا کہ سراج الحق سے پارٹی نے گزشتہ دنوں سرکاری یا پارٹی عہدے میں سے ایک رکھنے کا تقاضا کیا تھا۔ سراج الحق جماعت اسلامی کے صوبائی امیر بھی ہیں۔ اس کے جواب میں سراج الحق نے مناسب وقت پر وزارت سے استعفی کے اعلان کا وعدہ کیا تھا۔ ہارون رشید کے بارے میں انہوں نے بتایا کہ انہوں نے اپنا استعفی قومی اسمبلی کو نہیں بلکہ انہیں بھیجا ہے۔ مدرسے پر بمباری کے بعد حکومت کو مطلوب مولانا فقیر محمد بھی وہاں موجود تھے۔ ان کے علاوہ بڑی تعداد میں مسلح نقاب پوش عسکریت پسند بھی جنازے میں موجود تھے۔ حکومت کو القاعدہ کی مدد کے الزام میں مطلوب قبائلی عسکریت پسند مولانا فقیر محمد بھی بمباری کے بعد وہاں پہنچے اور لوگوں سے خطاب میں کہا کہ کفار انہیں اس طرح ختم کرنا چاہتے ہیں لیکن وہ اس میں کامیاب نہیں ہوسکیں گے۔ انہوں نے پوچھا کہ کیا کسی کو مدرسے میں کوئی ہتھیار یا عسکری سامان دکھائی دیتا ہے؟ اس واقعے پر احتجاج کرتے ہوئے آج صدر مقام خار کے بازار بند رہے اور مشتعل افراد نے مظاہرے کئے۔ باجوڑ میں اس واقعے کے بعد حالات کشیدہ ہیں۔ حکومت نے بھی سکیورٹی فورسز کو الرٹ رہنے کا حکم دیا ہے۔ باجوڑ انتظامیہ نے آج ایک مرتبہ پھر بی بی سی سمیت کئی دیگر اخبارات کے صحافیوں کو باجوڑ داخل نہیں ہونے دیا۔ اس فیصلے کی کوئی وجہ نہیں بتائی گئی تاہم ماضی میں بھی حکام یہ اقدام اٹھاتے رہے ہیں۔ پولیٹکل ایجنٹ باجوڑ فہیم وزیر نے بی بی سی سے بات کرتے ہوئے اس فیصلے کی وجہ ذرائع ابلاغ کا لوگوں کو مشتعل کرنا بتائی تھی۔ البتہ صحافیوں کی دور رکھنے کی پالیسی کوئی زیادہ کامیاب نہیں رہی ہے۔ یہ کارروائی ایک ایسے وقت کی گئی ہے جب باجوڑ میں حکومت اور مقامی قبائل کے درمیان شمالی وزیرستان طرز کے امن معاہدے کی باتیں ہو رہی تھیں۔ اس بابت مقامی قبائلی رہنماوں اور حکومت کے درمیان معاہدے کو حتمی شکل دینے کے لیئے مذاکرات متوقع تھے۔ دو روز قبل مقامی شدت پسندوں نے باجوڑ میں ایک بڑے مظاہرے میں اسامہ بن لادن اور ملا محمد عمر کی حمایت کا اعلان کیا تھا۔ تاہم مقامی شدت پسندوں کے رہنما مولانا محمد فقیر نے حکومت کو امن عامہ کی بحالی کے لیئے تعاون کی پیشکش بھی کرائی تھی۔ اس مظاہرے سے ہلاک ہونے والے مولوی محمد لیاقت نے بھی خطاب کیا تھا۔ اس سال جنوری میں باجوڑ کے ڈمہ ڈولہ گاوں پر امریکی بمباری سے تیرا افراد ہلاک ہوئے تھے۔ یہ حملہ القاعدہ کے رہنما ایمن الظواہری کی موجودگی کی اطلاع پر کیا تھا تاہم وہ وہاں موجود نہیں تھے۔ شاید یہی وجہ ہے کہ آج کے حملے کے بارے میں بھی قبائلیوں کو شک ہے کہ یہ سرحد پار افغانستان سے امریکی افواج نے کیا ہے تاہم پاکستانی حکام اس کی تردید کرتے ہیں۔ مدرسے کے قریب رہائشی اخوندزادہ نے بتایا کہ وہ گزشتہ چند روز سے علاقے میں جاسوسی کرنے والے طیاروں کی پروازیں دیکھ رہے تھے۔ ایک دوسرے عینی شاہد جاوید نے بتایا کہ حملے کے بعد گن شپ ہیلی کاپٹر فضا میں نمودار ہوئے تاہم ان کی جانب سے بمباری نہیں کی گئی۔ وہ کئی گھنٹوں تک فضا میں گھومتے رہے۔ جماعت اسلامی نے کل ملک بھی میں مزید پرامن احتجاج کی کال دی ہے۔ تاہم اسلامی جمعت طلبہ نے آج پشاور پریس کلب کے سامنے باجوڑ کے واقعے کے حلاف احتجاج کیا۔ مظاہرین نے امریکہ اور صدر جنرل پرویز مشرف کے خلاف نعرہ بازی کی۔ جعمیت علما اسلام کے باجوڑ سے سینٹر مولانا عبدالرشید اور رکن قومی اسمبلی مولانا محمد صادق نے بھی کل احتجاج کی کال دی ہے۔,1170
P4_2006_028,BBC Urdu,2006,پاکستان: 50  کے قریب قبائلی رہا,میران شاہ میں حکام کا کہنا ہے کہ ان قبائلیوں کے خلاف کوئی ٹھوس الزامات نہیں تھے لہذا انہیں چھوڑ دیا گیا ہے۔ رہائی پانے والے مقامی تاجر یا ڈرائیور تھے جنہیں اجتماعی ذمہ داری کے قانون کے تحت حراست میں لیا گیا تھا۔ اجتماعی ذمہ داری کے قانون کے تحت کسی بھی قبیلے کے رکن کے انفرادی عمل کو پورے قبیلے کا عمل تصور کیا جاتا ہے۔ توقع کی جا رہی ہے کہ اس قیدیوں کی رہائی کے اس اقدام سے حکومت اور شدت پسندوں کے درمیان تناؤ میں مزید کمی آئے گی۔,94
P4_2006_029,BBC Urdu,2006,"مدرسے پر فوج کی بمباری،  ’80 افراد ہلاک‘","پشاور سے باجوڑ کے لیے روانہ ہونے والے ہمارے نامہ نگار ہارون رشید نے اطلاع دی ہے کہ باجوڑ۔پشاور روڈ پر باجوڑ ایجنسی میں نواگئی چیک پوسٹ پر فوج کے اہلکار مسافروں سے پوچھ گچھ کررہے ہیں اور صحافیوں کو ایجنسی میں داخل ہونے کی اجازت نہیں دی جا رہی ہے۔ فوج کے ترجمان میجر جنرل شوکت سلطان نے بتایا کہ ’ہمیں مصدقہ انٹیلیجنس کی اطلاعات ملی ہیں جن کے مطابق ستر سے اسی شدت پسند مدرسے میں پناہ لیے ہوئے تھے جسے دہشت گردوں کی تربیت کے لیے استعمال کیا جاتا ہے، یہ مدرسہ فوجی حملے میں تباہ ہوگیا ہے۔‘ اسلام آباد میں صحافیوں سے بات کرتے ہوئے شوکت سلطان نے بتایا کہ فوج کے پاس ’اپنے اعداد و شمار نہیں ہیں کہ کتنے لوگ ہلاک ہوئے تاہم مقامی ذرائع سے ہمیں معلوم ہوا ہے کہ 80 افراد ہلاک ہوئے۔‘ ان کا کہنا تھا کہ فوج کے پاس ’ٹھوس شواہد‘ تھے کہ مدرسے میں ’شدت پسند‘ موجود ہیں جن پر عمل کرتے ہوئے فوج نے کارروائی کی۔ شوکت سلطان نے بتایا کہ مدرسے میں ’مقامی اور غیرملکی‘ افراد موجود تھے جن کی عمریں ’بیس سے تیس‘ کے درمیان تھی لیکن ہلاک ہونے والوں میں کوئی ’اہم غیرملکی شخصیت‘ نہیں ہے۔ ہلاک ہونے والوں میں بچوں کے علاوہ کالعدم تنظیم تحریک نفاذ شریعت محمدی کے نائب امیر مولانا لیاقت بھی شامل ہیں۔ ابراہیم کا کہنا تھا کہ ہلاک ہونے والوں کا جنازہ سینیئر صوبائی وزیر سراج الحق نے پڑھائی۔ یہ واقعہ پیر کی صبح باجوڑ کے صدر مقام خار کے شمال میں بارہ کلومیٹر دور انعام خورد چینگئی کے علاقے میں پیش آیا جہاں سے افغان سرحد پندرہ بیس کلومیٹر کے فاصلے پر واقع ہے۔ ادھرعینی شاہدین نے بی بی سی کو بتایا کہ اچانک دو طیارے آج صبح فضا میں نمودار ہوئے اور مولانا لیاقت کے نام سے مشہور مدرسے پر بمباری شروع کردی۔ علاقے کے لوگوں کا کہنا ہے کہ طیاروں نے تین بار مدرسے کو نشانہ بنایا اور یہ حملے اتنے شدید تھے کہ دھماکوں کی آوازیں کئی کلومیٹر تک سنی گئی۔ ایک عینی شاہد جاوید نے بتایا کہ حملے کے بعد گن شپ ہیلی کاپٹر فضا میں نمودار ہوئے تاہم ان کی جانب سے بمباری نہیں کی گئی۔ وہ کئی گھنٹوں تک فضا میں گھومتے رہے۔ ادھر اس حملے کے بعد باجوڑ کے صدرمقام خار میں تمام سیاسی جماعتوں کا ایک جلسہ منعقد ہوا جس میں علاقے کے لوگوں نے بڑی تعداد میں شرکت کی۔ جلسے میں باجوڑ سے رکن قومی اسمبلی ہارون رشید نے اس واقعے کے خلاف اپنے نشست سے مستعفی ہونے کا اعلان کیا۔ صوبہ سرحد کے سینیئر وزیر سراج الحق نے بھی اپنے عہدے سے مستعفی ہونے کا اعلان کیا ہے۔ ایک عینی شاہد نے بی بی سی کو بتایا کہ مدرسے میں حملے کے وقت 80 طالب علم موجود تھے جنہوں نے عید کی چھٹیوں کے بعد تعلیم کا دوبارہ آغاز کیا تھا۔ موقع پر موجود لوگوں نے صحافیوں کو بتایا کہ حملے کے بعد انسانی جسم کے ٹکڑے ہر طرف پھیل گئے۔ ’ہم نے جو کچھ دیکھا اس سے ہمیں دکھ ہوا ہے‘۔ سنیچر کو ایک جلسے میں جس میں ہزاروں افراد شریک تھے مقامی جنگجؤوں نے اسامہ بِن لادن اور ملا محمد عمر کو اپنا ہیرو قرار دیا۔ جنگجؤوں نے حکومت کو افغانستان کی سرحد سے ملحقہ علاقوں میں امن کے قیام میں اپنی مدد کی پیشکش بھی کی تھی۔ اسی سال جنوری میں امریکہ نے باجوڑ میں تین گھروں پر بمباری کر کے تیرہ افراد کو ہلاک کر دیا تھا۔ یہ حملہ اس اطلاع پر کیا گیا تھا کہ ان مکانوں میں القاعدہ رہنما ایمن الزواہری موجود تھے۔ پاکستان نے اس حملے پر امریکہ سے احتجاج کیا تھا۔ گزشتہ ہفتے پاکستانی حکام نے خیر سگالی کے لیے ایسے نو قبائلیوں کو رہا کیا تھا جن پر طالبان سے روابط کا شبہہ تھا۔ ان میں مفرور جنگجو فقیر محمد کے رشتہ دار بھی شامل تھے جنہیں غیر ملکیوں کو پناہ دینے کے الزام میں پکڑا گیا تھا۔",648
P4_2007_030,BBC Urdu,2007,ریڈیو پاکستان میں آتشزدگی,"آتشزدگی سے بالائی منزل پر واقع تمام سٹوڈیو مکمل طور پر جل گئے ہے۔ ریڈیو پاکستان کی عمارت میں آگ اتوار کی صبح دس بجکر پچپن منٹ پر اُس وقت بھڑکی جب سٹوڈیو میں بچوں کے ایک پروگرام ’بچوں کی دنیا‘ کی ریکارڈنگ جاری تھی جس میں تقریبا چالیس بچے شریک تھے۔ آگ لگنے سے عمارت میں بھگدڑ مچ گئی تاہم ریڈیو پاکستان کی انتظامیہ بچوں کو جلتی ہوئی عمارت سے نکالنے میں کامیاب ہوگئی۔ واقعہ کی اطلاع پر شہری حکومت، پاکستان بحریہ اور ڈیفنس ہاؤسنگ اتھارٹی کی ڈیڑھ درجن سے زائد آگ بجھانے والی گاڑیاں اور دو اسنارکل موقع پر پہنچ گئیں اور لگ بھگ چار گھنٹوں کی جدوجہد کے بعد آگ پر قابو پا لیا گیا۔ چیف فائر آفیسر سٹی ڈسٹرکٹ گورنمنٹ سلیم احتشام کا کہنا ہے کہ فوری طور پر آگ لگنے کی وجہ معلوم نہیں ہوسکی تاہم احتمال ہے کہ آگ شارٹ سرکٹ کے باعث لگی، چھت اور دیواروں میں لکڑی کے زیادہ استعمال ہونے کی وجہ سے آگ نے چند ہی منٹوں میں عمارت کے وسیع حصے کو اپنی لپیٹ میں لے لیا۔ سلیم احتشام کا کہنا ہے کہ آگ بجھانے کے لیے سات مقامات سے کوشش کی گئیں اور عمارت کی چھت اور کھڑکیوں کو توڑ کر اسنارکل کی مدد سے آگ بجھائی گئی۔ ریڈیو پاکستان کی عمارت میں آتشزدگی کے باعث نشریات کچھ وقت کے لیے متاثر ہوئیں تاہم ریڈیو پاکستان کراچی سٹوڈیو کے سینیئر پروڈیوسر محبوب سرور نے بتایا گیا کہ کراچی میں لانڈھی کے علاقے میں واقع ریڈیو پاکستان کے سٹوڈیو سے متبادل نشریات شروع کردی گئی ہیں۔ اُن کا کہنا ہے کہ ریڈیو پاکستان کی عمارت میں ایک ایمرجنسی سٹوڈیو قائم ہے اور اُمید ہے کہ رات تک نشریات اس سٹوڈیو سے شروع کر دی جائیں گی۔ آتشزدگی کے دوران ریڈیو پاکستان کے عملے کو جلتی ہوئی عمارت سے سامان نکالتا دیکھا گیا، کوئی یہاں سے کتابیں نکال رہا تھا تو کسی کو آڈیو کیسٹوں کے لیے پریشان دیکھا گیا۔ ریڈیو پاکستان کے ڈیوٹی آفیسر نے بتایا کہ عمارت کی میوزک لائبریری اور ریکارڈ روم محفوظ ہے تاہم 14 سٹوڈیو جل گئے۔ ریڈیو پاکستان سے چونتیس سال چار ماہ تک منسلک رہنے کے بعد بطور سٹیشن ڈائریکٹر ریٹائر ہونے والے نثار میمن نے آتشزدگی سے ہونے والے نقصانات کے بارے میں پوچھنے پر بی بی سی سے بات کرتے ہوئے کہا ’ایسا محسوس ہوتا ہے کہ ہمارا تو گھر ہی جل گیا، کوئی کیسے اپنے گھر کے جلنے کا تخمینہ لگا سکتا ہے، پاکستان میں کراچی واحد سٹیشن تھا جہاں ایک چھت کے نیچے اتنی بڑی تعداد میں سٹوڈیو قائم تھے، اس جگہ نئے اور پرانے سامان کا حسین امتزاج تھا، پاکستان میں ریڈیو کے آغاز کے وقت کے قیمتی پیانو بھی جل گئے اور جدید مائیکروفون، لنک ٹرانسمیٹر اور ٹیپ بھی تباہ ہوگئے۔‘ آتشزدگی کی اطلاع پر نائب سٹی ناظمہ نسرین جلیل بھی موقع پر پہنچ گئیں۔ بی بی سی سے بات کرتے ہوئے اُنہوں نے کہا کہ اس تاریخی عمارت میں ہونے والی آتشزدگی کی تحقیقات کرائی جائیں گی۔",491
P4_2007_031,BBC Urdu,2007,ٹل حملہ:خاتون ہلاکت پرغم وغصہ,"یونین کونسل ٹل رورل کے ناظم شوکت حیات کے مطابق سکیورٹی فورسز کی فائرنگ سے ایک خاتون بھی جان بحق ہوئی ہے جس سے علاقے میں سخت غم وغصے کی لہر دوڑ گئی ہے۔ ہنگو سے ملنے والی اطلاعات میں عینی شاہدین کا کہنا ہے کہ یہ واقعہ صبح ساڑھے نو بجے کے قریب ٹل شہر سے ایک کلومیٹر دور میرانشاہ سڑک پر سپین ٹل کے علاقے میں پیش آیا۔ سرکاری ذرائع کے مطابق ڈبل کیبن سرف گاڑی میں سوار ایک خودکش حملہ آوار نے اپنی گاڑی ٹل سکواٹس کی ایک چوکی سے ٹکرا دی جس سے وہاں پر زور دار دھماکہ ہوا۔ یونین کونسل ٹل رورول کے ناظم شوکت حیات نے بی بی سی کو بتایا کہ حملے میں ٹل سکاؤٹس کے چار اہلکار ہلاک اور چودہ زخمی ہوگئے ہیں۔ تاہم پاکستان فوج کے ترجمان میجر جنرل وحید ارشد نے دھماکے میں دو اہلکاروں کی ہلاکت کی تصدیق کی ہے۔ زخمیوں کو سی ایم ایچ ٹل اور کوہاٹ منتقل کیا گیا ہے جن میں دو کی حالت تشویش ناک بتائی جا رہی ہے۔ شوکت حیات کے مطابق واقعہ کے فوراً بعد وہاں پر موجود سکیورٹی فورسز نے مقامی لوگوں پر فائرنگ شروع کردی جس سے قریبی گاؤں میں ایک خاتون گولی لگنے سے ہلاک ہوگئی۔ ان کا کہنا تھا کہ خاتون کی ہلاکت سے علاقے میں سخت غم و غصہ پایا جاتا ہے۔ انہوں نے بتایا کہ ’ فوجی جوان ہمارے اپنے ملک کے لوگ ہیں لیکن اس کا مطلب یہ نہیں کہ بغیر تحقیق کے اپنے عوام پر فائرنگ شروع کر دیں۔ ہمیں جوانوں کی ہلاکت پر افسوس ہے۔ ٹل فوجی چھاؤنی کے جوان بھی مقامی لوگوں سے اس طرح سلوک کرتے ہیں کہ جیسے ان کی اور ہماری درمیان دشمنی ہوں۔‘ عینی شاہدین کے مطابق دھماکے کے فوری بعد سکیورٹی فورسز نے سارے علاقے کو گھیرے میں لے کر سیل کردیا جبکہ ٹل میرانشاہ سڑک بھی کئی گھنٹوں تک بند رہی۔ واقعہ کے عینی شاہد اور مقامی صحافی فرمان الدین شاکر نے بتایا کہ سکیورٹی فورسز نے کئی گھنٹوں تک جائے وقوعہ کے قریب کسی کو نہیں جانے دیا۔ واضح رہے کہ ٹل میں فوجی چوکی پر خود کش پیر کی صبح ہوا تھا جس میں حملہ آور نے اپنی کار چوکی سے ٹکرا دی۔ ایک پولیس افسر کے بقول دھماکہ اس قدر زوردار تھا کہ حملہ آور کے پرخچے اڑ گئے۔ اس کے علاوہ سنیچر کی صبح بھی ٹل فوجی قلعے پر نامعلوم افراد نے راکٹ لانچروں سے حملہ کیا تھا تاہم اس حملے میں کسی کی ہلاک یا زخمی ہونے کی اطلاع نہیں ملی ہے۔ یاد رہے کہ ٹل تحصیل کی حدود تین قبائلی ایجنسیوں شمالی وزیرستان، کرم اور اورکزئی ایجنسی سے ملتی ہیں۔",439
P4_2007_032,BBC Urdu,2007,حماس اور فتح کے درمیان جنگ بندی,وزیر خارجہ محمود ظہر کا کہنا تھا کہ جنگ بندی مقامی وقت کے مطابق منگل کی صبح تین بجے سے نافذ ہو جائے گی۔ حکمران جماعت حماس اور صدر محمود عباس کی فتح پارٹی کے مخالف دھڑوں کے درمیان لڑائی میں گزشتہ چند دنوں کے دوران 30 افراد ہلاک ہوچکے ہیں۔ 2006 میں حماس کے اقتدار میں آنے کے بعد سے یہ اب تک کی سب سے شدید لڑائی تھی اور ابھی تک قومی اتحاد کی حکومت کی تشکیل کی کوششیں ناکام رہی ہیں۔ محمود ظہر نے یہ اعلان دونوں دھڑوں کے رہناؤں کے درمیان مذاکرات کے بعد کیا ہے۔ ان مذاکرات میں مصری سفارت کاروں نے ثالثی کی تھی انہوں نے بتایا کہ دونوں ہی دھڑے غزہ کی سڑکوں سے اپنے بندوق برداروں کو واپس بلانے پر رضامند ہو گئے ہیں۔ فتح کی جانب سے جنگ بندی کے بارے میں ابھی تک کوئی بیان جاری نہیں ہوا ہے۔,149
P4_2008_033,BBC Urdu,2008,2008: عالمی اقتصادی نظام ہل گیا,"امریکہ میں یہ اقتصادی بحران سب سے پہلے بیروزگاری میں اضافے کی صورت میں ظاہر ہوا۔ ایک برس میں امریکہ میں بیروزگاری کی شرح گزشتہ پندرہ سال میں بلند ترین سطح پر پہنچ گئی۔ اس سال اب تک 19 لاکھ افراد کی ملازمتیں ختم ہوچکی ہیں۔امریکی لیبر ڈیپارٹمنٹ کے مطابق صرف اکتوبر میں ہی امریکہ میں بیروزگاری کی شرح 6.5 فیصد سے بڑھ کر 6.7 فیصد پر پہنچ گئی۔ رواں سال کے آغاز ہی میں امریکہ میں مالیاتی اداروں کا بحران بھی سامنے آیا اور مالیاتی اداروں کے دیوالیہ ہونے کا نہ تھمنے والا سلسلہ شروع ہوا۔ امریکی معیشت پوری دنیا کی معیشت کا پانچواں حصہ ہے۔ اس لحاظ سے امریکی معاشی بحران سے پوری دنیا میں اقتصادی کساد بازاری اور اس جیسے دیگر کئی امراض کو پھیلانے کا باعث بنا اور رفتہ رفتہ اس بحران نے تقریباً پوری دنیا کو لپیٹ میں لے لیا۔ نومبر میں دنیا کی سب سے بڑی معیشتوں میں سے ایک، جرمنی کساد بازاری کا شکار ہو گئی ۔ سرکاری اعداد و شمار کے مطابق جرمنی کی معیشت میں تیسری سہ ماہی میں اعشاریہ پانچ فیصد کمی واقع ہوئی ہے۔ برطانیہ میں بے روزگاری کی شرح گزشتہ دہائی کے مقابلے میں اس وقت سب سے زیادہ ہے اور یہاں کی سب سے بڑی ٹیلی فون کمپنی بی ٹی اس سال دس ہزار نوکریاں ختم کر رہی ہے۔ یورپی یونین کی مجموعی معاشی ترقی کی رفتار میں صفر اعشاریہ دو فیصد کمی کے بعد فرانس کو نکال کر تمام ممالک کو بحران کا شکار قرار دے دیا گیا۔ اس موقع پر یورپی کمیشن کے سربراہ جوز مینویل بروسو نے اپنے خطاب میں کہا کہ یہ بحران صرف کثیر رقوم خرچ کرنے سے ختم ہونے والا نہیں ہے۔ بلکہ یورپی ممالک کو معاشی نظام میں اپنی اپنی حکومتوں کی ساکھ بحال کرنی ہو گی۔ ایشیا میں یہ بحران سب سے پہلے سٹاکس مارکیٹوں پر اثر انداز ہوا۔ روس میں سٹاک مارکیٹ ایک دن میں دس فیصد کم ہونے پر بند کر دی گئی اور برطانیہ اور آسٹریلیا میں ستمبر کے مہینے میں بازار حصص میں قلیل مدت کی فروخت پر پابندی عائد کی گئی۔ نومبر کے آغاز میں سرکاری طور پر اعلان کر دیا گیا کہ دنیا کی دوسری بڑی معیشت جاپان معاشی سست روی کا شکار ہو چکا ہے۔ کیونکہ گزشتہ چھ میں میں اس کی معیشت کی ترقی کی رفتارمنفی رہی۔ دنیا کی تیسری بڑی معیشت چین میں اقتصادی ترقی کی رفتار میں اعشاریہ نو فیصد کمی واقع ہوئی۔ دنیا کی تیز رفتار ترین معیشت میں یہ گراوٹ پوری دنیا کے لیے بری خبر تھی کیونکہ اس منفی رجحانات کے اثرات، بعض ماہرین کی نظر میں خاصے دور رس ہو سکتے ہیں۔ عالمی معیشت کے ماہر شاہد جاوید برکی امریکہ سے شروع ہونے والے اس بحران کے ایشیا تک پھیل جانے کے کی وجہ ایشیائی ملکوں کی جانب سے اپنے زرمبادلہ کے فاضل ذخائر کا غلط استعمال بتاتے ہیں۔ ’ایشیائی ملکوں نے اپنے کھربوں ڈالر کے زرمبادلہ کے ذخائر امریکی معاشی نظام میں ڈال دیے جس کی وجہ سے امریکی معاشی بحران نے فوراً ہی ایشیائی ملکوں کو اپنے اثر میں لے لیا‘۔ پاکستان میں اقتصادی بحران پاکستان کے لئے یہ سال معاشی میدان میں مختلف قسم کے بحران لئے ہوا تھا۔ جن پے در پے بحرانوں کا سامنا پاکستانی قوم نے کیا ان کا آغاز بجلی کی کمی سے ہوا۔ ویسے تو بجلی کی لوڈ شیڈنگ گزشتہ چند ہفتوں سے جاری تھی لیکن اٹھارہ فروری کے انتخابات کے نتیجے میں پاکستان پیپلز پارٹی کی سربراہی میں بننے والے نئی حکومت کے اقتدار سنبھالتے ہی اس میں اچانک اضافہ دیکھنے میں آیا۔ ملک کے بیشتر شہروں میں آٹھ سے بارہ گھنٹے بجلی کی بندش نے عوام کو احتجاج پر مجبور کر دیا۔ بیشتر ماہرین اس بات پر متفق نظر آئے کہ ملک میں گندم اور آٹے کا یہ بحران قدرتی سے زیادہ مصنوعی ہے اور اس کا اصل سبب سرکاری بدانتظامی ہے۔ پاکستان کی وفاقی حکومت نے یکم جولائی سے شروع ہونے والے مالی سال کے لئے دوہزار ارب روپے سے زائد کا بجٹ قومی اسمبلی میں پیش کیا ۔بجٹ میں سرکاری ملازمین کی تنخواہوں میں اضافے کے علاوہ روزگار کے لئے نئی سکیم شروع کرنے اور انتہائی غریب افراد کی مالی امداد کا بھی اعلان کیا گیا۔ سرکاری اعداد و شمار کے وفاقی ادارے نے ستمبر میں جاری ایک رپورٹ میں بتایا کہ پاکستان میں کھانے پینے کی اشیا میں مہنگائی کا تناسب پینتیس فیصد تک پہنچ چکا ہے جو ملکی تاریخ میں سب سے زیادہ ہے۔ خوراک کی قیمتوں میں اس اضافے نے زندگی کے ہر شعبے میں مہنگائی کو جنم دیا۔افراط زر کی شرح بھی تاریخ کی بلند ترین سطح تک پہنچ گئی اور اگست میں جاری کردہ اعداد و شمار نے اس شرح کو چوبیس فیصد سے بھی زیادہ بتایا۔ افراط زر کی شرح میں اضافے کی دیگر کئی وجوہات بھی ماہرین معیشت نے حاشیہ بند کیں لیکن ان میں اگر کسی ایک کا سب سے زیادہ اثر ہوا تو وہ ماہرین کہ مطابق عالمی منڈیں میں تیل کی قیمتیں تھیں جن میں گزشتہ برس شروع ہونے والے اضافے کے رجحان میں اس سال مزید تیزی آگئی۔ پاکستان میں بھی پٹرولیم مصنوعات کی قیمتوں میں اسی تناسب سے اضافہ ہوا اور پٹرول کی فی لیٹر قیمت چھیاسی روپے مقرر کی گئی جو جنوری میں ترپن روپے تھی۔ڈیزل کی قیمت میں ہونے والا اضافہ اس سے بھی زیادہ تھا۔ اس کی وجہ اس وقت کے وزیر خزانہ نوید قمر نے ڈیزل پر دی جانے والی رعایتی قیمت میں بتدریج خاتمے کو قرار دیا۔ اس کے باوجود جب ستمبر میں پٹرول کی قیمت میں نو روپے فی لیٹر کمی کی گئی تو یہ پاکستانی تاریخ میں ہونے والی سب سے بڑی کمی شمار کی گئی۔ تاہم اس موقع پر ملک کے بیشتر پٹرول پمپ بند کر دئیے گئے اور عوام احتجاج پر مجبور ہوئے۔ سٹاک مارکیٹ کا یہ بے مثل انجماد نئے مشیر خزانہ شوکت ترین کی جانب سے سخت تنقید کا نشانہ بنا۔ وزیراعظم کے مشیر کی حیثیت سے تعیناتی کے فوراً بعد شوکت ترین نے سٹاک مارکیٹ انتظامیہ کے اس فیصلے کے بارے میں کہا کہ نا انصافی پر مبنی یہ اقدام زیادہ دیر برقرار نہیں رہے گا۔ شوکت ترین نے یہ عہد پورا کر دکھایا اور پندرہ دسمبر کو سٹاک مارکیٹ حصص کی خریدو فروخت کے لئے کھول دی گئی جس کے بعد سے یہ مندی کا شکار ہے۔ سٹاک مارکیٹ کے علاوہ گزشتہ کئی برسوں سے جس معاشی اعشاریہ کو پاکستان میں خوشحالی سے تعبیر کیا جا رہا تھا وہ زر مبادلہ کے ذخائر میں استحکام تھا۔ لیکن پیپلز پارٹی کے اقتدار میں آنے کے بعد سے ان ذخائر میں بھی تیزی کے ساتھ کمی ہونا شروع ہو گئی۔ اس سال کے آغاز میں سٹیٹ بنک کے پاس محفوظ زر مبادلہ کی مقدار تیرہ ارب ڈالر کے قریب تھی جو نومبر میں کم ہو کر چھ ارب کے قریب رہ گئی۔ حکومت کے لئے یہ ایک خطرناک صورتحال تھی۔ کیونکہ دسمبر میں اسے غیر ملکی قرضوں کی واپسی کے ضمن میں مختلف مالیاتی اداروں اور ملکوں کو چار ارب ڈالر ادا کرنے تھے۔ جس تیز رفتاری کے ساتھ پاکستان سے ڈالر غائب ہو رہے تھے، اس کے پیش نظر یہ خدشہ پیدا ہو گیا کہ دسمبر کے مہینے کے آتے آتے پاکستان کے پاس اتنے ڈالر نہیں ہوں گے کہ غیر ملکی قرضوں کی چار ارب ڈالر کی اقساط جمع کروائی جائیں اور اگر ایسا ہوتا ہے تو پاکستان تکنیکی دیوالیہ کا شکار ہو جائے گا۔ اس صورتحال سے ملک کو بچانے کے لئے مشیر خزانہ شوکت ترین نے عالمی مالیاتی ادارے یا آئی ایم ایف سے قرض کے حصول کی تجویز پیش کی۔ جس کے بعد دبئی میں پاکستان اور آئی ایم ایف کے درمیان اکتوبر کے آخری ہفتے میں مذاکرات شروع ہوئے جسکے بعد چودہ نومبر کو پاکستان نے باضابطہ طور پر آئی ایم ایف سے قرض کے حصول کی درخواست کر دی جسے پچیس نومبر کو منظور کر لیا گیا اور تین روز بعد ساڑھے سات ارب ڈالرز کے قرض کی پہلی قسط جسکی مالیت ساڑھے تین ارب ڈالر تھی، پاکستان پہنچ گئی۔ غیر ملکی زر مبادلہ میں آنے والے اس اچانک بحران نے غیر ملکی سرمایہ کاروں اور مالیاتی اداروں میں پاکستان کی معیشت کے بارے میں بہت منفی تاثر پیدا کیا۔ اس کا اندازہ ملکوں اور اداروں کی اقتصادی کارکردگی پر نظر رکھنے والی عالمی ریٹنگز ایجنسیوں موڈیز اور سٹینڈرڈ اور پورز کی جانب سے پاکستان کی کریڈٹ ریٹنگ پر بار بار نظر ثانی کرنا تھا۔ اس ایک برس کے دوران پاکستان کی کریڈٹ ریٹنگ پر تقریباً نصف درجن بار نظر ثانی کی گئی اور ہر بار اس کا درجہ تنزلی کا شکار رہا۔ سال ختم ہوتے ہوتے ان میں سے ایک ریٹنگ ایجنسی نے آئی ایم ایف کی جانب سے قرض ملنے پر پاکستان کے حق میں بھی بیان جاری کیا لیکن مجموعی طور پر صورتحال اب بھی خاصی نازک ہے۔ اس صورتحال پر ایک معاشی تجزیہ کار ڈاکٹر فرخ سلیم کا کہنا تھا کہ بار بار کی یہ معاشی تنزلی پاکستان میں مزید مسائل کو جنم دے رہی ہے۔ سال دو ہزار آٹھ تو ختم ہو چلا ہے۔ لیکن اس دوران عالمی سطح پر معیشت میں جو تبدیلیاں آئیں انہوں نے برسوں سے مستند قرار دیے گئے معاشی مفروضوں اور نظام کے بارے میں سوالات کو جنم دیا ہے۔ ایک طرف تو دنیا ورلڈ ٹریڈ آرگنائزیشن کے ذریعے ملکوں کے درمیان دوریاں ختم کرنے کے لئے سرکرداں ہیں تو دوسری جانب ماہرین یہ اندازہ لگانے کی کوشش کر رہے ہیں کہ چند ملکوں میں شروع ہونے والے معاشی بحران کے پوری دنیا تک پھیل جانے میں گلوبلائزیشن اور ملکوں کے قریبی معاشی تعلقات کا کتنا عمل دخل ہے۔",1576
P4_2008_034,BBC Urdu,2008,وزیرستان : حملہ چھ افراد ہلاک,پاکستانی فوج کے ایک ترجمان میجر مراد خان نے بی بی سی کو بتایا کہ سنیچر کی صبح ایک فوجی قافلہ شمالی وزیرستان کے صدر مقام میرانشاہ سے بنوں جارہا تھا کہ عشاء اور قمبر کے درمیانی علاقے میں ایک مبینہ خودکش بمبار نے بارود سے بھری گاڑی سکیورٹی فورسز کی ایک گاڑی سےٹکرا دی۔ ان کے بقول حملے میں تین فوجی اہلکار اور تین عام شہری ہلاک ہو گئے ہیں۔ انہوں نے کہہ کے اس کے علاوہ اس حملے میں پانچ فوجی زخمی بھی ہوئے ہیں۔ تاہم پولٹیکل انتظامیہ کے ایک اہلکار نے بی بی سی کو بتایا کہ اس واقعہ میں چار اہلکار ہلاک اور تین شہری ہلاک ہوئے ہیں۔ جبکہ زخمی ہونے والے عام شہریوں کی تعداد انہوں نے بارہ بتائی ہے۔ مقامی لوگوں کا کہنا ہے کہ مرنے والے اہلکاروں کی تعداد زیادہ ہوسکتی ہے کیونکہ جس گاڑی کو نشانہ بنایا گیا ہے اس میں پندرہ سے زائد اہلکار سوار تھے۔ انہوں نے مزید کہا کہ حملے کے فوراً بعد سکیورٹی فورسز نے شدید فائرنگ کی جس کے بعد انہوں نے علاقے کو محاصرے میں لے لیا۔ اگرچہ شمالی وزیرستان میں حکومت اور مقامی طالبان کے درمیان امن معادہدہ موجود ہے لیکن حالیہ دنوں میں علاقے میں سرحد پار سے ہونے والے مبینہ امریکی میزائل حملوں میں اضافہ کے بعد عسکریت پسندوں میں غم و غصہ بڑھ گیا ہے۔ انہوں نے کچھ عرصے سے دوبارہ سکیورٹی فورسز پر حملے شروع کردیئے ہیں۔البتہ اس تازہ مبینہ خودکش حملے کی ذمہ داری طالبان نے ابھی تک قبول نہیں کی ہے۔,252
P4_2008_035,BBC Urdu,2008,"سیاسی انتقام، پرویز الٰہی کا الزام","لاہور میں جمعہ کو مسلم لیگ ہاؤس میں ایک پریس کانفرنس کے دوران پرویز الہی نے یہ الزام خاص طور پر مسلم لیگ نون پر لگایا اور کہا کہ اس میں پاکستان پیپلز پارٹی بھی شامل ہے۔ اُن کے مطابق قاف لیگ کے ورکروں کے خلاف دہشت گردی جیسی سنگین دفعات کے علاوہ دیگر مقدمات بھی درج کئے جا رہے ہیں۔ پرویز الہی نے پریس کانفرس میں بارہا نواز شریف اور شہباز شریف کو کڑی تنقید کا نشانہ بنایا اور کہا کہ آٹھ سال جدہ کے سرور پیلس میں رہ کر اُنہوں نے محض سرور ہی حاصل کیا ہے۔ اُنہوں نے اس بات کو دہرایا کہ شریف بردران نے جلاوطنی سے کوئی سبق حاصل نہیں کیا ہے۔ اُن کے مطابق نون لیگ آئین اور قانون کی باتیں کرتی ہے لیکن شہباز شریف کس قانون کے تحت اسبلی کے ممبر نہ ہونے کے باوجود سرکاری افسران کو اپنے روبرو پیش کروا رہے ہیں اور اُن کے انٹرویو لے رہے ہیں۔ سابق وزیرِ اعلی کے بقول شریف برادران ضمنی انتخابات میں حصہ نہیں لے سکتے کیونکہ نواز شریف سزا یافتہ ہیں اور شہباز شریف نادہندہ ہیں اور ججوں کی بحالی سے زیادہ وہ اپنی بحالی کی فکر میں ہیں۔ پرویز الہی نے طنز کرتے ہوئے کہا کہ حکومت کو چاہیے تھا کہ وہ لوگوں کے مسائل پر توجہ دے لیکن ’پنجاب کی بچہ حکومت روزانہ صبح بارہ سے پندرہ افسران کے تبادلے کا ناشتہ کرتی ہے اور اس کے بغیر اُن کی روٹی نہیں ہضم ہوتی اور اُدھر لوگوں کو نہ تو روٹی ملتی ہے، نہ گیس اور نہ ہی بجلی ملتی ہے۔‘",261
P4_2009_036,BBC Urdu,2009,میرپور خاص میں فرقہ وارانہ کشیدگی,سنیچر کو رات گئے پولیس نے شہر میں شعیہ سنی کشیدگی کے پیشِ نظر رینجرز کو بلایا تھا تاکہ وہ اس مجمع کو منتشر کر دیں جو ایک گھر کے گرد اکھٹا ہو گیا تھا۔ اطلاعات کے مطابق اس گھر میں ایک مجلس ہو رہی تھی اور مجمع میں شامل لوگوں کا الزام تھا کہ اس میں ذاکر نے قابلِ اعتراض باتیں کی ہیں۔ پولیس کے مطابق جب رینجرز کی گاڑی وہاں پہنچی تو وہاں موجود لوگوں نے اس پر پتھراؤ کیا۔ مرپور خاص کے سول ہسپتال کے میڈیکل آفیسر نے بی بی سی کو بتایا کہ ایک زخمی کو جس کی ٹانگ میں گولی لگی تھی حیدرآباد منتقل کر دیا گیا ہے۔ مشتعل مجمع نے بعد میں ایک کار اور دو دکانوں کو آگ لگا دی۔ پولیس نے اس بات کی تصدیق کی ہے کہ اس نے ذاکر ضیاء الحسن نقوی سمیت تین افراد کو حفاظتی تحویل میں لے لیا ہے۔,152
P4_2009_037,BBC Urdu,2009,مہنگائی نا قابل برداشت,"پاکستان میں ہر سال ماہِ رمضان کی آمد پر اشیائے خوردنی کی قیمتوں میں اضافہ کوئی غیر معمولی بات نہیں ہے۔ لیکن صارفین کا کہنا ہے کہ حکومتی دعوؤں کے باوجود اس بار رمضان کی آمد پر روز مرہ استعمال کی اشیاء کی قیمتوں میں جو اضافہ ہوا ہے وہ ناقابل برداشت ہے۔ رمضان میں جن اشیاء کی طلب میں اضافہ ہوتا ہے ان میں مشروبات، پھل،سبزیاں، کھجوریں، بیسن، خوردنی تیل اور چینی شامل ہیں۔ چینی کا بحران اور اس کی قیمت میں بے حد اضافہ تو رمضان سے بہت پہلے شروع ہو چکا تھا اور قیمتوں کوکنٹرول کرنے کے لیے وفاقی حکومت اور صوبائی حکومتوں نے کئی اقدامات کرنے کے دعوے بھی کیے۔ لیکن آبادی کے لحاظ سے سب سے بڑے صوبے پنجاب کے شہر لاہور کے رمضان بازاروں میں لوگ چینی کے حصول کے لیے روزے کے ساتھ مارے مارے پھرتے رہے۔ بہت کم تعداد میں چینی چھوٹے ٹرکوں میں رمضان بازاروں میں لائی گئی جس کی قیمت چالیس سے پینتالیس روپے تک تھی لیکن یہ اتنی کم تھی کہ بہت کم لوگوں کو مل سکی اور زیادہ تر لوگ اس سے محروم رہے۔ سستے آٹے کے ٹرک بھی رمضان بازاروں میں موجود تھے اور بیس کلو کے تھیلے کی قیمت دو سو روپے تھی لیکن اس سستے آٹے کو حاصل کرنے کے لیے شدید دھوپ اور حبس میں عورتیں، مرد، بوڑھے اور بچے سبھی لمبی لمبی قطاروں میں کھڑے اور ایک تھیلا لینے کے لیے گھنٹوں کا انتظار کرتے نظر آتے ہیں۔ اس طویل قطاروں میں کھڑی خواتین کا مطالبہ تھا کہ اس طرح سے سستا آٹا فراہم کرنا انتہائی غلط طریقہ ہے۔حکومت کو چاہیے کہ ایسے اقدام کرے کہ دکانوں پر سستا آٹا دستیاب ہو اور لوگ آسانی سے خرید سکیں۔ان کا کہنا تھا کہ غریب آدمی کے لیے کوئی چارہ نہیں کہ وہ اس طرح خوار ہو کر آٹا خریدے کیونکہ عام دکانوں پر آٹا پانچ سو سے چھ سو روپے فی تھیلا دستیاب ہے۔ خواتین نے بتایا کہ وہ بہت دور دور سے سستا آٹا لینے کے لیے آئی ہوئی ہیں اور کئی گھنٹوں سے قطار میں کھڑی ہیں۔ان لمبی قطاروں میں روزے دار بے حال تھے اور کچھ بزرگ بے ہوش بھی ہوئے۔ پھلوں کی دکانوں پر سجے ہوئے صاف ستھرے پھل اور سٹورز پر دستیاب معیاری اشیاء کی قیمتیں تو اتنی زیادہ ہوتی ہیں کہ عام شہری ان کو دیکھ کر ٹھنڈی آہ ہی بھر سکتا ہے۔ اس لیے کم آمدنی والے لوگ رمضان بازاروں کا رخ کرتے ہیں لیکن ان بازاروں میں بھی اشیاء کی قیمتیں ناصرف کافی بڑھی ہوئیں ہیں بلکہ معیاری بھی نہیں ہیں۔ اس ساری صورتحال پر سائیکل پر خریداری کر کے واپس جاتے ہوئے ایک تنخواہ دار منظور حسین کا کہنا تھا کہ رمضان کی اس پہلی خریداری سے ہی انہیں اندازہ ہو گیا ہے کہ اس رمضان میں روزے کافی مشکل ہوں گے اور وہ اپنے خاندان کی غذائی ضروریات پوری نہیں کر سکیں گے۔ End of سب سے زیادہ پڑھی جانے والی ادھر گاہک ہی پریشان نہیں بلکہ دکاندار بھی بے زار نظر آتے ہیں۔ پھل فروش وزیر علی کے مطابق یکم رمضان کو مینار پاکستان کے قریب بڑی منڈی میں چھوٹے پھل فروشوں نے ٹائر جلائے اور احتجاجی مظاہرہ کیا کیونکہ منڈی میں پھل بہت مہنگے تھے جبکہ گاہک اس نرخ پر ان سے یہ پھل لینا نہیں چاہتے جس سے چھوٹے دکاندار کو نقصان ہوتا ہے۔ان کا کہنا تھا کہ مہنگائی ہم چھوٹے دکاندار نہیں کرتے بلکہ بڑے بڑے تاجر کرتے ہیں۔ ماہِ رمضان کے آغاز پر پنجاب کے صوبائی دارالحکومت لاہور ہی نہیں بلک دوسرے شہروں میں بھی صورتحال کم و بیش ایسی ہی رہی۔ گوجرانوالہ سے صحافی احتشام شامی کے مطابق کہ شہر میں چینی کی شدید قلت ہے جبکہ آٹا بھی بہت کم مقدار میں دستیاب ہے۔چکیوں سے جو آٹا مل رہا ہے وہ چالیس روپے کلو ہے جبکہ سرکاری ریٹ بیس روپے کلو ہے۔ صحافی احتشام شامی کے مطابق گوجرانوالہ میں بھی پنجاب حکومت کی طرف سے سستے آٹے کے جو ٹرک بھجوائے گئے وہاں ان ٹرکوں کی آمد سے پہلے ہی لمبی لمبی قطاریں لگ جاتیں ہیں اور جہاں ٹرک پہنچتا ہے وہاں عجب عالم ہوتا ہے۔ مرد اور عورتیں ایک دوسرے کو روندتے ہوئے آٹا لینے کی کوشش کرتے ہیں جبکہ سرکاری اہلکار ان پر لاٹھیاں بھی برساتے ہیں۔ اپ کی ڈیوائس پر پلے بیک سپورٹ دستیاب نہیں © 2026 بی بی سی. بی بی سی بیرونی ویب سائٹس کے مواد کا ذمہ دار نہیں بیرونی لنکس کے بارے میں ہماری پالیسی.",735
P4_2009_038,BBC Urdu,2009,سپریم کورٹ کا فیصلہ: حکومت ِ پنجاب بحال,"سپریم کورٹ نے منگل کو سابق وزیرِ اعلیٰ پنجاب شہباز شریف کی نا اہلی پر حکمِ امتناعی جاری کرتے ہوئے انہیں چوبیس فروری کی پوزیشن پر بحال کر دیا ہے۔ شہباز شریف کی نا اہلی کا فیصلہ معطل کرتے ہوئے سپریم کورٹ نے اپنے حکمِ امتناعی میں کہا کہ جب تک نا اہلی کی درخواستوں پر نظرِ ثانی کی پیٹیشنوں پر فیصلہ نہیں ہوتا، تب تک شہباز شریف اپنے عہدے پر بحال رہیں گے۔ فیصلے کا اعلان ہوتے ہی سپریم کورٹ کے باہر مسلم لیگ نواز گروپ کے کارکنوں نےشریف برادران کے حق میں زبردست نعرے بازی شروع کر دی۔ لاہور سے ہمارے نامہ نگاروں نے بتایا ہے کہ شریف برداران کی رہائش گاہ کے باہر بھی لوگ جمع ہیں اور وہاں جشن کا سماں ہے۔ چوبیس فروری کو سپریم کورٹ کے فیصلے کی روشنی میں وزیرِ اعلیٰ شہباز شریف اپنی نشست سے محروم ہوگئے تھے اور پنجاب میں گورنر راج نافذ کر دیا گیا تھا۔ بعد میں وفاقی حکومت نے سپریم کورٹ ہی کے سامنے اپیل دائر کی تھی جس میں شریف برادارن فریق بنے تھے۔ گزشتہ روز گورنر راج کے خاتمے کے ساتھ ہی سپریم کورٹ میں شہباز شریف کی طرف سے حکمِ امتناعی کی درخواست کی گئی تھی جس کے تحت منگل کو عدالتِ عظمٰی نے انہیں عہدے پر بحال کر دیا ہے۔ جسٹس تصدق حسین جیلانی کی سربراہی میں سپریم کورٹ کے پانچ رکنی بینچ نے منگل کے روز جب ان درخواستوں کی سماعت شروع کی تو میاں شہباز شریف کے وکیل خواجہ حارث نے حکم امتناعی کی درخواست پر دلائل دیئے۔ ان کا کہنا تھا کہ صدر کی طرف سے پنجاب میں گورنر راج کے خاتمے کے بعد گورنر نے صوبائی اسمبلی کا اجلاس بدھ کے روز طلب کیا ہے۔ انہوں نے کہا کہ اگر عدالت اُنہیں ریلف فراہم نہیں دیتی تو بدھ کے روز ہونے والے پنجاب اسمبلی کے اجلاس میں نیا قائد ایوان منتخب کیا جائے گا جس سے اُن کا مؤکل متاثر ہوسکتا ہے۔ اس مقدمے کے درخواست دہندہ خرم شاہ کے وکیل احمد رضا قصوری نے نظر ثانی کی درخواستوں کی سماعت کرنے والے بینچ پر عدم اعتماد کا اظہار کرتے ہوئے نیا بینچ تشکیل دینے کی درخواست کی تھی۔ اُن کا کہنا تھا کہ اس بینچ میں سخی حسین بخاری شامل نہیں ہیں جو سپریم کورٹ کے اُس تین رکنی بینچ میں شامل تھے جنہوں نے شریف برادران کو نااہل قرار دے دیا تھا۔ بینچ نے یہ درخواست مسترد کرتے ہوئے کہا کہ بینچ کی تشکیل کا صوابدیدی اختیار چیف جسٹس کے پاس ہے۔ بعدازاں انہوں نے دلائل دیتے ہوئے کہا کہ شریف برادران نہ لاہور ہائی کورٹ کے سامنے پیش ہوئے اور نہ ہی سپریم کورٹ کے سامنے جس پر عدالت نے اُن کے خلاف ایکس پارٹی فیصلہ دے دیا۔انہوں نے کہا کہ سپریم کورٹ کے تین رکنی بینچ کا فیصلہ عدالت کے سامنے ہے اس لیے اُنہیں اس پر عبوری ریلیف نہیں دیا جاسکتا۔ فیصلے کے بعد پاکستان مسلم لیگ نون کے چیئرمین راجہ ظفرالحق نے عدالتی حکمنامے کو انصاف کی فتح قرار دیا۔ اُن کا کہنا تھا کہ اب ضرورت اس امر کی ہے کہ ملک میں جمہوری اداروں کو مضبوط بنانے کے لیے ایک دوسرے کے مینڈیٹ کا احترام کیا جائے۔ پچیس فروری کو سپریم کورٹ کے فیصلے کی روشنی میں وزیرِ اعلیٰ شہباز شریف اپنی نشست سے محروم ہوگئے تھے اور پنجاب میں گورنر راج نافذ کر دیا گیا تھا۔ بعد میں وفاقی حکومت نے سپریم کورٹ ہی کے سامنے اپیل دائر کی تھی جس میں شریف برادارن فریق بنے تھے۔ نظر ثانی کی درخواستیوں کی سماعت کرنے والے سپریم کورٹ کے پانچ رکنی بینچ نے ان درخواستوں کی سماعت مئی کے دوسرے ہفتےتک ملتوی کر دی۔ شریف برادران کی نااہلی کے فیصلے کو معطل کرانے کیلیے حکومتی درخواست منگل کو دائر کی جائے گی۔ شہباز شریف نے کہا ہے کہ گورنر راج کے خاتمے اور حکومت کی بحالی سے متعلق مسائل عوام اور اراکین پارلیمان کی رائے سے حل ہوں گے۔ شہباز شریف نے کہا ہے کہ ایسی انٹیلجنس رپورٹس موجود تھیں کہ سری لنکاکی ٹیم کو نشانہ بنایاجائےگا۔ وکلاء سے خطاب کے دوران شہباز شریف نے پنجاب میں گورنر راج کو 'عدالتی مارشل لاء' قرار دیا ہے۔ ",
P4_2009_039,Jang,2009,"نئی تعلیمی پالیسی اور اساتذہ,,,,آن دا ریکارڈ… جبار مرزا","جنرل ضیاء الحق نے چکوال میں کیڈٹ کالج کا اعلان کیا تو اسٹیج پرموجود ممتازشاعر میجرسید ضمیرجعفری نے کیڈٹ کالج کے قیام کی مخالفت کرتے ہوئے کہا کہ ”مولوی یہ تم کیا کر رہے ہو، یہاں کیڈٹ کالج نہیں بلکہ کم ازکم پچاس پرائمری اسکولوں کی ضرورت ہے“۔ضیاء الحق نے کہا”لیکن قیادت کہاں سے آئے گی؟“ ضمیرجعفری بولے ”آپ کہاں سے آگئے“ ضیاء الحق اور ضمیر جعفری کی آپس کی بے تکلفی بہت پرانی تھی۔
گزشتہ دنوں حکومت پاکستان نے جب نئی تعلیمی پالیسی کا اعلان کیا تو سید ضمیر جعفری بے اختیاریاد آگئے، جن کا خواب راولپنڈی میں پوٹھوہار یونیورسٹی کا قیام اور ملک بھر میں زیادہ سے زیادہ پرائمری اسکولوں کا قیام تھا۔ نئی تعلیمی پالیسی 2009ء میں بھی زیادہ زور پرائمری ایجوکیشن پر دیاگیا ہے۔ جو بہت ہی اچھی بات ہے، وفاقی وزیر تعلیم میر ہزار خان بجارانی کے مطابق پانچویں تک تعلیم مفت، وردی، بستہ اور کتابیں مفت حتیٰ کہ بچوں کے لئے دن کاکھانا بھی مفت… چوتھی پانچویں کا بچہ زیادہ سے زیادہ کیا کھائے گا لیکن اب اس بات کا خیال رکھنا بہت ضروری ہوگیا ہے کہ بچوں کے کھانے کی آڑ میں کھانے کے کئی اور راستے نہ کھل جائیں۔ پہلے ہی وفاقی سیکرٹری تعلیم، وفاقی وزیرتعلیم اور ڈائریکٹر جنرل تعلیم اس قدر بیرون ملک کے دورے کرتے ہیں کہ اتنے پیسوں سے دس بارہ کالج بنائے جا سکتے ہیں۔ اعلان کردہ نئی تعلیمی پالیسی کی متفقہ منظوری وزیراعظم پاکستان یوسف رضا گیلانی کی صدارت میں کابینہ کے اجلاس میں دی گئی ہے، جس میں چاروں صوبوں کے وزرائے اعلیٰ اور وزرائے تعلیم و سیکرٹری تعلیم صاحبان بھی موجود تھے۔ مسلسل چار گھنٹے پالیسی پر بحث کی گئی۔ ان چارگھنٹوں میں وہ ڈیڑھ گھنٹہ شامل نہیں ہے جو وزیراعظم سیکرٹریٹ کی سکیورٹی کلیئرنس نہ ہونے کی وجہ سے دوبار، کابینہ کے اجلاس کی جگہ تبدیل کی گئی تھی۔ نئی تعلیمی پالیسی پاکستان کے سالانہ بجٹ کی طرح خوبصورت لفظوں اور خواہشوں کا آمیزہ ہے۔ اس میں کہا گیا ہے کہ 2010ء تک سرکاری تعلیمی اداروں کا معیار، او لیول اور اے لیول تک لے جایا جائے گا۔ یہ بالکل اسی طرح ہے جیسے مسلم لیگ ”ق“ کے دور میں شیخ رشید احمد نے ریلوے کا وزیر بنتے ہی کہا تھا کہ وہ بہت جلد ریلوے ٹریک چین اور ہمالیہ تک پہنچا دیں گے۔ حالانکہ اسلام آباد کے ماسٹر پلان کے مطابق ابھی تک سیکٹر آئی نائن سے آب پارہ تک محض چھ کلو میٹر تک ٹریک کو بڑھایا نہ جا سکا۔ گزشتہ دنوں مجھے ایک ادبی تقریب میں شرکت کے لئے سرگودھا ڈویژن کے ضلع بھکر میں جانا ہوا تو وہاں گورنمنٹ کالج کے لڑکے پینٹ اور ٹائی لگائے، آلتی پالتی مارے باہر گھاس پربیٹھے پڑھ رہے تھے۔ انتظامیہ سے پوچھا ڈیسک کہاں ہیں، تو پرنسپل نے کہا ہمارے پاس ٹاٹ نہیں ہیں تو آپ ڈیسک کی بات کرتے ہیں، میں سوچتاہوں ماضی میں پڑھے لکھے پنجاب کی اشتہاری مہم پر اربوں روپیہ ضائع کردیاگیا۔ اگر صوبے کے تعلیمی اداروں پر وہ رقم خرچ کی ہوتی تو کتنا اچھا ہوتا۔پنجاب کے موجودہ وزیراعلیٰ شہباز شریف نے ایک اچھی بات کی ہے کہ تعلیمی اداروں کی سیلف فنانسنگ اسکیم ختم کر دی اور میرٹ کو معیار بنا دیا ہے لیکن اس جلد بازی میں چوک یہ ہو گئی کہ ”اسکیم“ تو ختم ہوئی ساتھ وہ سیٹیں بھی ختم کر دیں حالانکہ ان سیٹوں پر کوئی اضافی خرچ تو تھا نہیں کیا ہی اچھا ہوتا کہ لوگ میرٹ پر ان سیٹوں پر استفادہ کرتے۔پاکستان کا موجودہ تعلیمی بجٹ گزشتہ باسٹھ برسوں میں بمشکل دو اعشاریہ پندرہ فیصد تک پہنچ سکا ہے اس میں عملے کی تنخواہیں، یوٹیلیٹی بلز اور غیر ملکی دوروں سے جو بچتا ہے، وہ طلبہ اور اسکولوں کی بہتری پرخرچ ہوتا ہے، نئی تعلیمی پالیسی میں کہا گیا ہے کہ ہر سال جی ڈی پی کا ایک فیصد تعلیم کے لئے بڑھایا جائے گا۔ اسی طرح2015ء تک تعلیمی بجٹ قومی بجٹ کا سات فیصد تک بڑھ جائے گا۔
نئی تعلیمی پالیسی 2009ء کے بارے میں کہا گیا ہے کہ 2005ء سے اس پر مشاورت جاری تھی انٹرنیٹ پر بھی اسے ڈالاگیا، ہائرایجوکیشن کمیشن سے بھی صلاح لی گئی اور پی ایم ڈی سی کی مرضی بھی اس میں شامل ہے، دیکھنا یہ ہے کہ پاکستان کے کتنے دیہاتوں میں کتنے لوگ انٹرنیٹ کا استعمال جانتے ہیں۔ اگر عام آدمی سے مشاورت نہیں کی گئی تو خواص کے بچے تو سرکاری اداروں میں پڑھتے ہی نہیں ان کی مشاورت کا دیہاتی زندگی کو فائدہ ؟ پھر یہ کہ کیا نصابی کمیٹیوں میں پرائمری اساتذہ کو بھی شامل کیا جاتا ہے؟ ایک وہ دور تھا جب جے وی ٹیچر قیادت تیار کر رہے ہوتے تھے اور آج ڈاکٹر اور پروفیسر وہ معیار نہیں دے پا رہے، طالب علم اور استاد میں فاصلہ بڑھتا جا رہا ہے، اساتذہ کی کلاسوں سے طبیعت اچاٹ ہوتی جا رہی ہے۔ ان پہلوؤں پر غور کرنے کی ضرورت ہے، ملک کے کیڈٹ کالجز جو پہلے ہی بھاری فیسیں وصول کر رہے ہیں ان کی گرانٹ میں ہر سال اضافہ کیا جا رہا ہے، ملک کے دور دراز دیہاتی تعلیمی اداروں کی چار دیواریاں بھی نہیں ہیں، نئی تعلیمی پالیسی میں تعلیمی معیار بہتر کرنے کی بات تو ہوئی لیکن استاد کی بہتری کی کوئی بات نہیں کی گئی، بہترین معیار تعلیم خوشحال اور آسودہ حال استاد ہی دے سکتا ہے۔",871
P4_2009_040,Jang,2009,مسلم ہینڈز“ کے ”وزیرآباد ایجوکیشن کمپلیکس“ کا افتتاح....گریبان …منوبھائی,"چراغ سے چراغ جلانے اور پہئے سے پہیہ چلانے کی بات کروں تو تعلیم و تدریس کو کاروبار کی بجائے عبادت سمجھنے والے میرے گھرانے کو غربت کی لکیر سے اوپر اٹھانے والے میرے تایا ابّو باؤ فضل کریم قریشی مرحوم کے عالمی شہرت کے ا نگریز استاد ڈاکٹر سرگراہم بیلی (مصنف ہسٹری آف پنجابی لٹریچر) کے مشن ہائی سکول وزیرآباد میں میرے سب سے دراز قد اور اتنے ہی شفیق استاد ماسٹر قطب ربانی کے شہر سوہدرہ شریف میں ”مسلم ہینڈز“ جیسے بین الاقوامی شہرت کے فلاحی اور رفاعی ادارے کے اہتمام و انتظام کے تحت پچاس ایکڑوں کے رقبے میں انگلستان کے تیس سے زیادہ مسلمان مگر گمنامی کو ترجیح دینے والے مخیر خواتین وحضرات کے پانچ کروڑ روپے کے برابر عطیات سے تعمیر ہونے والے ”وزیر آباد ایجوکیشن کمپلیکس“ کے ”سنگ تکمیل“ کی پیر امین الحسنات سجادہ نشین بھیرہ شریف کے ہاتھوں نقاب کشائی کی تقریب میں شرکت نے مجھے ایک ”وکھری ٹائپ کی ”روحانی تسکین عطا فرمائی جس کی لذت الفاظ میں بیان نہیں کی جاسکتی۔
وزیرآباد اور سوہدرہ سے اپنے آبائی رشتے کے علاوہ تنظیم ”مسلم ہینڈز“ سے بھی میرا ایک خصوصی تعلق خاطر ہے کہ اس کے بانی چیئرمین صاحبزادہ لخت حسنین ،برادر خورد سجادہ نشین سوہدرہ شریف سید چن پیر شاہ کاکہنا ہے کہ انہوں نے اس ادارے کے قیام کی تحریک پندرہ سال پہلے 1994ء میں جنگ لندن میں شائع ہونے والے میرے ایک ”گریبان“ سے حاصل کی تھی جس میں بہاولپورکی ایک لڑکی (جمیلہ ناز) کے اپنے اپاہج بھائی کی بے بسی پربہنے والے آنسو پونچھنے کی اپیل کی گئی تھی اور لخت حسنین صاحب نے اس اپیل کی پذیرائی میں جمیلہ کے بھائی کے لئے آٹوموبائل کرسی کاتحفہ لندن سے ارسال فرمایا تھا جو اس وقت کے کمشنر بہاولپور اور میرے عزیز شاعر دوست مرتضےٰ برلاس نے جمیلہ نازکے بھائی کے حوالے کی تھی اور اس تقریب کے لئے مجھے خاص طور پر لاہور سے بلایاتھا۔
جمیلہ ناز کے بھائی کی معذوری کو سہارا دینے والی کرسی کی سپرداری کی تقریب اور ”وزیر آباد ایجوکیشن کمپلیکس“ کی صورت میں پانچ سویتیم بچوں کے جدید ترین تعلیمی اور تربیتی ادارے کے افتتاح کی تقریب میں صرف پندرہ سالوں کا فاصلہ ہی نہیں ہے۔ ان پندرہ سالوں کے دوران برپا ہونے والے انقلابات کا فاصلہ بھی ہے۔ جس کے ایک ایک پل نے زمانے گزرتے دیکھے ہیں۔ اس دوران اگر روس کی فوجی طاقت سے افغانستان میں سوشلزم نافذ کرنے کی نہایت احمقانہ کوشش ناکام ہوئی ہے تو امریکہ اوربرطانیہ کی فوجی طاقت سے اور بربریت کے ذریعے عراق اور افغانستان میں جمہوریت نافذ کرنے کی اس سے بھی زیادہ احمقانہ کوشش ناکامی کا منہ دیکھنے والی ہے۔ اس دوران نام نہاد سوشلزم کے لبادے میں سٹالن ازم بھی ناکام ہوا ہے۔ دیوار برلن کے ساتھ سوویت یونین بھی منہدم ہوئی ہے۔ امریکہ اور پوری دنیا کے مستقبل کو متاثرکرنے والی 11ستمبر 2001ء کی دہشت گردی کی واردات بھی ہوئی ہے اورعالمی دہشت گردی کے خلاف امریکی دہشت گردی نے پورے کرہٴ ارض پر دہشت گردی کوپھیلا دیا ہے۔نام نہاد اشتراکیت کے بعد عالمی سامراجی اورسرمایہ داری نظام بھی تاریخ کے سب سے بڑے اتنے ہی خوفناک مالیاتی بحران کی زد میں آگیا ہے اور ان تمام تاریخی واقعات اورحادثات کے براہ راست اور بالواسطہ زیراثر دنیا بھر میں غریبوں ،محتاجوں، مجبوروں، معذوروں اور پناہ گزینوں کی تعداد میں بے پناہ اور بے حساب اضافہ ہوا ہے اور یہ حقیقت بھی کسی معجزے سے کم اہمیت نہیں رکھتی کہ میری اپیل پر لندن سے بہاولپورپہنچنے والے ”مسلم ہینڈز“ کی رسائی دنیا کے پچاس سے زیادہ غریب ملکوں کے لاکھوں کروڑوں مصیبت زدہ لوگوں، مجبوروں، معذوروں اورضرورت مندوں تک ہوچکی ہے اور اس میں میرے کالم ”گریبان“ کا کوئی کمال نہیں ہے اس کے لئے صاحبزادہ لخت حسنین نے لندن اور انگلستان کے دوسرے شہروں اور علاقوں کی مسجدوں میں جھولی فنڈ اکھٹے کئے۔ لوگوں کے گھروں پر دستکیں دیں۔ بے شمار رضاکاروں کا تعاون حاصل کیااور ہمہ وقت یکسوئی اور پورے بے لوث جذبے کے ساتھ کمیونٹی کی اجتماعی بہتری کے قلیل المیعاد اور طویل عرصے میں مکمل ہونے والے منصوبے تیار کئے اوران پرعملدرآمد کی مسلسل اور متواتر نگرانی کی۔
غربت کے اندھیروں سے نکل کر آسودگی کی روشنی تک رسائی کے لئے تعلیم بہترین زینہ ہے۔ تعلیم کے میدان میں ”مسلم ہینڈز“نے پاکستان سمیت دنیا کے مختلف غریب مسلمان ملکوں میں 293جدید ترین مفت تعلیم فراہم کرنے والے سکولز اور کالجز اور تربیتی ادارے قائم کئے ہیں جن سے پندرہ ہزار سے زیادہ طلباء اور طالبات کو تعلیم و تربیت مل رہی ہے۔ اسلام آباد، پشاور، وزیر آباد، بھلوال، باغ، بالاکوٹ اور جھواریاں میں ”مسلم ہینڈز“ کے سات سکولز آف ایکسی لینس کام کررہے ہیں۔ پاکستان، آزاد کشمیرا ور دیہی علاقوں میں اس ادارے کے 42ماڈل سکولز کام کر رہے ہیں جن میں سے 21پنجاب میں، گیارہ آزاد کشمیر میں،چار صوبہ سرحد، تین اسلام آباد کے دیہی علاقوں میں دو، دو سندھ اوربلوچستان میں ہیں جبکہ بلوچستان میں کمیونٹی سکولوں کی تعداد 123ہے جبکہ دوسرے اور تیسرے مرحلے میں ان میں 114کا مزید اضافہ ہو جائے گا۔ وزیر آباد میں طالبات کی تعلیم کا ایک کمپلیکس زیر تعمیر ہے۔ ”مسلم ہینڈز“ وہ پہلا غیر سرکاری ادارہ ہے جس نے مردان کے شیخ شہزادہ اورشیخ یاسین کے علاوہ صوابی کے مہاجرین، سوات کے کیمپوں میں تعلیمی اداروں کا اجراء کیا ہے۔ پاکستان سے بوسنیا، افغانستان، فلسطین، بنگلہ دیش، موزمبیق، گیمبیا، سوڈان، سینیگال، البانیہ، چین، چیچنیا، ساؤتھ افریقہ اورمغربی افریقہ تک پہنچنے والے ”مسلم ہینڈز“ کے ساتھ مجھے اپنے تعلق خاطر پرفخر بھی ہے اور خوشی بھی ہے اور ان ہاتھوں کوحرکت میں رکھنے والوں سے مجھے اپنوں جیسی خوشبو آتی ہے جسے لفظوں میں بیان نہیں کیا جاسکتا۔ شاید غیر مہذب سوچ اورالفاظ میں یہ کہا جاسکتا ہوگا کہ جیب تراشی کے جرم سے وابستہ اندیشوں کے باوجود لوگوں کی جیب کاٹ لینا اتنا مشکل نہیں ہوگا جتنا لوگوں کو اس پر آمادہ کرنا مشکل ہے کہ وہ اپنے ہاتھوں سے اپنی جیبوں سے اپنی کمائی کا ایک غیرمعمولی حصہ نکال کر دوسروں کے حوالے کر دیں۔ اس کے لئے لوگوں کے جذبہ خیر تک بہت ہی موثر رسائی کے علاوہ اپنے مشن اورمقصد کی سچائی، اہمیت اور اپنی دیانت داری کامکمل یقین دلانا ضروری ہوگا۔ عبدالستار ایدھی جیسے لوگوں نے یہ اعتماد اور اعتبار اپنی طویل عرصہ کی بے لوث کارکردگی کی شہرت کے ذریعے کمایا ہے اور لخت حسنین اور ان کے رضا کار ساتھیوں نے بھی سرمایہ داری نظام کے خوفناک مالیاتی بحران کے ان دنوں کسی خاص مشکل کا سامنا نہیں کیا اور لاکھوں کروڑوں ڈالروں اور پاؤنڈوں کی مالیت کے فنڈز جمع کئے ہیں مگر دہشت گردوں کی حکومت پاکستان کے خلاف بغاوت کوکچلنے والے ملٹری ایکشن کے بارے میں بعض نجی ٹی وی نیٹ ورکس کی طرف سے پھیلائی جانے والے کنفیوژن کے زیر اثر فنڈز جمع کرنے کے سلسلے میں کچھ مشکلات پیش آرہی ہیں اور شایدکنفیوژن پھیلانے کا بھی یہی مقصد ہوگا۔",1129
P4_2009_041,Jang,2009,"انتہا پسندی کا خاتمہ۔ مگر کیسے؟ ,,,,کارزار…انور غازی,,,, (آخری قسط)","دینی مدارس کے راہنماؤں نے بھی ماحول اور حالات کو سمجھا۔ حکومت کی گزارشات غور سے سنی اور کہا کہ جائز باتوں پر عمل کیا جائے گا۔ مدارس کے راہنماوٴں نے فرمایا کہ ہم محاذ آرائی نہیں چاہتے۔ جس چیز پر ہمیں تشویش ہوگی اس پر مذاکرات کریں گے۔ اجلاس کے بعد جو مشترکہ اعلامیہ جاری کیا گیا وہ یہ تھا کہ دینی مدارس نجی تعلیمی اداروں کے انداز میں کام کریں گے۔ تمام مدارس میں دینی علوم کے ساتھ جدید علوم بھی پڑھائے جائیں گے۔ مدارس سے فارغ التحصیل طلبہ کو پیشہ ورانہ تعلیمی اداروں اور اعلیٰ پوسٹوں پر تعینات کیا جائے گا۔ دینی مدارس کے پانچوں وفاقوں ”وفاق المدارس العربیہ، وفاق المدارس السلفیہ، وفاق المدارس الشیعة، تنظیم المدارس اور رابطة المدارس“ کو بورڈ کا درجہ حاصل ہوگا۔ حکومت دینی مدارس کے اندرونی معاملات میں مداخلت نہیں کرے گی۔ دینی مدارس کے علماء اور طلبہ کا احترام کیا جائے گا۔ دینی مدارس کی اسناد کو تسلیم کیا جائے گا۔ حکومت دینی مدارس کو جدید علوم کے لیے ہر قسم کا تعاون کرے گی۔ مذاکرات کی کامیابی اور مسائل پر اتفاق رائے کا اندازہ اس بات سے کیا جاسکتا ہے کہ اس سلسلے میں ایک کمیٹی بنادی گئی ہے جس میں تمام مدارس کے نمایندہ علماء اور حکومتی اراکین شامل ہیں۔ اس کمیٹی کی حتمی منظوری کے بعد مدارس کے نصاب کو جدید علوم سے ہم آہنگ کرنے کا قانون پارلیمنٹ میں پیش کیا جائے گا۔ اس کے بعد حکومت اور دینی مدارس کے راہنماؤں کی مشاورت سے کوئی عملی صورت سامنے آجائے گی۔ اس بار موجودہ حکومت نے کمال ہشیاری اور دور اندیشی سے کام لیا ہے۔ امریکی ویورپی دباؤ کے باوجود کھل کر مذاکرات کیے ہیں۔ جب پیپلز پارٹی کی نئی نئی حکومت بنی تھی تو واشنگٹن میں پاکستانی کمیونٹی سے خطاب کرتے ہوئے صدر زرداری نے مدارس کے خلاف جارحانہ رویہ اپنایا تھا، لیکن جلد ہی انہیں اپنے خیالات بدلنا پڑے تھے۔ سابقہ حکومتوں خصوصاً مشرف حکومت نے تو دینی مدارس کے موقف کو سننے تک کی زحمت گوارا نہیں کی تھی۔ جب بھی مغربی دنیا اپنی اسلام دشمنی کی وجہ سے مدارس کے خلاف زبانیں کھولتی تو ان کے ایجنٹ بھی مدارس کے خلاف پروپیگنڈے میں مصروف ہوجاتے ۔ میڈیا کی چمک دمک میں اصل حقائق چھپ جاتے اور مدارس کے خلاف فضا ہموار ہونے لگتی۔ پھر دینی مدارس کے علماء وطلبہ کی انکوائریاں شروع ہوجاتیں۔ ان کو گرفتار کیا جاتا۔ جھوٹے مقدمات قائم کیے جاتے۔ حتیٰ کہ بعض مدارس کو بغیر کسی ٹھوس ثبوت کے بند کردیا گیا۔ لال مسجد اور جامعہ حفصہ کی قرآن پڑھتی بچیوں کے ساتھ مشرف حکومت نے جو کچھ کیا وہ کسی سے مخفی نہیں۔ یہاں کہ معافی مانگنے پر بھی معاف نہیں کیا گیا۔ فاسفورس بموں کے ذریعے بھون ڈالا گیا۔ خیر ہوا سو ہوا۔ غلطیاں دہرانی نہیں چاہییں۔ ماضی کو بھول کر معاملات سلجھانے چاہیے تاکہ قوم وملک ترقی کریں۔
جہاں تک دینی مدارس میں عصری علوم پڑھانے کی بات ہے تو عرض ہے مدارس کے نصاب میں بقدر ضرورت عصری تعلیم تو ہمیشہ سے رہی۔ علم جغرافیہ، فلکیات، حساب تو ہر زمانے میں اس نصاب کا حصہ رہے ہیں۔ عصرِ حاضر میں علمی وتحقیقی کاموں میں انٹرنیٹ کی اہمیت، ابلاغی ذمہ داریوں کو پورا کرنے کیلئے انگریزی وعربی زبانوں پر عبور اور صحافتی مہارتوں کو حاصل کرنے کیلئے بہت سے مدارس نے انگریزی وعربی بحیثیت زبان، کمپیوٹر، صحافت، دعوت وارشاد اور جدید ابلاغی وتدریسی صلاحیتوں پر مشتمل چھوٹے بڑے بہت سے کورسز جاری کررکھے ہیں۔ میٹرک تک کی بنیادی تعلیم تو ہر مدرسہ میں دی جاتی ہے۔ بعض مدارس نے یہ تجربہ کیا کہ دونوں تعلیم ایک مخصوص نظم کے تحت ریگولر کروائی جائیں۔ چنانچہ اسلام آباد، لاہور او رکراچی کے کئی مدارس میں دونوں تعلیم مساوی جاری ہیں۔ بلکہ حیرت انگیز طورپر دینی اور عصری علوم میں پوزیشنیں حاصل کی ہیں۔ کراچی میں قائم ادارہ ”معارف القرآن“ کے چار طلبہ نے ایک طرف تو وفاق المدارس کے سالانہ امتحان میں چار پوزیشنیں لے کر ریکارڈ قائم کیا تو دوسری طرف اسی کلاس کے طلبہ نے میٹرک سائنس کے سالانہ امتحان میں اے ون گریڈ حاصل کیے۔ اسی طرح اسلام آباد کے ”ادارہ علوم اسلامی“ کے طلبہ نے بھی متعدد بار میدان مارا۔ ”جامعة الرشید“ نے 8 سالہ درس نظامی کے نصاب کو چار سال کی مدت میں محدود کرکے ایم اے، ایم ایس، ایم بی اے سمیت عصری علوم کے اعلیٰ تعلیم یافتہ افراد کو درس نظامی کی تعلیم دینے کا سلسلہ شروع کیا ہوا ہے جبکہ مدارس سے فارغ التحصیل علمائے کرام کے لیے جدید علوم پرمشتمل 6 یک سالہ کورس متعارف کروائے ہیں۔ اسی طرح ان دینی مدارس سے فارغ ہونے والے گریجویٹ علماء کے لیے جو ایف اے کی ڈگری رکھتے ہیں ہیں، بی بی اے اور گریجویٹ علماء کے لیے ایم بی اے کی کلاسیں بھی شروع کی ہوئی ہیں۔ یہ پروگرام کراچی یونیورسٹی کے تعاون سے ہورہا ہے۔ ان کی پہلی کھیپ فارغ ہوچکی ہے۔ کسی بھی تعلیمی ادارے میں یہ دونوں علوم اس وقت کامیاب ہوسکتے ہیں جب ٹائم مینجمنٹ ہو۔ تعلیمی نفسیات موٴثر طریقے استعمال کرتے ہوئے اساتذہ اور انتظامیہ کا طلبہ سے مشفقانہ اور حوصلہ افزا رویہ ہو۔ اسباق کی لچکدار منصوبہ بندی، تدریسی وسائل کا بہترین استعمال بھی اس کے لیے ضروری ہے۔ ٹائم مینجمنٹ کے حوالے سے مثالی راہنمائی، شخصیت اجاگر کرنے کی مہارتوں کا استعمال کیا جائے۔ خوش آیند بات یہ ہے کئی دینی مدارس میں ان پر عمل کیا جاتاہے۔ جو لوگ دینی مدارس کے نصاب میں اصلاحات پر زور دیتے ہیں انہیں چاہیے کہ وہ اسکول کالج کی اصلاحات کا بھی بیڑا اُٹھالیں تاکہ یونیورسٹیاں ”عشق کی آماجگاہ“ بننے کے بجائے درسگاہ بن سکیں۔ جو اہم شخصیات چاہتی ہیں دینی مدارس میں ڈاکٹر، انجینئر اور سائنس دان پیدا ہوں انہیں چاہیے وہ توانائیاں اس بات پر صرف کریں کہ کالج یونیورسٹی کے نصاب میں کم ازکم ضروری دینیات کا اضافہ ہو تاکہ وہ صحیح العقیدہ مسلمان نوجوان بن سکے۔
اس میں دورائے نہیں کہ اسلام کے تعلیمی تصور کے اعتبار سے عصری علوم بھی دینی تعلیم کا حصہ ہیں۔ قرآن نے کائنات کی ہر ہر چیز پر غوروفکر، تدبر اور تحقیق کرکے قوانین فطرت کو جاننے اور نظام کائنات کے سربستہ رازوں کو سمجھنے کا حکم دیا ہے۔ یہی وجہ ہے قرون اولیٰ سے مغلیہ دور تک مدرسے اور جامعات دینی اور عصری علوم کی آماجگاہ ہوتے تھے جہاں فقہی وشرعی علوم کے علاوہ دوسرے تمام علوم وفنون کی تدریس، تحقیق اور تصانیف پر خصوصی توجہ دی جاتی تھی۔ یہاں سے فارغ ہونے والوں نے ایسے علمی کارنامے انجام دیے جن سے مغرب سمیت پوری دنیا نے فائدہ اُٹھایا۔ مدارس اور کالج یونیورسٹیوں کا نصاب ایک ہی ہوتا تھا۔ ایک حد تک دینی اور دنیوی تعلیم یکساں دی جاتی تھی۔ اس کے بعد ہر شخص اپنی صلاحیت کے مطابق جو چاہتا پیشہ اختیار کرلیتا تھا۔ اس طرح اب بھی دینی مدارس اور عصری تعلیمی اداروں کے نصاب اور معیار کا فرق ختم ہوسکتا ہے۔ ایک حد تک یعنی میٹرک، ایف اے یا بی اے تک تمام مدارس اور اسکول وکالجوں کا نصاب ایک ہو۔ اس کے بعد دینی علوم و فنون اور ڈاکٹر، انجینئر، تعلقات عامہ، پولٹیکل سائنس وغیرہ کے شعبے جدا ہوں تاکہ اس میں اسپیشلائزیشن کرسکیں۔ اس طرح جہاں ملا مسٹر کا گیپ ختم ہوگا وہیں دونوں طرف کی انتہا پسندی بھی اپنی موت آپ مرجائے گی۔ ہماری کمزوری اور پسماندگی کی ایک بنیادی وجہ تعلیم کی طبقاتی تفریق ہے۔ اس وقت عیسائی دنیا میں شرح خواندگی 90 فیصد ہے… جس وقت برطانوی استعماری برصغیر آیا تھااس وقت یہاں کے مسلمانوں کی شرح خواندگی 92 فیصد تھی… اب ایک درجن کے قریب عیسائی دنیا سے تعلق رکھنے والے ممالک ایسے بھی ہیں جہاں شرح خواندگی سو فیصد ہے جبکہ کوئی یہودی ایسا نہیں ملے گا جو اعلیٰ تعلیم یافتہ نہ ہو۔ یہی وجہ ہے پوری دنیا میں یہودیوں کا تناسب ایک فیصد نہ ہونے کے باوجود ٹیکنالوجی، اقتصادیات، سیاسیات، انفارمیشن، ذرائع ابلاغ حتیٰ کہ سپر پاور کے ایوانِ بالا تک… آپ کو یہودی ہی چھائے نظر آئیں گے۔ یہ سب تعلیم ہی کی بدولت ہے۔ اس کے برعکس اسلامی دنیا میں اوسط شرح خواندگی تقریباً40 فیصد بنتی ہے۔ اب کوئی ایک بھی مسلمان ملک ایسا نہیں ہے جہاں 90 یا 100 فیصد شرح خواندگی ہو۔ ایٹمی طاقت پاکستان کی جو شرح خواندگی ہے اور جس طرح کی ہے وہ ایک سوالیہ نشان ہے۔ اگر ہم چاہتے ہیں انتہا پسندی کا خاتمہ ہو اور ہم ترقی کریں تو پھر اس کا ایک ہی طریقہ ہے کہ اپنے شاندار ماضی کی طرح ہمارا نظام تعلیم و نصابِ تعلیم ہو اور شرحِ خواندگی 99 فیصد!!",1401
P4_2009_042,Jang,2009,"مسلمانوں کی کمزوری کی اصل وجوہات,,,, سیّد معظم حئی","ٹی وی مذاکروں سے لے کر اخباری آرٹیکلز تک جب بھی دنیا میں مسلمانوں کی کمزوری کی بات ہوتی ہے تو ہمیں بتایا جاتا ہے کہ مسلمان تعلیم کی کمی کی وجہ سے کمزور ہیں۔ بس اب جیسے جیسے تعلیم کے میدان میں ہم آگے بڑھتے جائیں گے ویسے ویسے خود بہ خود طاقتور بھی ہوتے چلے جائیں گے۔ چلئے ایک بڑا مسئلہ تو حل ہوا مگر اس سے پہلے کہ آگے بڑھیں ایک لمحے کو ہمیں یہ ضرور سوچ لینا چاہئے کہ آخر کیسے جیسے جیسے پاکستان میں خواندگی کی شرح بڑھتی جا رہی ہے ویسے ویسے ہم دنیا میں طاقتور ہونے کے بجائے مزید کمزور ہوتے جا رہے ہیں بلکہ اب تو وہ وقت ہمارے سامنے ہے کہ جب بھارت بھی ہم سے Do More کا مطالبہ کرتے نہیں ہچکچاتا۔ اندرون ملک لوڈ شیڈنگ اور بدامنی کی وجہ سے صنعتوں کا برا حال ہے اور مہنگائی و بیروزگاری کے بے رحم ہاتھوں ہمیشہ سے زیادہ پاکستانی غربت کی نچلی سطح سے بھی نیچے چلے جا رہے ہیں۔ تو پھر یہ فارمولا تو غلط ہو گیا تو ہم آخر کیا کریں،کیا تعلیم حاصل کرنا چھوڑ دیں؟ ظاہر ہے کہ نہیں۔ دراصل ہمیں ضرورت ہے کہ ہم اپنی کمزوری کی بنیادی وجوہات کو سمجھیں تاکہ ہم انہیں دور کر کے کمزوروں سے نکل کر طاقتوروں میں آ سکیں۔ تعلیم کی کمی یقیناً ہماری کمزوری کی ایک اہم وجہ ہے مگر یہ بنیادی وجہ نہیں۔ بنیادی وجہ تو یہ ہے کہ آخر ہم میں تعلیم کی کمی کیوں ہے؟ ہمیں مسئلے کی جڑ تک پہنچنا ہو گا۔ ہم میں تعلیم کی کمی کیوں ہے۔ فنڈز کی کمی؟ چلئے مان لیتے ہیں کہ ہمارے ہاں تعلیم کیلئے بجٹ اونٹ کے منہ میں آدھے زیرے کے برابر رکھا جاتا ہے مگر ان سیکڑوں، ہزاروں اسکولوں کے بارے میں کیا خیال ہے جن کی عمارت بھی ہے، سالانہ فنڈز بھی اور ٹیچرز بھی مگر تعلیم نہیں کیونکہ ٹیچرز پڑھانے آتے ہی نہیں، پرائیوٹ اسکولوں میں یا دوسری جگہ نوکری کرتے ہیں اور پہلی تاریخ کو سرکاری اسکول کی تنخواہ لے کر چلے جاتے ہیں یا ذرا ان اسکولوں کے بارے میں سوچئے کہ جہاں چوہدری اور وڈیرے اپنے جانور باندھتے یا اوطاقیں اور ڈیرے سجاتے ہیں اور ذرا اسکولوں سے لے کر کالج، یونیورسٹیوں کے امتحانات کے بارے میں سوچئے کہ جہاں کھلم کھلا چیٹنگ ہوتی ہے بلکہ اب تو لوگ پی ایچ ڈی کی ڈگری کیلئے دوسرے کے مقالے چوری کر کے ڈاکٹر بننے سے نہیں شرماتے۔ پی سی او جج سمیت بڑے بڑے سرکاری کارندوں کے بچوں کے اعلیٰ تعلیمی اداروں میں میرٹ نہ ہونے کے باوجود داخلوں کی خبریں آئے دن چھپتی ہیں اور وزیر دھڑلے سے کہتے ہیں کہ وہ اپنے بچوں کو عام لوگوں کے بچوں کے ساتھ سرکاری اسکولوں میں نہیں پڑھائیں گے اور تو اور اسکول، کالج کے امتحانوں میں پہلی تین پوزیشنز کی نیلامی تک کی خبریں ملتی ہیں۔
صرف کرپشن کہہ کر ہم اپنی ذمہ داری سے فارغ نہیں ہوتے، اب بات روپے پیسے کی کرپشن سے کہیں آگے نکل چکی ہے۔ ہماری کرپشن اب ترقی کرتے ہوئے کردار کی کرپشن بن چکی ہے۔ ہمارا تاجر کھانے پینے کی چیزیں ذخیرہ کر کے رمضان میں کہیں مہنگے داموں بیچتا ہے اور پورے روزے رکھتا ہے، ہمارا جنرل حکمران ملک کو تباہی و بربادی کے راستے پر پوری قوت اور شدت سے ڈالتا ہے، کرپشن پھیلاتا ہے اور سرکاری اخراجات پر عمرے کرتا ہے، ہمارا امیر ٹیکس اور غریب بجلی چراتا ہے، پولیس والا مجرموں کو بچاتا ہے، ٹرانسپورٹر عوام کو دھڑلے سے بلیک میل کرتا ہے، بینک والا پوری دنیا سے کئی گنا زیادہ سود نچوڑتا ہے اور عدم ادائیگی پر لوگوں کے گھروں پر غنڈے بھیجتا ہے، ہمارا کالم نگار ہر حکمران کا مصاحب بن جاتا ہے اور دن کو رات، رات کو دن لکھتا جاتا ہے، ہمارا ڈرائیور رانگ سائڈ سے آتا اور آنکھیں بھی دکھاتا ہے، ریلوے کا وزیر ریلوے کی زمینیں فارغ کرتا ہے اور کارکن انجن کا تیل ٹھکانے لگاتا ہے، ڈاکٹر آپریشن کے وقت ہڑتال کر دیتا ہے اور درجنوں ٹیسٹ کرواتا ہے، دکاندار جھوٹی قسمیں کھاتا ہے، ہمارا سفیر امریکہ جا کر امریکہ کی نمائندگی کرتا ہے اور اس قوم کو انگریزی نہ آنے کے طعنے دیتا ہے، غیر ملکی ٹیم پر دن دہاڑے حملہ ہوتا ہے، ملک میں غیر ملکی ٹیمیں آنا چھوڑ دیتی ہیں، ملک کی بدنامی میں چار چاند لگ جاتے ہیں اور ہمارا گورنر اپنی جگہ جما رہتا ہے، سبزی والا سبزی بیچنے سے پہلے گٹر اور نالے کے پانی سے سبزی دھوتا ہے اور میں اور آپ، ہم میں سے ہر ایک اپنے موقع کی تاک میں رہتا ہے۔ یہ کردار کی کرپشن ہے تب ہی آپ دیکھئے کہ ہمارے ہاں تعلیم یافتہ، ان پڑھ سے زیادہ اس ملک کو نقصان پہنچاتا اور اس قوم کو کمزور بناتا ہے۔
مگر صرف کردار کی کرپشن کہہ کر ہی کام نہیں چلے گا۔ کردارکی کرپشن کیوں ہے؟ کیونکہ ہم انصاف میں کمزور ہیں۔ ہمارے ہاں قانون کمزور کیلئے اور انصاف طاقتور کے آگے کمزور ہے۔ ہم چھابڑی والے کی چھابڑی ضبط کر کے اسے جیل بھجواتے ہیں اور ملک تباہ کرنے والے کو گارڈ آف آنر دے کر رخصت کرتے ہیں۔ ہم آخر کیوں کمزور نہیں ہوں گے جب ہمارے نبیﷺ نے ہمیں صاف صاف بتا دیا کہ قوموں میں جب انصاف اٹھ جائے تو وہ تباہ ہو جاتی ہیں۔ آج بھی آپ ذرا اپنے چاروں طرف تو دیکھئے، امریکہ سے اسرائیل اور چین سے جاپان تک آپ کو صرف وہ قومیں ترقی کرتی، طاقتور ہوتی ملیں گی جہاں انصاف حکمران سے لے کر سڑک پر چلنے والے عام شہری تک یکساں ہے اور ہر وقت دستیاب ہے۔ مگر ہمارا کام ابھی ختم نہیں ہوا، ہمیں مسئلے کی جڑ تک پہنچنا ہو گا۔ اگر ہم میں انصاف نہیں ہے تو کیوں نہیں ہے؟ اور انصاف ہے کیا؟ انصاف ہے کہ کسی کی حق تلفی نہ ہو، عزت و آبرو، جان و مال، سماجی، مذہبی، انسانی حقوق کا احترام ہو نہ کہ پامالی۔ ان حقوق کا احترام تب ہی ہو گا کہ جب ہم ایک دوسرے کا ایک دوسرے پر، حکومت کا عوام پر، عوام کا حکومت پر، لوگوں کا لوگوں پر جو حق ہے وہ تسلیم کریں گے اور اسے ادا کریں گے۔ جب سڑک پر پہلے آنے والے کو راستہ دینے سے لے کر ایمانداری سے حکومت کرنے تک کا ایک دوسرے کا ایک دوسرے پر حق ادا کیا جائے گا، جب ہم حقوق العباد ادا کرنے لگیں گے، جب ہم اپنے مذہب کو محض حقوق پروردگار تک محدود کرنے کے بجائے اس کو پوری ایمانداری سے اپنائیں گے اور حقوق العباد کا بھی فرض ادا کریں گے۔ آپ خود دیکھ لیجئے جہاں جہاں لوگوں کے حقوق العباد ادا کئے جاتے ہیں، جہاں حکمران اور عوام ایک ہی لائن میں لگتے، ایک ہی کٹہرے میں کھڑے ہوتے ہیں وہاں وہاں کے لوگ، قومیں طاقتور ہیں۔ ہماری بنیادی اچھائیاں اپنا کر قومیں کہاں سے کہاں نکل گئی ہیں اور ہم یہی نہیں جان سکے ہیں کہ ہم کمزور کیوں ہیں؟",1145
P4_2009_043,Jang,2009,مدرسہ ......... انداز بیاں…سردار احمد قادری,"آج کل مغربی دنیا میں ”مدرسہ“ تحقیقاتی اداروں کا ایک بہت بڑا موضوع بن گیا ہے۔ امریکہ، یورپ اور بالخصوص برطانیہ کے تھنک ٹینکس (Think Thanks)، جامعات اور دانشور جہاں جہاں سرجوڑ کر بیٹھے ہیں۔ اس امر پر غور کرتے ہیں کہ ”مدرسہ“ کیا ہے۔ یہ کیسے شروع ہوا؟ اس کی مسلم معاشرہ میں کیا ضرورت ہے؟ اس کو فنڈ کہاں کہاں سے ملتے ہیں اور یہ کس طرح کام کرتے ہیں۔ یہاں سے پڑھ کر نکلنے والے کیا کام کرتے ہیں؟ معاشرہ میں ان کا کردار کیا ہوتا ہے؟ ان کو کس طرح کنٹرول کیا جاسکتا ہے۔ ان پر کیا پابندیاں لگائی جاسکتی ہیں؟ ان کو کیسے ”مانیٹر“ کیا جاسکتا ہے اور کس طرح ان پر نظر رکھی جاسکتی ہے؟ دراصل یہ لوگ اس حقیقت کو نہیں سمجھ سکتے کہ اسلام میں وحی کے ابتدا پڑھنے کے حکم سے ہوئی ہے۔ اس لئے اسلامی معاشرہ میں ”درس“ ”مدرس“ اور ”مدرسہ“ کی بڑی اہمیت ہے۔ اور اس کی اہمیت اور ضرورت کو ختم نہیں کیاجاسکتا۔ دینی تعلیم کا درس دینے والا مدرس ہوتا ہے اور جس جگہ درس دیا جاتا ہے وہ مدرسہ ہوتا ہے۔ یہ مدرسہ ایک کمرہ پر بھی مشتمل ہوسکتا ہے اور ایک ہزار کمروں پر بھی۔ مدرس جہاں پر بھی بیٹھ جائے وہی جگہ مدرسہ بن جاتی ہے۔ دیگر علوم کے اداروں اور اسلامی علوم کے اداروں کے درمیان یہی واضح فرق ہے۔ دیگر علوم کے پڑھانے کے لیے بہت بڑی بڑی عمارات، اساتذہ کی تنخواہیں اور بہت بڑا بجٹ چاہئے۔ لیکن دینی مدرسہ کے لیے صرف ایک صاحب غریمت وہمت انسان چاہئے جس کے دل میں ”قال اللہ اور قال الرسول“ کی اشاعت کا جذہ ہو ۔یہ مرد درویش جہاں بھی بیٹھ کر پڑھانا شروع کردیتا ہے وہیں پر طالبان علم کی قطار اندر قطار آمد شروع ہوجاتی ہے۔ پہلے شہر کسی اور حوالے سے پہچانے جاتے تھے۔ جب وہاں دینی درسگاہ قائم ہوجاتی ہے تو وہ درسگاہ ہی شہر کا حوالہ بن جاتی ہے۔ مدینة الاولیا ملتان کو اب بھی حضرت بہاؤ الدین زکریا ملتانی رحمة اللہ علیہ کے قائم کردہ عظیم مدرسے کے حوالے سے یاد کیا جاتا ہے۔ اس حقیقت کے اعتراف کے طور پر ملتان یونیورسٹی کو بہاؤ الدین زکریا یونیورسٹی کا نام دیا گیا ہے۔ دیو بند اور بریلی کبھی صرف شہر تھے آج ان شہروں میں قائم مدرسوں کے حوالے سے جانے پہچانے جاتے تھے۔ بھیرہ کبھی ایک چھوٹا سا غیر معروف گاؤں تھا۔ علامہ منظور احمد رضوی بتاتے ہیں کہ جب الازہر سے واپس آکر پیر محمد کرم شاہ نے وہاں دارالعلوم غوثیہ محمدیہ کی نشاة ثانیہ کا سوچا اور علامہ رضوی کو اپنے ہمراہ بھیرہ لے گئے تو وہاں کچھ اساتذہ کو درختوں کے نیچے بھی بیٹھ کر پڑھانا پڑتا تھا۔ کیونکہ بیٹھنے اور پڑھانے کے لئے مطلوبہ کمرے نہیں تھے لیکن آج یہ ”مدرسہ“ پاکستان میں اہلسنت والجماعت کا ایک مثالی اور قابلِ فخر دارالعلوم بن گیا ہے۔ کیونکہ مدرس عمارات اور کمروں کا محتاج نہیں ہوتا اللہ تعالیٰ سبب بنا دیتا ہے جوں جوں طلبہ کی تعداد بڑھتی جاتی ہے خوشحال اور مخیر حضرات اس کی ضرورت کے مطابق عطیات دیتے رہتے ہیں۔ مدرسہ میں تعمیر سیرت کا اہتمام پہلے ہوتا ہے۔ تعمیر عمارت کا کام بعد میں ہوتا ہے۔ تعمیر سیرت کیا ہے؟ یہ دراصل میرے آقا کریم علیہ الصلوة والتسلیم کے کردار کے نور سے لوگوں کو فیض یاب کرنے کا نام ہے۔
پاکستان کو مساجد میں عام طور پر ایک شہر نمایاں کے طور پر لکھا جاتا ہے۔ اگرچہ اب فارسی سمجھنے والے لوگ کم ہوتے جا رہے ہیں لیکن ابھی بھی دنیا صاحب ذوق لوگوں سے خالی نہیں ہوئی، شعریہ ہے۔
خوشا مسجد مدرسہ خانقا ہے
کہ در وے بودقیل وقال محمد
یعنی وہ مسجد مدرسہ اور خانقاہ کس قدر بہترین ہے کہ جس میں یہ پڑھایا جاتا ہو کہ ہمارے آقا نبی کریم صلی اللہ علیہ وسلم نے کیا فرمایا تھا اور کن باتوں کا حکم دیا تھا۔ یہ قیل وقال محمد ہی اسلام کی روح ہے۔ یہی اسلامی تعلیمات کا نچوڑ ہے۔ اقبال کہتا ہے:
مغز قرآں جانِ ایماں روح دیں
ہست حُب رحمة لّلعالمیں
یعنی قرآنی تعلیمات کا مغز ایمان کی جان، دین کی روح، رحمة لّلعالمین صلی اللہ علیہ وسلم کی محبت کا پیغام ہے۔ علامہ اقبال نے اسلام کے جذبہ کو ”روح محمد“ بھی لکھا ہے۔ جیسا کہ اقبال کے زمانے میں تھا ۔اسی طرح آج بھی کچھ اسلام دشمن طاقتیں یہ چاہتی ہیں کہ کس طرح مسلمانوں کے دلوں سے ”روح محمد“ نکال لی جائے اور ان کے ان ناپاک عزائم کی راہ میں سب سے بڑی رکاوٹ ”مدرسہ‘ ہے کیونکہ مدرسہ میں پڑھنے والے غریب، مفلوک الحال، بعض دفعہ خشک روٹیاں کھا کر صبح و شام قرآن پڑھنے والے اور پڑھانے والے، یہ درویش منش فقیر اور دنیا کی لذتوں سے بے نیاز لوگ ”طاغوت“ کی آنکھ میں کھٹکتے ہیں۔ ان کو کالجوں اور یونیورسٹیوں میں ہونے والی آپس کی لڑائیوں ،فائرنگ اور دہشت گردی سے کچھ غرض نہیں۔ میں نے خود پنجاب یونیورسٹی لاہور میں دو سال تعلیم کے دوران طلبہ تنظیموں سے تعلق رکھنے والے افراد کی ایسی سرگرمیاں دیکھی ہیں ان میں سے بعض میرے ساتھ پڑھتے تھے جو بعد میں وزیر بھی بن گئے۔ لیکن اسلام دشمن طاقتوں کو وہ فاقہ کش نظر آتے ہیں جن کے اندر روح محمد موجود ہے۔ اقبال کہتا ہے
یہ فاقہ کش جو موت سے ڈرتا نہیں ذرا
روح محمد اس کے بدن سے نکال دو
بعض این جی اوز (non governmental organisations) کو بے تحاشا سرمایہ فراہم کیا جاتا ہے تاکہ وہ معلوم کریں کہ مدرسے کیوں بڑھ رہے ہیں اور ان کو کس طرح روکا جاسکتا ہے۔ انسٹی ٹیوٹ آف سٹرٹیجک سٹڈیز اسلام (Institute of Stratagic Studies) کی ڈائرکٹر جنرل شیریں زادی نے اپنی ایک حالیہ رپورٹ میں بتایا ہے کہ جنوبی پنجاب میں موجود سیکڑوں مدرسے شدت پسندوں کے لئے افرادی قوت کی نرسری ثابت ہوسکتے ہیں۔ ان مدارس میں ہزاروں بچے پڑھ رہے ہیں۔ صرف ایک ضلع ڈیرہ غازی خان میں رجسٹرڈ مدارس کی تعداد ایک سو پچاسی ہے۔ جن میں سے نوّے مدارس دیو بندی مکتب فکر، چوراسی مدارس بریلوی مکتب فکر اور چھ اہلِ حدیث مکتب،فکر اور پانچ فقہ جعفریہ سے تعلق رکھتے ہیں۔ ان مدرسوں میں ہزاروں طلبہ رہائش پذیر ہیں اور ہزاروں روزانہ اپنے گھروں سے پڑھنے کے لئے آتے ہیں۔ ان میں سے طلبہ کی عمریں پانچ سے پچیس سال کے درمیان ہیں۔ کچھ مدارس میں مذہبی علوم کے ساتھ پرائمری سے میٹرک تک تعلیم دی جاتی ہے۔ ان مدرسوں کو حکومت کی طرف سے کوئی امداد ،کوئی گرانٹ نہیں ملتی ان کو مخیر اور صاحبِ دل خوشحال لوگ عطیات دیتے ہیں۔ طلبہ کی کثیر تعداد ان مدرسوں میں داخل ہونے کی خواہش رکھتی ہے۔ لیکن ان مدارس کے پاس اتنے وسائل نہیں ہیں کہ وہ ان تمام خواہشمند طلبہ کو داخلہ دے سکیں جو یہاں پڑھنا چاہتے ہیں۔
آئی ایس ایس کی ڈائریکٹر جنرل شیریں زادی نے اپنی رپورٹ میں مدرسوں کی صورتحال تو بتادی لیکن کاش وہ اصل حقائق سے بھی پردہ اٹھا دیتیں۔ حقائق کچھ یوں ہیں۔ دینی مدرسے مغلیہ سلطنت میں سرکاری امداد سے چلتے تھے لیکن برٹش ایمپائر میں ان کی امداد بند کردی گئی ۔1857ء کی جنگ آزادی کے بعد علما کو باغی اور مدرسوں کو خطرناک قرار دیا گیا اس کے بعد تنکہ تنکہ اکٹھا کر کے علما نے یہ آشیانے بنائے ہیں جہاں غریب مزدور محنت کشوں اور کسانوں کے بچے پڑھنے کے لئے آتے ہیں کیونکہ غربت نے ان کے لئے کہیں اور پڑھنے کے مواقع نہیں چھوڑے۔ بڑے بڑے انگلش میڈیم سکولوں میں پڑھے ہوئے دانشور، مدرسہ کے پڑھے ہوئے غیور، باہمت اور روح محمد سے سرشار طلبہ کی حقیقت کو کیا جانیں؟",1248
P4_2009_044,Jang,2009,دینی مدارس۔نصاب اور معیار کا فرق دور کریں,"دینی مدارس میں ان کے اپنے نصاب کے ساتھ جدید عصری علوم پڑھانے پر تمام مکاتب فکر کے علمائے کرام اور حکومت میں اتفاق رائے کو ایک قابل قدر اور بڑی پیش قدمی قرار دیا جاسکتا ہے۔ موجودہ حکومت نے اچھا کیا کہ تمام مسالک سے تعلق رکھنے والے تعلیمی مدارس سے رابطہ کرکے ان کے طریق کار کو سمجھا، ان کے تعلیمی معیار کوسراہا اور ان کی اسناد کو ملک بھر کے تمام تعلیمی اداروں میں تسلیم کرنے کی سمت قدم بڑھایا ہے۔ منگل کے روز وزیر داخلہ رحمٰن ملک نے پانچوں فقہی افکار سے تعلق رکھنے والے مدارس کے ساتھ جس سمجھوتے کوحتمی شکل دی ہے اور جس کا اعلان تنظیمات مدارس کے رہنماؤں کے ساتھ نیوز کانفرنس کے دوران کیاگیا اس کے تحت دینی مدارس نجی تعلیمی اداروں کے انداز میں کام کریں گے۔ اس طرح نہ صرف ان کے وقار کا تحفظ کیا جائے گا بلکہ ان کے طلبا کو بھی زندگی کے مختلف شعبوں میں وہ عزت و اہمیت دی جائے گی جس کے وہ بجا طور پر مستحق ہیں۔
وزیر داخلہ کی صدارت میں منعقدہ اجلاس میں مولانا سلیم اللہ خان، مفتی منیب الرحمٰن، قاری محمد حنیف جالندھری، پروفیسر ساجد میر، ڈاکٹر یٰسین ظفر، ڈاکٹر عطاء الرحمٰن، مولانا نیاز حسین نقوی، مولانا محمد افضل حیدری اور مولانا سید جواد ہادی موجود تھے۔ وزیر داخلہ کے بیان کے مطابق تنظیم المدارس پاکستان، وفاق المدارس العربیہ، وفاق المدارس السلفیہ، وفاق المدارس الشیعہ اور وفاق رابطہ المدارس کے رہنماؤں اور عہدیداروں نے اس بات سے اتفاق کیا کہ دینی مدارس میں تمام جدید علوم پڑھائے جائیں گے تاکہ مدارس سے فارغ التحصیل طلبا بھی پیشہ ورانہ تعلیمی اداروں اور یونیورسٹیوں میں دیگر طلبا کی طرح تعلیم حاصل کرسکیں۔ دینی مدارس کے پانچوں وفاقوں کو بورڈ کا درجہ حاصل ہوگا۔ ان کے اوپر ایک انٹر بورڈ کی طرز کا ادارہ ہوگا جو دینی مدارس کے نصاب، انتظامی امور اور تعلیمی معیار کے معاملات کی دیکھ بھال کرے گا۔ حکومت دینی مدارس کو کمپیوٹر لیبارٹریز بنانے اور نظام تعلیم کو مزید بہتر بنانے کے لئے ہر قسم کی امداد دے گی۔ حکومتی کاوشوں کی کامیابی اور مسائل پر اتفاق رائے کا اندازہ اس بات سے کیا جاسکتا ہے کہ اس سلسلے میں ایک کمیٹی بنادی گئی ہے جس میں تمام مدارس کے نمائندہ علما اور حکومتی اراکین شامل ہوں گے۔ اس کمیٹی کی منظوری کے بعد مدارس کے نصاب کو جدید علوم سے ہم آہنگ کرنے کا قانون منظوری کے لئے پارلیمینٹ میں پیش کیا جائے گا۔
اسلام کے قرون اولٰی اور قرون وسطٰی میں مدرسے اور جامعات دینی اور عصری علوم کی آماجگاہ ہوتے تھے جہاں فقہی و شرعی علوم کے علاوہ ریاضی، فلکیات، جغرافیہ، تاریخ، طب اور دوسرے علوم کی تدریس، تحقیق اور تصانیف پر خصوصی توجہ دی جاتی تھی۔ اور ایسے عملی کارنامے انجام دئیے گئے جن سے مغرب سمیت پوری دنیا نے فائدہ اٹھایا۔ بعد میں استعماری قوتوں کے تسلط کے بعد دینی مدرسوں نے اپنے محدود وسائل میں رہتے ہوئے اپنا کردار دینی تعلیمات کے فروغ تک محدود کرلیا۔ تاہم دنیا کے نقشے پر ایک اسلامی ملک کے ابھرنے کے بعد تعلیمی اداروں کے محدود کردار اور ان کے فرق کو دور کرنے پر توجہ دی جانی چاہئے تھی مگر اس سے مجرمانہ حد تک اغماض برتا گیا۔ مثالی صورت یہی ہے کہ ہماری دینی درسگاہوں کو جدید علوم کی تعلیم تک پھیلا کر اور عصری کہلانے والے اداروں میں دینی تعلیمات کا بندوبست کرکے دونوں قسم کی درسگاہوں کو بتدریج دینی اور عصری علوم کے معیاری سرچشموں میں تبدیل کردیا جائے۔ دونوں قسم کے علوم سے لیس ہوکر فارغ التحصیل ہونے والے افراد تمام شعبوں میں کارہائے نمایاں انجام دے کر معاشرے، ملک اور دین کی بہتر خدمت کرسکیں۔ بعض دینی مدارس کی طرف سے اس سلسلے میں ایک اہم پیش رفت سامنے آئی بھی ہے۔ انہوں نے 8سالہ درس نظامی کے نصاب کو چار سال کی مدت میں محدود کرکے ایم اے، ایم ایس، ایم بی اے سمیت عصری علوم کے اعلٰی ڈگری یافتہ افراد کو درس نظامی کی تعلیم دینے کا سلسلہ شروع کردیا ہے۔ جبکہ متعدد مدارس میں خاصا پہلے سے عصری علوم کے علاوہ انگریزی سمیت مختلف زبانوں کی تعلیم کا سلسلہ شروع ہوچکا ہے۔ اسلامی تصور تعلیم کے لحاظ سے عصری علوم بھی دینی تعلیم کا ہی حصہ ہیں۔ قرآن نے کائنات ارض و سما کی ہر ہر چیز پر تفکر، تدبر اور تحقیق کرکے قوانین فطرت کو جاننے اور نظام کائنات کے سربستہ رازوں کو سمجھنے کا حکم دیا ہے۔ اس لئے دینی اور عصری درسگاہوں کا فرق اب ختم ہونا چاہئے۔ ہمارے تمام تعلیمی اداروں کو دینی اور عصری دونوں علوم کا سرچشمہ ہونا چاہئے۔ ہمارے بیشتر دینی مدارس نہ صرف معیاری دینی تعلیم دے رہے ہیں بلکہ ان میں سے بہت سوں کا انتظام و انصرام زبوں حالی کے شکار سرکاری اسکولوں اور انگریزی تعلیم کے نام پر لوٹ کھسوٹ کا بازار گرم کرنے والے اداروں سے کہیں بہتر ہے۔
ماضی میں سوویت یونین کے خلاف جنگ کا ایندھن بنائے جانے والے مدارس میں سے چند یقیناً ایسے ہیں جو مذہب کے نام پر واشنگٹن کے اس وقت بچھائے گئے جال اور متعین کردہ کردار سے باہر نہیں آسکے۔ ان کی سرگرمیوں کی وجہ سے دوسرے دینی مدارس بھی بدنام ہورہے ہیں۔ اب دینی مدارس کے وفاقوں کو بورڈ کا درجہ ملنے کے بعد ان مدارس کو بھی کسی نہ کسی بورڈ کے ساتھ رجسٹریشن کی صورت میں یکساں نصاب کی تدریس سمیت تمام ضابطوں پر عمل کرنا ہوگا۔ بصورت دیگر رجسٹریشن نہ کرانے والے مدارس کو ختم کردیا جائے گا۔ اس طرح من مانی کرنے، انتہا پسندانہ سوچ کو فروغ دینے اور بنیاد پسندی کے نام پر مدارس کو دہشت گردی کی تربیت گاہ بنانے کے امکانات ختم ہوجائیں گے۔ اب تک 15ہزار مدارس رجسٹریشن کرا چکے ہیں جبکہ مزید 5ہزار کے رجسٹریشن کا ہدف مقرر کیا گیا ہے۔ توقع کی جانی چاہئے کہ علما اور حکومت نے ایک دوسرے سے جو وعدے کئے گئے ہیں ان کو احسن طریقے سے پورا کیا جائے گا۔ سمجھوتے پر تیزی سے عملدرآمد کے لئے قانون سازی سمیت مطلوبہ اقدامات اور سہولتوں کی فراہمی میں تاخیر نہیں ہوگی۔ اور اصلاحات کا دائرہ دینی مدارس اور عصری درسگاہوں کے نصاب کو یکساں بنانے تک محدود نہیں رہے گا بلکہ جدید تعلیم کے نام پر سرکاری، انگلش میڈیم اور مشینری اسکولوں کے علاوہ کیمبرج نظام کے معیار تعلیم کو ہم آہنگ بنانے پر بھی توجہ دی جائے گی۔ حاکموں اور محکوموں کے طبقے پیدا کرنے والے یہ اسکول جو ردعمل پیدا کررہے ہیں وہ آگے چل کر انتہا پسندی کی زیادہ شدید لہر کا باعث بن سکتا ہے۔",1079
P4_2001_045,Naunehal,2001,جھوٹی قسم,"قسم کھانا بہت بری عادت ہے۔ اس سے آدمی کا اعتبار اٹھ جاتا ہے اور لوگ اس کی باتوں
پر اعتماد نہیں کرتے، حال آں کہ وہ قسم کھاتا ہی اس لیے ہے کہ لوگ اس کو سچا سمجھیں۔ جب
وہ خدا کی قسم کھاتا ہے تو اس کا مطلب یہ ہے کہ وہ اپنی بات میں اللہ تعالیٰ کو گواہ ٹھیراتا ہے۔
اگر وہ سچا ہے اور سوچ سمجھ کر بات کرتا ہے تو قسم کھا سکتا ہے پھر بھی اسے بغیر ضرورت کے
قسم نہیں کھانا چاہیے، اس لیے کہ قسم کھانا خود اچھی بات نہیں ہے۔ اگر جھوٹا ہے اور اللہ کو
اپنے جھوٹ میں شریک کرتا ہے تو یہ گناہ ہے اور ایسا آدمی سخت گناہ گار ہے۔ جھوٹی قسم
کھانا یا قسم کھا کر توڑنے پر کفارہ لازم آتا ہے۔ کفارے کے معنی یہ ہیں کہ اپنی خطا کے بدلے
میں اللہ کی طرف سے مقرر کی گئی سزا کو بھگتے۔ اللہ تعالیٰ کا ارشاد ہے : "" تم لوگ جو بے
فائدہ قسمیں کھا لیتے ہو ان پر اللہ گرفت نہیں کرتا ، مگر جو قسمیں تم جان بوجھ کر کھاتے ہو ان
پر وہ ضرور تمھاری پکڑ کرے گا۔ (ایسی قسم توڑنے کا) کفارہ یہ ہے کہ دس مسکینوں کو وہ اوسط
درجے کا کھانا کھلاؤ جو تم اپنے بال بچوں کو کھلاتے ہو یا انھیں کپڑے پہناؤ یا ایک غلام آزاد کر
دو اور جو اس کی استطاعت نہ رکھتا ہو وہ تین دن کے روزے رکھے۔ یہ تمھاری قسم کا کفارہ
ہے جب کہ تم قسم کھا کر توڑ دو۔"" (المائدۃ۔ آیت ۸۹)
قرآن مجید نے زیادہ قسمیں کھانے والے کو حقیر، ذلیل اور گھٹیا آدمی قرار دیا ہے۔ جھوٹی
قسمیں کھانے کی وجہ سے وہ اپنی نگاہ میں خود بھی ذلیل ہوتا ہے اور معاشرے میں بھی اس کی
کوئی عزت نہیں ہوتی۔ اللہ تعالیٰ نے ارشاد فرمایا : ” ہر گز نہ دبو کسی ایسے شخص سے جو بہت
کھانے والا بے وقعت آدمی ہے، طعنے دیتا ہے، چغلیاں کھاتا پھرتا ہے، بھلائی سے روکتا
، ظلم و زیادتی میں حد سے گزر جانے والا ہے۔ سخت بد اعمال ہے اور جفا کار ہے۔""
نب
قرآن حکیم نے ایسے لوگوں کو جھوٹا کہا ہے جو زبان سے کچھ کہتے ہیں اور ان کی نیت اور
عمل کچھ اور ہوتا ہے۔ مدینے میں منافقوں نے مسلمانوں میں تفرقہ ڈالنے کے لیے اپنی ایک
الگ مسجد (مسجد ضرار) کھڑی کر لی۔ اللہ تعالیٰ نے قرآن شریف میں فرمایا کہ اگر ان سے ان کی
اس حرکت کا سبب آپ پوچھیں گے تو وہ جھٹ قسم کھا بیٹھیں گے کہ ہماری نیت اچھی تھی۔
فرمایا : ”اور قسمیں کھا کھا کر کہیں گے کہ ہمارا ارادہ تو بھلائی کے سوا کسی دوسری چیز کا نہ تھا
اور اللہ گواہ ہے کہ وہ جھوٹے ہیں۔"" (التوبہ: ۱۰۷)
اللہ کا نام لے کر کوئی معاہدہ کرنا اور پھر اس کو توڑ ڈالنا' اللہ تعالیٰ کے پاک نام کے ساتھ
مذاق کرتا ہے۔ اس کی مثال اس بے وقوف عورت کی سی ہے جو رات بھر سوت کاتی ہے اور
پھر صبح ہوتے ہی اسے ٹکڑے ٹکڑے کر ڈالتی ہے۔ جھوٹی قسم کھا کر کسی دوسرے کے مال پر
دعوا کرنا بھی گناہ ہے۔ حضور نے فرمایا: ”جو کوئی جھوٹی قسم کھا کر کسی مسلمان کا مال لینا چاہے گا
تو اللہ اس پر غضب ناک ہوگا۔"" (الحدیث)۔
حضرت انس رضی اللہ تعالٰی عنہ کہتے ہیں کہ آنحضرت صلی اللہ علیہ وسلم نے فرمایا :
” بڑے بڑے گناہ یہ ہیں : کسی کو خدا کا شریک ٹھیرانا' ماں باپ کی نافرمانی کرنا کسی بے گناہ کی
جان لینا اور جھوٹی قسم کھانا۔"" (سنن نسائی)
حضور اکرم صلی اللہ علیہ وسلم نے یہ بھی فرمایا : ”جو کسی مسلمان کے حق کو جھوٹی قسم کھا
کر لینا چاہے گا تو اللہ اس پر دوزخ کی آگ کو واجب کر دے گا۔ صحابہ نے پوچھا: ”یا رسول
اللہ ! خواہ کوئی معمولی سی چیز ہو؟"" فرمایا : ” درخت کی ڈالی ہی کیوں نہ ہو۔"" (صحیح مسلم)
معلوم ہوا کہ جھوٹی قسمیں کھانا بہت بڑا گناہ ہے اور یہ نہایت بری حرکت ہے۔ یہ آدمی کو
گناہ گار بھی کرتی ہے اور معاشرے میں بھی ذلیل اور رسوا کر کے رکھ دیتی ہے، اس لیے اس
سے پر ہیز کرنا چاہیے۔",705
P4_2001_046,Naunehal,2001,پیرس,"فرانس کے دارالحکومت پیرس کا شمار
یورپ کے خوب صورت ترین شہروں میں ہوتا
ہے۔ اس شہر کی تہذیب تقریباً دو ہزار سال پرانی
ہے۔
دنیا کے جتنے بھی خوب صورت شہر ہیں وہ
زیادہ تر کسی دریا یا سمندر کے کنارے آباد ہیں۔
پیرس کی خوب صورتی دریائے سین کی وجہ سے
ہے کیوں کہ یہ اسی دریا کے کنارے آباد ہے۔
کراچی کی طرح پیرس بھی روشنیوں کا شہر
کہلاتا ہے۔ یہ شہر رات ہوتے ہی رنگا رنگ
روشنیوں سے جھلملا اٹھتا ہے اور اپنی خوب
صورتی کا دل فریب نظارہ پیش کرتا ہے۔
پیرس اپنے قدیم اور جدید تاریخی مقامات کی
وجہ سے پوری دنیا میں پہچانا جاتا ہے۔ اس کے
خوب صورت دل فریب اور دل چسپ مقامات
میں نو تر ڈیم، سینٹ چھیل لارے میوزیم، جمس
ایلے سیں، انسٹی ٹیوٹ آف فرانس، مجسمہ
آزادی، لبرٹی ایئر پورٹ اور ایفل ٹاور سرِ فہرست
ہیں۔
نو تر ڈیم پیرس کا سب سے خوب صورت
گر جا گھر ہے۔ اس کی خوب صورتی اور مضبوطی
کا اندازہ اس بات سے لگایا جاسکتا ہے کہ اس کی
تعمیر میں سو سال سے زائد کا عرصہ لگا۔ اس
گرجے کے پیچھے سینٹ جھیل ہے جو
شیشوں سے بنایا گیا ہے۔ شیشوں سے بنی اس
عمارت کا شمار دنیا کی خوب صورت ترین عمارتوں
میں ہوتا ہے۔
مختلف
لارے میوزیم صرف پیرس کا ہی نہیں بلکہ
پوری دنیا کا سب سے مشہور آرٹ میوزیم ہے۔
اس طرح شہر کے بیچوں بیچ آرک آف ٹرمف""
فرانسیسی ماہر تعمیرات کے فن تعمیر کا شاہکار نمونہ
ہے۔ اسے نپولین بونا پارٹ نے تعمیر کروایا۔ اس
کے ساتھ ایک کشادہ شاہ راہ بنائی گئی ہے جس پر
ہر وقت ہزاروں گاڑیاں دوڑتی رہتی ہیں۔ اس
کشاده شاہ راہ کا نام ” جمس ایلے سیس"" ہے۔
ایفل ٹاور کی تصویر دیکھتے ہی پیرس کا نام
ذہن میں ابھرتا ہے۔ اس کا شمار پیرس کے دل
چسپ ترین مقامات میں ہوتا ہے۔ اس کی
اونچائی دس ہزار پچاس فیسٹ ہے۔ اپنی بلندی
کی وجہ سے آپ اسے پیرس کے آخری کونے
سے بھی دیکھ سکتے ہیں۔ اس کے پیچھے خوب
صورت باغات ہیں جہاں رنگا رنگ فوارے لگے
ہیں جو اس کی دل کشی میں اضافہ کرتے ہیں۔
انسٹی ٹیوٹ آف فرانس یعنی سب سے بڑا شاہی
گھر بھی پیرس میں واقع ہے۔ یہاں ایک پل
کے نزدیک مجسمہ آزادی بھی نصب ہے۔ آپ
یہ سن کر حیران ہوں گے کہ مجسمہ آزادی تو
امریکا میں واقع ہے، لیکن حقیقت یہ ہے کہ
اسے بنانے والا شخص ایک فرانسیسی بار تھولڈی
BARTHOLDI) تھا۔ امریکا کے مجسمہ
آزادی جیسا مجسمہ پیرس میں بھی موجود ہے۔
پیرس میں جدید ریلوے اسٹیشن قائم ہیں۔ یہاں
کا مشہور ایئر پورٹ Airport of Liberty
بڑا شہر ہونے کی وجہ سے پیرس کی آبادی
بھی بہت زیادہ ہے۔ بڑے شہر ہمیشہ مسائل کا
شکار رہتے ہیں۔ پیرس شہر کا سب سے بڑا مسئلہ
ٹریفک کا ہے۔ وہاں بھی ٹریفک جام رہتی ہے
اور سفر میں گھنٹوں لگ جاتے ہیں۔ اس مسئلے کو
حل کرنے کے لیے انڈر گراؤنڈ ریلوے نظام
قائم کیا گیا ہے۔ یہاں زمین دوز تیز رفتار ٹرینیں
شہر کے ایک کونے سے دوسرے کونے تک چلتی
ہیں۔ ان تیز رفتار ٹرینوں کی وجہ سے وقت بھی
کم خرچ ہوتا ہے اور مسافر بھی سکون و آرام
کے ساتھ اپنی منزل مقصود پر پہنچ جاتے ہیں۔
ٹرینوں کا یہ نظام ""میٹرو ""
کہلاتا ہے۔
پیرس اپنی ہریالی کی وجہ سے بھی مشہور
ہے۔ جدھر نگاہ دوڑائیں درخت اور باغات نظر
آتے ہیں۔ پیرس کے لوگ درختوں سے بہت
محبت کرتے ہیں اور زیادہ سے زیادہ پیٹر اگانے کا
شوق بھی رکھتے ہیں۔ یہی وجہ ہے کہ پورا شہر
سرسبز نظر آتا ہے۔
پیرس کے فٹ پاتھ پر بنے ہوٹل اپنے
کھانوں کی وجہ سے بے حد شہرت رکھتے ہیں۔
پیرس کا شانزا لیزے فٹ پاتھی ریستوران اپنے
اچھے کھانوں کی وجہ سے مشہور ہے۔
یہاں سیاحوں کا میلا لگا رہتا ہے۔ مختلف
ممالک سے لوگ سیرو تفریح کے لیے یہاں آتے
ہیں اور اس شہر جمال کی خوب صورتی اور دلفریبی
کا نظارہ کر کے لطف اٹھاتے ہیں۔",667
P4_2001_047,Naunehal,2001,اگ بجھانے کا اعلی,"آگ بجھانے والے آلے کئی قسم کے ہوتے ہیں۔ بعض آلات میں سے پانی دھار کی
صورت میں نہایت تیزی سے نکلتا ہے۔ اس دھار کو آگ لگی ہوئی جگہ پر مرکوز کر کے آگ
کو بجھایا جاسکتا ہے۔ آگ بجھانے والے آلات میں سوڈیم بائی کاربونیٹ کے ہلکے محلول والے
آلات مقبول ہیں جن کے منھ پر شیشے کی بوتل میں گندھک کا طاقت ور تیزاب بھرا ہوتا ہے۔
اس آلے کو استعمال کرنے کے لیے اس آلے کو زمین پر ٹکراتے ہیں۔ سرے پر لگی ہوئی
سلاخ سے تیزاب کی بوتل میں سوراخ ہو جاتا ہے اور گندھک کا تیزاب سوڈیم بائی کاربونیٹ
کے محلول میں شامل ہو جاتا ہے۔ یہاں پر ہم آپ کو یہ بتادیں کہ سوڈیم بائی کاربونیٹ کا محلول
الکلی ہوتا ہے۔ جب تیزاب اور الکلی ملتے ہیں تو بالکل وہی رد عمل ہوتا ہے جو بد ہضمی دور
کرنے والے نمک کو پانی میں ڈالنے سے ہوتا ہے۔ آپ نے دیکھا ہوگا کہ بد ہضمی دور کرنے
والا نمک پانی میں ڈالا جاتا ہے تو تیزی سے بلبلے بننے لگتے ہیں۔ اس آگ کو بجھانے والے آلے
میں سے بھی اسی طرح کے بلبلے اور جھاگ تیزی سے پچکاری کی صورت میں نکلتے ہیں۔ کا
کارین
ڈائی اوکسائڈ کے بڑے بڑے بلبلے آگ بجھانے میں مددگار ثابت ہوتے ہیں اور آگ کے اوپر
چھا جاتے ہیں جس کی وجہ سے آگ کو بھڑکنے کے لیے مزید ہوا نہیں ملتی یعنی او کسی جن میتر
نہیں آتی ہے۔ اس طرح آگ بجھ جاتی ہے۔
کاربن ڈائی اوکسائڈ کسی بھی صورت میں جلنے میں مدد گار نہیں ہوتی۔ یہ ایسی گیس ہے
جو ہوا سے بھاری ہے۔ چناں چہ یہ فرش کی سطح پر بیٹھ جاتی ہے اور آگ بجھا دیتی ہے۔ آگ
بجھانے کے بعض چھوٹے آلات میں صرف کاربن ڈائی اوکسائڈ موجود ہوتی ہے۔ بعض آلات
میں سوڈا واٹر ہوتا ہے، بعض آلات میں پہلے بنانے والے سیال مادے ہوتے ہیں، بعض آلات
میں ایک سلنڈر کے اندر خشک سوڈیم بائی کاربونیٹ ہوتی ہے جو ایک سیلنڈر میں بھر دی جاتی
ہے۔ اس کو کاربن ڈائی اوکسائڈ یا نائٹروجن گیس کے دباؤ کے ذریعے سے نکالا جاتا ہے۔ سوڈیم
بائی کاربونیٹ کا خشک سفوف آگ پر کمبل کی طرح چھا جاتا ہے جس کی وجہ سے آگ کو ہوا میتر
نہیں آتی۔ خشک کاربن ڈائی اوکسائڈ کسی بھی ایسی چیز پر جب ڈالی جاتی ہے جو گرم ہو تو اس
میں سے کاربن ڈائی اوکسائڈ گیس الگ ہو جاتی ہے اور اپنا کام شروع کر دیتی ہے یعنی آگ بجھا
دیتی ہے۔
اگر کہیں بجلی کے تاروں میں آگ لگ جاتی ہے تو کاربن ڈائی اوکسائد گیس کے آگ
بجھانے والے آلات بہت موثر ثابت ہوتے ہیں۔ ان آلات میں گیس بہت زیادہ دباؤ کے ساتھ
بھری جاتی ہے۔ جب گیس باہر نکلتی ہے تو اس کا دباؤ اتنا زیادہ ہوتا ہے کہ یہ فوراً آگ بجھا کر
شعلوں کو ٹھنڈا کر دیتی ہے۔ کاربن ڈائی اوکسائڈ گیس جب آگ بجھانے کے لیے استعمال کی
جاتی ہے تو یہ فوری طور پر آگ بجھا کر درجۂ حرارت کم کر دیتی ہے۔
آگ بجھانے کے لیے ایک اور اہم ذریعہ کاربن ٹیٹرا کلورائڈ ہے۔ یہ بے رنگ بننے والا
مادہ ہوتا ہے جو گرم کرنے پر بہت تیزی سے بخارات بناتا ہے۔ خاص طور پر جب مشینوں یا برقی
آلات میں آگ لگتی ہے تو ان آلات کا استعمال کیا جاتا ہے۔
محدود رقبے پر لگی ہوئی آگ کو بجھانے کے لیے ایک اچھا اور آسان طریقہ یہ ہے کہ آگ
تک ہوا کی رسائی ناممکن بنادی جائے۔ یہی وجہ ہے کہ اگر کسی شخص کے کپڑوں میں آگ لگ
جاتی ہے تو اس پر فوراً کمبل ڈال دینا چاہیے تاکہ جلتے ہوئے کپڑے بجھ جائیں۔ اس کے علاوہ
جلتے ہوئے شخص پر فوراً کوٹ ڈال دینے یا اسے قالین یا تولیے سے لپیٹ دینے سے بھی آگ
بجھ جاتی ہے۔ آپ کو بھی اپنے گھر میں کسی ہنگامی صورتِ حال سے نمٹنے کے لیے آگ بجھانے
والا ایک چھوٹا آلہ ضرور رکھنا چاہیے۔",660
P4_2002_048,تعلیم و تربیت,2002,دنیا کے عظیم پہاڑی سلسلے,"شمالی امریکا کے را کیز (ROCKIES) جنوبی امریکا
کے اینڈیز یورپ کے اپس (ALPS) اور ہندوستان اور
پاکستان کے شمالی حصوں میں انتہائی اونچی چوٹیوں کے حامل
ہندوکش اور ہمالیہ کے پہاڑی سلسلے اہمیت کے اعتبار
سر فہرست ہیں۔
سلسلہ قراقرم
قراقرم کے لغوی معنی ہیں ”سیاہ“۔ یہ عظیم الشان
اور دیو ہیکل بلند چوٹیوں پر مشتمل پہاڑی سلسلہ کرہ ارض
پر اپنی نوعیت کے اعتبار سے منفرد ہے۔ قراقرم
پہاڑیوں کا یہ سلسلہ اپنی بلند ترین اور برف پوش
چوٹیوں کے علاوہ دل پذیر اور سر سبز و شاداب وادیوں
کی وجہ سے قدرت کا ایک بے مثال نمونہ ہے جو دنیا بھر کے
سیاحوں کے لیے بھر پور کشش رکھتا ہے۔ اس کی چوڑائی 400
کلو میٹر اور گہرائی 250 کلو میٹر ہے جو مشرق میں دریائے
شبوک مغرب میں دریائے کار امیر اشکومین اور دریائے گلگت
میں گھری ہوئی ہے۔ اس کے شمال مشرق میں دریائے ساکس
گام اور جنوب مغرب میں دریائے سندھ بہتا ہے۔
قراقرم سلسلے کے اہم ترین علاقوں میں رہو سیا چین
بولتورو سولتور و ماشر برم بسر ، تبورا راکا پوشی نگروٹ اور بارا
موش شامل ہیں۔ 2-K جسے GOODWIN AUSTIN
کا نام دیا جاتا ہے، قراقرم سلسلے کی بلند ترین اور ایورسٹ
(ہمالیہ) کے بعد دوسری بڑی چوٹی ہے۔ قطبین کے بعد سب
سے بڑے گلیشیئرز قراقرم میں ہی واقع ہیں۔
کھسکتے پہاڑ
زمین کی سطح کا دسواں حصہ گلیشیئرز سے ڈھکا ہوا ہے۔
گلیشیئر کیا ہیں؟ برف کے بڑے بڑے تودے جنہیں ہم برف
کے پیڈ بھی کہہ سکتے ہیں۔ جب ان پر برف کا حجم کافی زیادہ
ہو جاتا ہے یا سائنسی اعتبار سے یوں کہ لیجئے کہ جب برف
کی موٹائی 60 فٹ تک ہو جاتی ہے تو یہ اپنے وزن ہی کے
زیر اثر ا حلوان کی طرف پکھل کر ست روی کے ساتھ کھسکنے
لگتے ہیں اور مینیجا وادیوں میں ان کی برف پکھل کر ندی نالوں
اور دریاؤں کی شکل اختیار کر لیتی ہے۔ ہمالیہ سے نکلنے والے
تقریباً تمام دریا انہی گلیشئروں سے بنے ہیں۔
گرین لینڈ اور بحر منجمد جنوبی میں انتہائی جسامت والے
لیشیر پائے جاتے ہیں جنہیں براعظمی گلیشئر یا ICE
CAPS ( برفانی ٹوپیاں) کہا جاتا ہے۔ ان کی موٹائی میلوں
میں ہوتی ہے اور چوڑائی ہزار میل سے بھی زیادہ وادی گلیشئر
(VALLEY GLACIER) جنہیں الپائن گلیشیئر بھی کہتے
۔
ہیں، گلیشیر کی عام مشکل ہے گلیشیئر پہاڑی ۔ سلسلوں کے
ہے۔ یہ
انتہائی ہر فیصلے علاقوں کی ڈھلوانوں پر بنتے ہیں۔
اگرچہ گلیشیر کا اپنی جگہ سے کھسکنے کا عمل کافی ست
رفتار ہوتا ہے جس کا مشاہدہ یا احساس انسانی آنکھ نہیں کر سکتی
تاہم اعداد و شمار کے مطابق کلیشیئر ایک دن میں 150 فٹ
تک اپنی جگہ سے کھسک جاتے ہیں۔ اس لیے وہ کوہ پیا جو ان
برفانی تودوں میں پھنس کر ہلاک ہو جاتے ہیں ان کے جسم
کئی سال تک چند میل کے علاقے تک ہی محدود رہتے ہیں۔
تیرتے پہاڑ
آئس برگ (ICE BERG): برفانی تودے جو
گلیشیر سے ٹوٹ کر الگ ہو جاتے ہیں اور سمندری موجوں اور
ہوا کے دباؤ سے مختلف سمتوں میں بہتے رہتے ہیں۔ گرین لینڈ
میں موجود
گلچیروں سے ہزاروں کی تعداد میں لوٹ کر یہ
برفانی تودے ساحلوں کے قریب آجاتے ہیں جہاں ان کا وجود
اکثر و بیشتر بحری جہازوں کے لیے خطرہ بن جاتا ہے۔
قطب جنوبی کے آس پاس یہ برفانی تودے بہت تباہی
مچاتے ہیں۔ بالآخر آپس میں ٹکرانے اور سورج کی تمازت کے
ساتھ ساتھ نیچے گرم پانی کی حدت کی وجہ سے یہ پکھل جاتے
ہیں۔ ایک برفانی تودہ تقریبا دو تین سوفٹ سطح سمندر سے اونچا
نظر آتا ہے جب کہ تقریبا نو گنا حصہ پانی کے اندر ہوتا ہے۔
ہی وجہ ہے کہ یہ بحری جہازوں کے لیے انتہائی خطر نانک ہوتا
ہے۔ اس طرح کا ایک بدترین حادثه بر طانوی مسافر بردار بحری
جہاز TITANIC کو پیش آیا تھا، جس پر اس نام سے فلم بھی
بنائی گئی ہے۔ اس جہاز کے بارے میں بڑے وثوق سے کہا جاتا
تھا کہ یہ اتنا مضبوط ہے کہ کبھی ڈوب نہیں سکتا۔ اس کی بیرونی
فولادی دیوار دوہری بنائی گئی تھی اور اس میں پندرہ WATER
TIGHT کمرے بنائے گئے تھے۔ اپریل 1912ء کو یہ جہاز شمالی
بحر اوقیانوس میں موجود ایک بڑے برفانی تودے سے ٹکرا گیا
تھا اور دوہری فولادی دیوار کے باوجود اس میں
بڑے بڑے سوراخ ہو گئے تھے اور پانی خوفناک
رفتار کے ساتھ جہاز کے اندر داخل ہو گیا تھا۔
اس حادثے میں جہاز پر موجود 2207 میں
ے 1500 سے زائد افراد ڈوب گئے تھے۔
سب سے اونچا آبشار :
پہاڑی سفر گہرائیوں کی طرف
واقع
دنیا کا سب سے اونچا آبشار ( WATER
FALLS جنوبی امریکا کے ملک و نیز ویلا میں
ہے۔ اس آبشار کو اینجلز آبشار""
(ANGELS FALLS) کہا جاتا ہے۔ ۔
پہاڑوں کی بلندی سے 3212 فٹ گہرائی میں بہتے دریائے
کارو (RIVER CARROU) میں گرتا ہے۔ چوٹی سے دریا تک
کرنے کا فاصلہ نصف میل سے بھی زیادہ ہے۔ اتنی گہرائی میں
پانی کے گرنے سے اس کے شور اور رفتار کا اندازہ آپ خود لگا
سکتے ہیں!
اونچے پہاڑوں' ڈھلوانوں اور گہری گھاٹیوں کی وجہ سے
چونکہ اس جگہ تک رسائی بہت مشکل تھی شاید اسی وجہ سے
وینزویلا اور اطراف کے دوسرے ممالک میں رہنے والوں کو
اس قدرتی شاہکار کے بارے میں کوئی علم نہیں تھا۔ آخر کار
فضائی سفر کی بہتر سہولتوں کے بعد ایک امریکی مہم جو جیمز
اینجل نے 1930 ء میں اس آبشار کو پہلی دفعہ دریافت کیا۔
اسی لیے یہ آبشار اینجل ہی کے نام سے منسوب ہے۔ جیمز
اینجل اس آبشار کے اس پاس ہی 1935ء میں ایک فضائی
حادثے میں ہلاک ہو گیا تھا۔
ماؤنٹ ایورسٹ:
دنیا کا سب سے اونچا پہاڑ
ماؤنٹ ایورسٹ دنیا کا سب سے اونچا پہاڑ ہے جو ہمالیہ
سے پہاڑی سلسلوں میں شامل ہے۔ اس کی سب سے اونچی
چوٹی کی بلندی 29028 فٹ ہے۔ اس طرح آپ آسانی کے
لیے یوں بھی سمجھ سکتے ہیں کہ یہ پہاڑ ساڑھے پانچ میل اونچا
ہے۔ آسمان کی بلندیوں کو چھوتا ہوا یہ پہاڑ تبت اور نیپال کی
سرحدوں پر واقع ہے۔
ماؤنٹ ایورسٹ ایک انگریز کوہ پیا سر جارج ایورسٹ
کے نام سے منسوب ہے جس نے دنیا کے نقشے پر اس پہاڑ کی
نشان دہی کی تھی۔ بے شمار کوہ پیماؤں نے اس چوٹی کو سر
کرنے کے لیے اپنی جانیں تک قربان کر دیں تاہم 2 مئی
1953ء کی صبح تقریباً گیارہ بجے نیوزی لینڈ کے کوہ پیاسر
ایڈمنڈ ہیلری نے اپنے گائیڈ شرپا تن سنگ کے ہمراہ دنیا کی اس
سب سے بلند چوٹی کو سر کیا جسے دنیا کی چھت بھی کہتے ہیں
اور تاریخ میں اپنا نام لکھولیا۔ اس کے بعد کئی دوسرے کوہ
پیماؤس نے بھی اس چوٹی کو سر کیا جن میں وادی ہنزہ سے
تعلق رکھنے والے معروف پاکستانی کوہ پیلا نذیر صابر کا نام بھی
سر فہرست ہے۔",1126
P4_2002_049,تعلیم و تربیت,2002,ہم گئے کاغان,"گرمیوں کی چھٹیاں تو تھیں ہی اور پھر فیصل آباد سے
فرحان اور وجیہہ کے علاوہ بلال اور خیری بھی ان دنوں محمود
چچا کے ہاں لاہور میں آئے ہوئے تھے۔ سکول کے کام سے
فارغ تھے، اس لیے کہ محمود چچا نے پہلے ہی یہ شرط لگا رکھی
تھی کہ سب بچے اپنا اپنا سکول کا کام ختم کر لیں اور اس کے
بعد سیر سپاٹے کا پروگرام بنایا جائے گا۔ لہذا سب بچوں نے
جلدی جلدی سب کام نپٹایا اپنی اپنی پڑھائی سے فارغ ہوئے
اور پروگرام کے مطابق تیم اگست تک ساری بچہ پارٹی المحمود
یعنی محمود چچا کے گھر پہنچ گئی۔ آپ حیران ہوتے ہوں گے
کہ بھئی یہ محمود چا آخر ہیں کیا چیز ؟ تو جناب آپ بھی سن لیں
ایک بنک میں اکاؤنٹس آفیسر ہیں، لائق فائق اور سمجھ دار
ہونے کے ساتھ ساتھ بڑے جولی فیلو"" یعنی نہیں لکھے
اور
ملنسار ہیں۔ ہم بچوں کے ساتھ تو وہ بے حد پیار کرتے ہیں۔
ندا اور حمزہ کے پیارے سے ابو ہیں اور ہم سب کے نہایت
مہربان چچا اور دوست بھی۔ محمود چچا نے وعدہ کر رکھا تھا کہ
اس بار چھٹیوں میں وہ ساری بچہ پارٹی“ کو شمالی علاقوں کی سیر
کرائیں گے اور جب سے بچانے راولپنڈی اور فیصل آباد فون
کر کے پروگرام کے متعلق بتایا تھا اسی دن سے بچوں کے
دلوں میں خوشی کے لڈو پھوٹ رہے تھے۔
لاہور میں تو ان دنوں بے حد گرمی پڑ رہی تھی، لہذا دو
ہی دن میں ہم بچوں کی ”ہاں ہاں ہو گئی۔ محمود چچا نے دفتر
“
سے چھٹی لے رکھی تھی۔ کچھ تو پہلے سے تیاری تھی اور کچھ
جلدی جلدی سامان تیار کیا۔ سامان کیا تھا گرم کپڑے برساتی
چھتریاں، چند کتابیں، تھر یاس، ٹفن اور کمبل وغیرہ۔ سب کچھ
سوزو کی دین میں رکھا اور تین اگست کو صبح سویرے آنٹی اور
چچا ننھے سیاحوں کو لیے ” پہاڑوں کی سیر کے لیے روانہ ہو
پہلی منزل مری تھی جو لاہور سے تقریباً تین سو کلو
میٹر کے فاصلے پر ہے، تاہم پروگرام یہ تھا کہ راستے میں آنے
والے قابل دید چھوٹے بڑے مقامات بھی ضرور دیکھتے چلیں
ے۔ اسی لیے محمود چچا نے لاہور سے نکلتے ہی وین موٹروے
کی بجائے جی ٹی روڈ پر ڈال لی تھی۔ جہلم سے آگے دینہ پہنچ
کر ہم لوگ سڑک کے بائیں طرف مڑتے ہوئے قلعہ
رہتاس کی طرف چل دیئے۔ قلعہ یہاں سے 7 کلو میٹر کے
فاصلے پر ہے۔ یہ
دید
ہے۔
قلعہ جسے ہندوستان کے بادشاہ شیر شاہ
سوری نے تعمیر کر لیا تھا' تاریخی لحاظ سے نہایت اہم اور قابل
قلعہ رہتاس کی تفصیل تو ہم آپ کو پھر کبھی بتائیں
گے تاہم اتنا ضرور ہیں گے کہ یہاں آپ لوگ بھی ضرور
ائیں۔ تاریخی مقامات کی سیر یقینا علم میں اضافے اور دلچسپی
کا باعث ہوتی ہے۔
دینہ ایک چھوٹا سا قصبہ ہے، جی ٹی روڈ پر واقع ہونے
کی وجہ سے اس کی اہمیت کچھ یوں بھی زیادہ ہے کہ یہاں سے
دو چھوٹی سڑکیں دائیں اور بائیں نکلتی ہیں۔ ایک منگلا ڈیم کی
طرف اور دوسری قلعہ رہتاس کی طرف۔
ہاں تو جناب یہ نہ سمجھئے کہ ہم صرف سیر ہی کے
موڈ میں رہے، جہاں ہم نے قلعہ رہتاس کی سیر کی تصویریں
ھینچیں اور گپ شپ لگائی وہاں کھانا پینا بھی خوب رہا۔ آنٹی
نے جو شامی کباب اور سینڈوچ ساتھ رکھے تھے' وہ تو بیٹھے
بیٹھے ہی اُڑا دیئے گئے تھے۔ چائے البتہ پورے لوازمات کے
ساتھ ہم نے واپس دینہ میں آکر پی۔ اب ہماری دینا
راولپنڈی کی طرف رواں دواں تھی۔ بہن بھائی اور کرن -
مل بیٹھیں تو خوب دھما چوکڑی رہتی ہے۔ راستے میں لطیفے
چٹکلے اور ہنسی مذاق خوب رہا بلکہ محمود چا بھی گپ شپ میں
شریک رہے انسان خوشگوار موڈ میں ہو اور بے فکری کا زمانہ ہو
تو سفر کٹنے کا پتا ہی نہیں چلتا۔ کچھ ایسا ہی ہمارے ساتھ ہوا۔
باتوں ہی باتوں میں راولپنڈی پہنچ گئے مگر یہاں ٹھہرنے کی
بجائے محمود چچا نے سیدھا مری جانے کا ارادہ کیا۔ خیال یہ تھا
کہ جلد از جلد مری پہنچ جائیں۔ ”مری"" راولپنڈی سے تقریباً
60 کلو میٹر کے فاصلے پر ہے۔ سطح سمندر سے اس کی بلندی
سات ہزار فٹ ہے۔ خوبصورت مناظر اور سرد خوشگوار آب و
ہوا کی وجہ سے مری کو ”ملکہ کوہسار“ کہا جاتا ہے۔ یہاں کی
سب سے بڑی سڑک ”مال روڈ"" ہے۔ ملک بھر سے لوگ سیر
و تفریح کے لیے یہاں آئے
ہوئے تھے۔ مال روڈ کے
ایک سرے کو پنڈی
پوائنٹ“ اور دوسرے سرے
کو کشمیر پوائنٹ“ کہا جاتا
ہے۔ شام کے وقت مال روڈ
پر خوب گہما گہمی ہوتی ہے۔
اکثر اوقات ارد گرد کے اونچے
اونچے درختوں پر چھلانگیں
لگاتے ہوئے بندر بھی دکھائی
دیتے ہیں۔
مری پہنچتے پہنچتے کافی اندھیرا
ہو چکا تھا۔ سردی
بھی
محسوس ہو رہی تھی اور پھر
قلعه روهتاس
دن بھر کی تھکن بھی تھی
لہذا وہاں پہنچتے ہی محمود چچا نے دین ایک ہوٹل میں پارک کی
دو کمرے لیے اور جلدی سے کھانے کا آرڈر دیا۔ بھوک خوب
چمک رہی تھی بلکہ یوں سمجھئے کہ پیٹ میں چوہوں نے باقاعد
قوالیاں شروع کر رکھی تھیں۔ کروں میں سامان رکھا ہی تھا
کہ دیٹر گرم گرم کھانا لے آیا۔ ندا نے زور سے نعرہ مارا اور
سب کھانے پر ٹوٹ پڑے۔ کھانا جیسا بھی تھا، اُس وقت بے
حد مزے دار لگا۔ بھوک لگی ہوئی ہو تو انسان ہر چیز مزے
سے کھا لیتا ہے۔ تو جناب ! ہمارا حال تو کچھ یوں تھا کہ کھانا
کھاتے ہی لیٹ گئے۔ آنٹی نے کہا بھی کہ چائے پی کر سونا مگر
آنکھیں تو نیند کے مارے بند ہوئی جا رہی تھیں۔ وجیہہ اور
ندا کا تو پتا ہی نہیں چلا کہ کب نیند کی وادی میں چلی گئیں۔
فرحان حمزہ بلال اور خیری کو بھی پریاں لوریاں دینے لگی
تھیں۔ آنٹی نے ہمت کی اور سب پر کمبل کھول کھول کر دیتی
رہیں۔ خیر ایسی گہری نیند آئی کہ کچھ نہ پوچھئے۔ صبح اچھی
خاصی سردی محسوس ہو رہی تھی۔
مری میں ہمارا قیام دو روز تک رہا۔ اس دوران ایوبیہ
کی سیر کے علاوہ پتریاٹہ میں چیئر لفٹ کے بھی خوب مزے
لیے۔ ایک روز جبکہ ہم پتریاٹہ میں تھے، بارش نے آلیا بارش
بھی خوب جسم کے بر سی۔ اس طرح سردی میں اور بھی اضافہ
ہو گیا۔ خیر دو دن ہم نے خوب سیر سپاٹے اور دھما چوکڑی
میں گزارے اور تیسرے دن صبح واپسی کا سفر شروع کیا۔ محمود
چچا نے بتایا کہ مری سے اسلام آباد واپس جاتے ہوئے راستے
میں ” چھتر“ نامی ایک خوبصورت مقام آتا ہے۔ لہذا وہاں بھی
کچھ دیر ٹھہریں گے۔ بچوں کو بس ایسی ہی خبر چاہیے، فرحان
نے زور کا نعرہ لگایا ""ہر ا؟ محمود چچا زندہ باد!""
چھتر "" مری اسلام آباد روڈ پر 30 کلو میٹر کے فاصلے
پر ہے۔ یہاں بلند و بالا پہاڑی چوٹیوں کے درمیان ندی بہتی
ہے۔ اب یہاں بہت ہی اچھا پارک بھی بنایا گیا ہے۔ ہم تقریباً
د گھنٹے یہاں گھومتے پھرتے رہے پھر اس کے بعد ہم اسلام
آباد کی طرف روانہ ہو گئے۔ اسلام آباد پاکستان کا دارالخلافہ 
رنے کے ساتھ ساتھ نہایت خوبصورت اور قابل دید شہر
ہے یہ چاروں طرف سے سرسبز پہاڑیوں میں کھرا ہوا ہے۔
آپ کو معلوم ہو گا کہ اسلام آباد سے پہلے کراچی ہمارا
دارالخلافہ تھا۔ اسلام آباد میں حکومت پاکستان کے تمام اہم
اداروں کی عمارتیں واقع ہیں۔ یہاں پہاڑی مقامات میں
شکر پڑیاں“ اور ”مارگلہ ہلز “ نہایت قابل دید ہیں۔ یہاں سے
پورے اسلام آباد شہر کا نظارہ کیا جا سکتا ہے۔ مارگلہ ہلز“ کے
دامن میں چڑیا گھر بنایا گیا ہے۔ آپ کے لیے شاید یہ بات
حیرت کا باعث ہو کہ اسلام آباد کی پہاڑیوں میں چیتے کی ایک
نایاب نسل بھی پائی جاتی ہے۔ قومی اسمبلی اور سپریم کورٹ
کے علاوہ قائد اعظم یونیورسٹی' علامہ اقبال اوپن یونیورسٹی اور
اسلام آباد سپورٹس کمپلیکس بھی اسی شہر میں واقع .
ساتھ ہی راول جھیل ہے جس پر ڈیم بنایا گیا ہے۔ اس
خوبصورت جھیل میں کشتی رانی کے علاوہ لوگ مچھلیوں کا شکار
بھی کرتے ہیں۔ سپورٹس کمپلیکس کے قریب ہی روز اینڈ
یا کمین گارڈن“ ہے جو واقعی دیکھنے کے قابل ہے۔ یہاں بہت
کی آرٹ گیلریز اور میوزیم بھی واقع ہیں۔ 
اگلے روز ہم نے سامان سمیٹا اور جلدی سے ایبٹ آباد
کے لیے روانہ ہو گئے۔ رات تقریبا 9 بجے ہم ایبٹ آباد پہنچ
گئے۔ خوبصورت پہاڑی وادیوں میں گھرے ہوئے اس شہر کی
بات ہی کچھ اور ہے۔ رات کے وقت اس شہر کا نظارہ بہت ہی
قابل دید تھا۔ یوں لگ رہا تھا کہ جیسے ہر طرف پہاڑوں پر
چمراناں ہو رہا ہو۔ محمود چچا نے ایک جگہ دین ٹھہرائی اور
سامنے پی سی او سے فون کرنے چلے گئے۔ واپس آئے تو ان
کے ہاتھ میں سیبوں، کیلوں اور انگوروں سے بھری ہوئی
نوکری بھی ساتھ تھی۔ مقامی ہوٹل میں کمرے بک کرائے جا
چکے تھے۔ سیدھے وہیں پہنچے اور کھانا کھاتے ہی اپنے اپنے
کمبل اوڑھے اور جلدی سے جا پہنچے نندیا پور۔
ایبٹ آباد صوبہ سرحد کا اہم شہر ہے یہاں کی آب و
ہوا نہایت معتدل اور ٹھنڈی ہے۔ صبح سمندر سے تقریباً 4
ہزار فٹ بلند اس شہر میں سیاح لوگ بہت آتے ہیں۔ ایبٹ
آباد کو شمالی علاقوں کا گیٹ وے“ کہا جاتا ہے۔ اس لیے کہ
یہیں سے کاغان، ناران اور دوسرے شمالی علاقوں کی طرف
راستہ جاتا ہے۔ ایک سڑک نتھیا گلی، چھانگا گلی اور ڈونگا گلی
کی طرف جاتی ہے اور ایک راستہ مظفر آباد آزاد کشمیر کی طرف
نکتا ہے۔ مطلع صاف ہو تو ایبٹ آباد سے کاغان ناران اور نانگا
پربت کی برف پوش چوٹیوں کا دلفریب منظر بھی نظر آتا
ہے۔ ایبٹ آباد میں فوجی چھاؤنی بھی ہے اس کے علاوہ یہاں
بہت سے کیڈٹ اور انگلش میڈیم سکول اور کالج واقع ہیں۔
اگلے روز ہم نے ایبٹ آباد کی الیاس مسجد "" اور شملہ
بیاری کی سیر کی۔ دوپہر کا کھانا بنوا کر ساتھ لے گئے تھے۔
الیاسی مسجد“ دیکھنے کے قابل ہے، یہ مسجد بڑے خوبصورت
انداز میں ایک پہاڑی چشمے پر بنائی گئی ہے۔ شملہ پہاڑی کی سیر
سے بھی بہت محظوظ ہوئے۔ دوپہر کا کھانا وہیں درختوں کی
کھنی چھاؤں میں کھایا۔ شام کو واپس شہر آئے اور رات گئے
تک بازار کی رونق دیکھتے رہے۔ آنٹی نے اپنے لیے چند ایک
ثالیں بھی خریدیں جب کہ محمود چچا نے ہمیں گرما گرم
پکوڑے اور چپلی کباب کھلائے۔
اگلے روز صبح سویرے ہم ایبٹ آباد سے روانہ ہو
گئے۔ آئی نے صبح اٹھتے ہی گرم کپڑے تیار کر رکھے تھے۔ کچھ
کچھ سردی تو تھی ہی البتہ بالا کوٹ تک پہنچتے پہنچتے سردی میں
اور بھی اضافہ ہو گیا۔ پہلے مانسہرہ آیا۔ خوبصورت پہاڑیوں پر
آباد یہ شہر کچھ اپنی ہی پہچان رکھتا ہے۔ یہاں سے شاہراہ
قراقرم جسے شاہراہ ابریشم بھی کہا جاتا ہے، شروع ہوتی ہے جو
ہ خنجراب سے گزرتی ہوئی ہمارے ہمسایہ ملک چین میں
داخل ہوتی ۔ شاہراہ قراقرم انسانی کاریگری اور ہمت و
ہے۔
بہادری کا اعلیٰ نمونہ ہے۔ اتنے دشوار پہاڑی علاقے میں سے
شاہراہ کی تعمیر واقعی ایک بڑا کارنامہ ہے۔ یہاں سے ایک
دره
.
دوسری سڑک بالا کوٹ کی طرف جاتی ہے۔
ہم مانسہرہ سے گڑھی حبیب اللہ پہنچے جو بالا کوٹ ۔
14 کلو میٹر کے فاصلے پر ہے۔۔ خوبصورت قصبہ دریائے
کنہار کے کنارے آباد ہے۔ اس دریا کا پُر شور پانی بڑے سرکش
انداز میں پتھروں سے ٹکراتا اور جھاگ اڑاتا ہوا ایک عجیب
منظر پیش کرتا ہے۔ یہ سارے خوبصورت مناظر دیکھتے اور
خوش گپیاں کرتے ہوئے ہم بالا کوٹ پہنچ گئے۔ ریسٹ ہاؤس
میں ہمارا قیام تھا۔ دوپہر ہو رہی تھی اور بھوک بھی خوب
چپکی ہوئی تھی۔ جلدی سے کھانا کھایا اور تازہ دم ہو کر محمود چچا
کی سربراہی میں بچوں کا قافلہ بالا کوٹ شہر دیکھنے کے لیے
روانہ ہولہ محمود چچا بتا رہے تھے کہ یہی وہ مقام ہے جہاں
تحریک آزادی کے رہنما سید احمد بریلوی اور شاہ محمد اسماعیل
اپنے ساتھیوں سمیت جہاد کرتے ہوئے شہید ہوئے تھے۔
پہلے ہم انہی شہداء کے مزار پر پہنچے اور فاتحہ پڑھی پھر کچھ دیر
کے لیے بالا کوٹ کے بازار میں گھومتے رہے۔ یہ شہر پرانی
طرز کہاں ہے
اور ہاں ہم بھی آپ کو تاکید کریں گے کہ بھی ان
خوبصورت پہاڑی علاقوں کی سیر ضرور کیجئے گا۔ اپنے دیس کی
میر تو ضرور کرنی چاہیے تا۔ کیا خیال ہے آپ کا؟",2036
P4_2007_050,Naunahal,2007,محبت اور انسان,"پیار، محبت اور دوستی کتنے شیریں الفاظ ہیں جو انسان کے ذہن اور دل میں مٹھاس گھول
دیتے ہیں ۔ محبت کرنا ہر انسان کے مزاج میں ، اس کے احساس و جذبات میں شامل ہے ۔ جو
انسان محبت سے عاری ہے یا محبت کرنا ہی نہیں جانتا وہ اچھا انسان نہیں بن سکتا۔ اللہ تعالیٰ ہر
انسان کی روح میں شامل ہے اور اس کے دل میں رہتا ہے۔
اللہ تعالیٰ کے وہ نیک بندے جو اس کی عبادت دن رات کرتے ہیں ، وہ اپنے رب سے
قریب ہونے کی تمنا کرتے ہیں ۔ وہ عبادت اور دعاؤں کو اللہ تعالیٰ سے گفتگو کرنے کا وسیلہ بناتے
ہیں اور اس طرح اللہ تعالیٰ کی محبت میں ڈوب جاتے ہیں۔ اس جذبہ محبت کو عشق حقیقی کہتے
ہیں ۔
کسی کی خوشی کی خاطر ا چھے کام کرنا ، کسی اپنے کا خیال رکھنا ، اس کی پروا کر نا ،فکر کرنا ، اس کی
پریشانی میں پریشان ہوتا ، اس کی خوشی میں خوش ہوتا ، اس کی تکلیف میں اس کی خاطر اپنے دل میں
بے قراری ، بے چینی محسوس کرنا یہ سب محبت میں شمار ہوتا ہے۔
وہ عزیز ترین ہستیاں جو ہمارے ساتھ رہتی ہیں، ان کو خوش رکھنے کی خواہش رکھنا ، ان کو
آرام اور سکون پہنچانے کی کوشش کرنا ، ان کی کہی ہوئی باتوں کو احکام کا درجہ دینا ، ان کی قدر کرنا ،
خدمت کرنا ، عزت کرنا ، ان سب باتوں سے محبت ظاہر ہوتی ہے۔
محبت کا پہلا سبق ایک دوسرے کی عزت و احترام اور ایک دوسرے کے احساسات و
جذبات کا خیال رکھنا ہے ۔ ہمارے دل میں کسی کی عزت اور اس کا احترام نہ ہو تو اس شخصیت سے
اُنس یا محبت کا رشتہ قائم نہیں ہوسکتا ۔
یہ پیار اور عزت و احترام ہی ہے کہ ہم ان کاموں اور باتوں کو اہم سمجھتے ہیں جو ہمارے
پیاری بستیوں کو پسند ہوتی ہیں ۔ محبت اس وقت مکمل ہوتی ہے جب کسی کی صرف اچھائیوں اور
خوبیوں کے لیے ہی نہیں ، بلکہ اس کی خامیوں اور برائیوں کے ساتھ اس سے محبت کی جائے۔
محبت زندگی کی روشنی ہے۔ محبت کے جذبے کا اظہار کرنا ایک بہت خوب صورت خیال
ہے۔ اس اظہار محبت میں ہم اپنے لفظوں سے ، اپنے رویوں اور برتاؤ سے یہ یقین دلاتے ہیں کہ
ہمیں اپنی عزیز ترین ہستیوں سے کتنا پیار ہے، ان کا کتنا خیال اور ان کی کتنی فکر ہے ۔ یہ اظہار محبت
انسانوں کو ایک دوسرے سے قریب کرتا ہے اور انسان اپنے بہترین سلوک کے ذریعے سے اظہار
محبت کر کے پرندوں ، چرندوں اور درندوں
کو بھی اپنا بنا لیتا ہے۔
آج کے دور میں جب انسان نے اپنے گرد مصروفیت کا تانا بانا کچھ اس طرح بُنا ہے کہ اکثر
اوقات وہ اپنے آپ کو بھی بھول جاتا ہے، اظہار محبت کرنا زندگی کے رشتوں کو اور دنیا کو حسین
ترین بنا دیتا ہے۔",489
P4_2007_051,Naunahal,2007,اللہ پر بھروسہ,"دکھ ہو یا سکھ ہر حال میں اللہ تعالیٰ پر توکل یا بھروسا کرنا ایک ایسی صفت ہے جو اللہ تعالیٰ کو
بہت پسند ہے اور اس نے قرآن مجید میں فرمایا کہ جو شخص
اللہ پر بھروسا کرتا ہے، اللہ اس کے لیے
کافی ہے۔ اللہ تعالی پر بھروسا کرنے کی دو صورتیں ہیں۔ ایک یہ کہ آدمی اپنا ہر کام محنت اور توجہ
سے کرے، مگر اپنی محنت اور کوشش کا نتیجہ اللہ پر چھوڑ دے اور بھلائی کی امید رکھے ۔ دوسری
صورت یہ ہے کہ نیکی کا کام کرتے ہوئے اللہ کے سوا کسی سے نہ ڈرے۔ بڑی سے بڑی مصیبت
میں بھی اللہ پر بھروسا ر کھے اور یہ یقین رکھتے ہوئے کہ اللہ ہی اس کی حفاظت کرنے والا ہے،
ہر مصیبت کا ہمت سے مقابلہ کرے۔
جب ہمارے رسول پاک صلی اللہ علیہ وسلم نے لوگوں کو اللہ کی طرف بلانا شروع کیا اور ان کو
بتوں کی پوجا کرنے اور برے کام کرنے سے منع کیا تو ملے کے وہی لوگ جو آپ کی تعریفیں کرتے
نہیں جھکتے تھے، آپ کے دشمن بن گئے اور آپ کو طرح طرح سے ستانے میں کوئی کسر اٹھا نہ رکھی،
لیکن آپ نے ہمیشہ اللہ تعالی پر بھروسا رکھا، ہر قسم کی مصیبتیں اور تکلیفیں بڑے حو صلے سے برداشت
کیں اور کسی خوف یا گھبراہٹ کو دل میں لائے بغیر لوگوں کو اللہ کی طرف بلاتے رہے۔ ہر حال میں
اللہ تعالیٰ پر بھر و سار کھنے کا جو نمونہ آپ کی پاک زندگی میں ملتا ہے اس کی چند جھلکیاں ملاحظہ کیجیے :
جس زمانے میں رسول پاک صلی اللہ علیہ وسلم نے میلے کے لوگوں کو اسلام کی دعوت دینے کا
آغاز کیا، آپ اکیلے ہی حرم کعبہ میں چلے جاتے تھے اور وہاں سب کے سامنے اللہ کی عبادت
کرتے رہتے ۔ ایک بار چند شریر کافروں نے منصو بہ بنایا کہ جب آپ حرم شریف میں آئیں تو وہ
آپ کو شہید کر دیں ۔ آپ کو ان کے منصوبے کی اطلاع مل گئی لیکن آپ نے کچھ پروا نہ کی اور
وضو کر کے اللہ کے بھروسے پر بے دھڑک حرم شریف میں تشریف لے گئے ۔ آپ کا حوصلہ دیکھ کر
کسی کو آپ پر ہاتھ اٹھانے کی جرات نہ ہوئی۔
مکے سے ہجرت فرما کر رسول پاک صلی اللہ علیہ وسلم چند میل کے فاصلے پر ٹور پہاڑ کے ایک غار
میں مقیم ہوئے ۔ دوسرے دن ملکے کے چند کا فرآپ کو تلاش کرتے کرتے غار کے منہ پر پہنچ گئے ۔
غار میں آپ کے پیارے ساتھی حضرت ابو بکر صدیق رضی اللہ تعالی عنہ نے ان کا فروں کو دیکھ لیا
اور گھبرا کر بولے: یا رسول الله ؟ اگر یہ لوگ ذرا جھک کر دیکھیں گے تو ہم ان کو نظر آ جائیں گے ۔
آپ نے فرمایا: ”غم نہ کرو، اللہ ہمارے ساتھ ہے۔“
اور پھر واقعی اللہ نے آپ کی مددفرمائی اور کا فرآپ
کو دیکھ ہی نہ سکے ۔
غار ثور میں تین رات قیام کے بعد آپ مدینے ( بیٹرب) کی طرف روانہ ہوئے تو ایک
عرب قبیلے مذلج کے سردار سراقہ بن بعشم نے گھوڑے پر سوار ہو کر آپ کا تعاقب کیا۔ حضرت
ابو بکر صدیق پیچھے مڑ مڑ کر دیکھتے جاتے تھے۔ سراقہ کے قریب پہنچنے پر انھوں نے رسول پاک سے
کہا: ""یا رسول اللہ اہمارا پیچھا کرنے والا ہمارے بہت قریب آ گیا ہے۔""
آپ نے اطمینان سے جواب دیا: ” کچھ فکر نہ کرو، اللہ ہماری حفاظت کرنے والا ہے ۔“
اور پھر واقعی اللہ نے آپ کی حفاظت کی اور سراقہ کو نا کام واپس جانا پڑا۔
ہجرت کے بعد مدینے میں آپ کے گھر کے باہر صحابہ پہرا دیا کرتے تھے تا کہ کوئی دشمن آپ
کو نقصان نہ پہنچائے ۔ ایک رات آپ نے اپنا سر مبارک باہر نکال کر صحابہ کو پہرا دیتے ہوئے
دیکھا تو فرمایا: ”لوگو! واپس جاؤ میری حفاظت اللہ کرے گا۔“
ایک رات مدینے کے ایک حصے میں بڑا شور اُٹھا۔ شہر کے لوگوں نے سمجھا کہ کسی دشمن نے
حملہ کر دیا ہے۔ وہ فورا تیار ہو کر اس طرف دوڑے جدھر شور ہو رہا تھا۔ تھوڑی ہی دور گئے تھے کہ
انھیں رسول پاک صلی اللہ علیہ وسلم گھوڑے پر سوار شہر واپس آتے ہوئے ملے ۔ آپ لوگوں کے
تیار ہونے سے پہلے ہی اللہ کے بھروسے پرا کیلئے شور والی جگہ تشریف لے گئے تھے ۔ آپ نے
صحابہ سے فرمایا: ” میں شہر کے باہر دیکھ آیا ہوں، کوئی خطرے کی بات نہیں ، چلو واپس چلیں ۔“
ایک بار ایک مہم سے واپس آتے ہوئے رسول پاک صلی اللہ علیہ وسلم اور آپ کے ساتھیوں
نے ایک جگہ پڑاؤ ڈالا اور سب لوگ ادھر ادھر درختوں کے نیچے سو گئے ۔ رسول پاک سبھی ایک
درخت کے نیچے سورہے تھے کہ ایک کا فربد و ننگی تلوار ہاتھ میں لیے آیا اور آپ کو جگا کر کہنے لگا:
اب تم کو کون بچائے گا ؟""
آپ صلی اللہ علیہ وسلم نے فرمایا : "" اللہ ""
اتنا سختے ہی بدو پر کپکپی طاری ہو گئی اور تلوار اس کے ہاتھ سے گر پڑی۔ آپ نے وہی تلوار
اُٹھا کر اس سے پوچھا: ’اب تجھے کون بچائے گا ؟‘‘
ڈر کے مارے اس کی زبان گنگ ہو گئی ۔ آپ نے فرمایا: ""جاؤ میں بدلہ نہیں لیا کرتا۔
ایک بار ایک صحابی نے رسول پاک صلی اللہ علیہ وسلم سے گفتگو کرتے ہوئے کہہ دیا : ”جو
اللہ چاہے اور آپ چاہیں ۔“
آپ صلی اللہ علیہ وسلم نے فرمایا: "" تو نے مجھے اللہ کا شریک اور ہمسر بنا دیا ۔ یوں کہو جو اللہ
تعالی چاہے ۔‘ مطلب یہ کہ ہر معاملے میں صرف اللہ تعالیٰ پر بھروسا کرنا چاہیے کہ جو اس کو منظور
ہو گا وہی ہوگا ، وہ ہر انسان کا دل کا حال جانتا ہے۔
رسول پاک صلی اللہ علیہ وسلم کے مدینہ تشریف لانے کے بعد بھی ملے کے کافر، مدینے کے
یہودی اور منافق آپ کے خلاف سازشوں اور شرارتوں میں مشغول رہے، جس کے نتیجے میں
مسلمانوں اور کافروں کے درمیان کئی لڑائیاں ہوئیں ۔ سخت مشکلات اور مصیبتوں میں رسول
پاک صلی اللہ علیہ وسلم نے ہمیشہ اللہ پر بھروسا کیا ۔ کبھی دشمن کی تعداد کو خاطر میں نہ لائے اور نہ کبھی
اس کے ساز و سامان اور فوجی طاقت کی پروا کی ۔",1046
P4_2007_052,Naunahal,2007,کرکٹ کی راکھ,"کرکٹ جیسے منصفانہ کھیل میں یہ راکھ کا لفظ کہاں سے آ گیا ؟ یہ دل چسپ واقعہ بھی
کرکٹ کی تاریخ میں یادر ہے گا۔
ہوایوں کہ ۱۸۸۲ء میں انگلینڈ کو اپنی ہی سرزمین پر آسٹریلیا کے ہاتھوں کرکٹ میں
شکست فاش ہوئی۔ ایک انگریزی رسالے نے اس خبر کا مذاق اڑاتے ہوئے لکھا کہ انگلش کرکٹ
کے جسم کو راکھ (خاکستر ) کر کے آسٹریلیا لے جایا گیا ، اب ہمیں آسٹریلوی سرزمین پر ہی کرکٹ
میں آسٹریلیا کو ایسی ہی شکست دے کر یہ راکھ واپس لانی ہوگی ۔ کرکٹ کے سامان کو آگ لگا کر
اس کی راکھ ایک خوب صورت چینی کے راکھ دان میں رکھ کر سجائی گئی ۔ اس طرح انگلینڈ اور
آسٹریلیا کے درمیان یہ تاریخی مقابلے ایک نہایت دل چسپ چیلنج بن گئے ۔ اب بھی یہی ہوتا ہے۔
مقابلہ بڑے شد ومد سے ہوتا ہے۔ کبھی یہ راکھ دان آسٹریلیا سے انگلینڈ آ جاتا ہے اور کبھی انگلینڈ
سے آسٹریلیا چلا جاتا ہے۔ کچھ عرصے پہلے یہ تاریخی راکھ دان نمائیش کے لیے ایم سی سی (MCC)
کے ساتھ پاکستان بھی آچکا ہے۔ لوگوں نے اور خصوصاً کرکٹ کے شائقین نے یہ نمایش بہت
شوق سے دیکھی ۔ ایشنز (THE ASHES) کے مقابلے آج کل بھی ہوتے رہتے ہیں اور بہت شوق
سے دیکھے جاتے ہیں ۔
یار کر
گیند پھینکنے کی ایک ترکیب YORKER ( یار کر ) کہلاتی ہے۔ اس کی ابتدا بھی بڑی دل
چسپ ہے۔ کچھ عرصہ ہوا کہ لندن سے ہوائی جہاز کی ایک پرواز سیدھی نیو یارک جاتی تھی اور راستے
میں کہیں نہیں ٹھیرتی تھی۔ عرف عام میں اس پرواز کا نام ""یار کر پڑ گیا۔ یہ براہ راست فلائٹ تو
بند ہوگئی ،مگر کرکٹ کے سلسلے میں لوگوں کو یہ لفظ اب بھی یاد ہے ۔ یار کر ایسی پھینکے جانے والی گیند کو
کہتے ہیں جو بولر کے ہاتھ سے چھوٹ کر بلے باز کے بلے کے بالکل قریب جا کر گرتی ہے۔
کرکٹ کی ابتدا
کرکٹ کا لفظ پہلی مرتبہ ۱۵۹۸ء میں تاجروں کی ایک انجمن ( گلڈ ) میں استعمال ہوا۔ یہ بادشاہ ہنری
ہشتم کا زمانہ تھا۔ لندن کے قریب ایک سرسبز علاقے میں ایک قطعہ زمین ایک تاجر مسٹر جان ڈنوک کی ملکیت
تھا۔ اس قطعہ زمین پر یہ صاحب اپنے دوستوں کے ساتھ گیند بلا کھیلتے تھے۔ ان صاحب نے یہ جگہ اسی کھیل
کے لیے وقف کر دی۔ اس زمانے میں اس گیند بلے کے کھیل کو کرکٹ (CRICKET) کہتے تھے۔",406
P4_2007_053,Naunahal,2007,قائداعظم کی زندگی,"بانی پاکستان حضرت قائد اعظم محمد علی جناح کراچی میں ۲۵ دسمبر ۱۸۷۶ء میں پیدا ہوئے تو
اس وقت یہ متحدہ ہندستان کا حصہ تھا اور اس وقت پورے ہندستان پر انگریزوں کی حکومت تھی ۔ یہ
مسلمانوں کے لیے تاریکی کا دور تھا۔ کسے معلوم تھا کہ غلامی کے اس اندھیرے میں پیدا ہونے
والا یہ بچہ کل بر صغیر کے مسلمانوں کی آزادی اور علاحدہ ملک کا بانی بنے گا۔
قائد اعظم اپنے والدین کی سب سے بڑی اولاد تھے ۔ ان کے دوسرے بہن بھائیوں
میں احمد علی اور بندے علی مشہور نہیں ہوئے ۔ محترمہ فاطمہ جناح ہمیشہ اپنے بھائی قائد اعظم کے
ساتھ رہیں ۔ مریم جناح اور شیریں جناح بھی مشہور نہیں ہوئیں ۔ ہاں، البتہ محترمہ فاطمہ جناح
کے انتقال کے بعد جائداد کے سلسلے میں محترمہ شیریں جناح عام لوگوں کے سامنے آئیں۔
قائد اعظم کے ایک اور بھائی بچو بھی تھے ، جن کا بچپن میں انتقال ہو گیا تھا۔
قائد اعظم کے ماموں قاسم موسیٰ نے اپنے بھانجے کا نام محمد علی رکھا۔ جناح پونجا کے گھرانے
میں عموماً ہندو گھرانوں کی نسبت سے نام رکھنے کا رواج تھا، مگر یہ پہلا موقع تھا کہ اس بچے کا نام
خالص اسلامی رکھا گیا۔ جناح عربی زبان کا لفظ ہے جس کے معنی بازو کے ہیں ۔
قائد اعظم بچپن میں عام بچوں کی طرح کھیل کود میں حصہ لیتے رہے۔ وہ بچپن ہی سے
نفاست پسند تھے اور ہر چیز کو معیار کے مطابق جانچنے کی عادی تھے ۔ کھیلوں کے انتخاب میں
انھوں نے کرکٹ کو اہمیت دی، کیوں کہ اس کھیل سے انسان جسمانی طور پر چاق چوبند رہتا ہے
اور کپڑے اور ہاتھ بھی گندے نہیں ہوتے ۔
اس کے مقابلے میں انھیں گولیاں کھیلنے سے کبھی دل چسپی نہیں رہی۔ وہ اپنے ساتھیوں کو بھی
اس کھیل سے منع کرتے تھے ، کیوں کہ ان کا خیال تھا کہ اس سے ہاتھ اور کپڑے، دونوں گندے
ہو جاتے ہیں ۔
انھیں کرکٹ کے ساتھ ساتھ پتنگ بازی کا بھی شوق رہا، مگر ایک واقعہ ایسا ہوا جس سے
ساتھ کا رہا، ہوا
انھیں اس کھیل نے ایسا سبق دیا کہ وہ اسے ساری زندگی نہیں بھولے۔ ہوا یوں کہ ایک بار جب وہ
پتنگ اُڑانے میں مصروف تھے اور ان کی ساری توجہ آسمان کی طرف تھی جہاں ہر طرف پتنگ تھے،
کسی نے زمین پر رکھی ان کی ڈور کو درمیان سے کاٹ دیا۔ قائد اعظم پتنگ اُڑاتے ہوئے ڈھیل
دیتے گئے اور پھر اچانک ڈور کا آخری سرا ان کے ہاتھ سے نکل گیا۔
اب پتنگ نا معلوم سمت کی طرف جارہا تھا۔ اس واقعے سے انھوں نے نتیجہ نکالا کہ آسمان کی
طرف نظر رکھنے والوں کو زمین اور اس کے اطراف سے بھی باخبر رہنا چاہیے ، ورنہ ہر وقت نقصان
کا خطرہ رہتا ہے۔
جب قائد اعظم کی عمر سات سال ہوئی تو ان کے والد نے انھیں ان فینیٹ ورنا کیولرمشن
اسکول (Infant Vernacular Mission School) میں داخل کرا دیا جو بولٹن مارکیٹ کراچی کے
قریب تھا۔ اسے ہم دیسی زبان میں مشن اسکول برائے اطفال بھی کہہ سکتے ہیں ۔ قائد اعظم نے
یہاں گجراتی کی تعلیم چوتھی جماعت تک مکمل کی۔
اس کے بعد 4 جولائی ۱۸۸۷ء میں ان کا داخلہ سندھ مدرستہ الاسلام میں کرا دیا گیا ۔ اس
مدرسے کو خان بہادر حسن علی آفندی نے سرسید احمد خان کی علی گڑھ تعلیمی تحریک سے متاثر ہو کراچی
میں قائم کیا تھا۔ چند ماہ بعد وہ سندھ مدرستہ الاسلام چھوڑ کر بمبئی چلے گئے۔ یہ ان کی زندگی کا پہلا
طویل بحری سفر تھا۔ بمبئی میں ان کا داخلہ انجمن اسلام ہائی اسکول کی پہلی جماعت میں ہوا۔ یہاں
انھیں ماں کی یا دستائی تو وہ جلد ہی دوبارہ کراچی آگئے ۔ انھوں نے سندھ مدرستہ الاسلام میں ۲۳
دسمبر ۱۸۸۷ء کو دوبارہ داخلہ لیا۔ یہاں انھوں نے چوتھی جماعت تک مسلسل تعلیم حاصل کی۔ چند
نا معلوم وجوہات کی بنا پر وہ طویل عرصے غیر حاضر بھی رہے تو ان کا نام اسکول کے رجسٹر سے
خارج کر دیا گیا، مگر پھر وہ تیسری بار اس اسکول میں داخل ہوئے اور امتحان میں بیٹھے تو انھوں نے
نمایاں کام یابی حاصل کی ۔ اس سے ایسا لگتا ہے کہ وہ غیر حاضری کے دوران گھر پر تعلیم حاصل
کرتے رہے تھے۔
جب ان کی عمر ۱۶ سال ہوئی تو ان کے والد نے انھیں لندن بھیجوانے کا ارادہ کیا۔ اسی
دوران ان کا داخلہ چرچ مشن ہائی اسکول کراچی میں ہوا ۔ چرچ مشن اسکول کے انگریز پرنسپل،
قائد اعظم کی ذہانت سے اس قدر متاثر ہوئے کہ انھوں نے ۸ مئی ۱۸۹۲ء کو انھیں چھٹی جماعت
میں داخلہ دے دیا۔ اسی سال قائد اعظم محمد علی جناح کے والد جناح پونجاہ اپنے کار بار کولندن میں
بھی پھیلا رہے تھے اور اس سلسلے میں انھیں اپنے سب سے بڑے بیٹے محمد علی جناح کی مدد کی
ضرورت پڑی تو انھوں نے اسے انگلستان بھجوانے کے انتظامات شروع کیے۔
انگلستان بھجوانے سے قبل ان کی والدہ کا اصرار تھا کہ پہلے محمد علی کی شادی کر دی جائے اور
پھر انگلستان بھیجا جائے ۔ اس کی وجہ یہی تھی کہ وہ انگلستان سے شادی کر کے کوئی مہم نہ لے
آئیں۔ ابھی چرچ مشن اسکول کے چھٹی جماعت کے امتحان میں کچھ وقت باقی تھا کہ ان کی
شادی کی تیاریاں شروع ہو گئیں۔ انھوں نے چرچ مشن اسکول کو ۳۱ - اکتو بر۱۸۹۲ء کو چھوڑ دیا۔
اسی دوران ان کی شادی ایمی بائی سے ہو گئی۔
لندن جانے اور وہاں ٹھیرنے کے بارے میں قائد اعظم کے ایک مورخ جناب رضوان
احمد تحریر کرتے ہیں کہ انگلستان میں نوعمر محمد علی کی کار باری کوششیں ناکام رہیں ۔ انھوں نے والد کو
لکھا کہ مجھے لندن میں ہی رہنے کی اجازت دی جائے تا کہ میں یہاں قانون کی تعلیم حاصل کر
سکوں۔
اجازت ملنے کے بعد جب انھوں نے داخلہ لینے کے بارے میں سوچا تو پتا چلا کہ وہ تو
میٹرک پاس بھی نہ تھے۔ وہ جب کراچی میں چھٹی جماعت میں تھے تو انھوں نے چرچ مشن اسکول
چھوڑ دیا تھا۔ اس زمانے میں سندھ میں میٹرک دسویں کو نہیں ساتویں کو کہتے تھے ۔ ابھی میٹرک
کے امتحان میں ڈیڑھ سال کی کمی تھی۔ قائد اعظم نے بڑی محنت سے اس کی تیاری کی اور ڈیڑھ
سال کی کمی کو چند ہفتوں میں پورا کیا۔
تیاری کے بعد وہ اس ابتدائی امتحان میں شریک ہوئے اور کام یاب ہو گئے ۔ ۵ جولائی
۱۸۹۳ء کو انھیں لیکن انز میں داخلہ مل گیا اور پھر وہ بیرسٹر بن کر ہندستان واپس آئے اور وکالت
کے میدان میں کام یابی کے جھنڈے گاڑے۔
ان کی وکالت کی کام یابی کا سب سے بڑا ثبوت پاکستان ہے، جسے انھوں نے ایک گولی
چلائے بغیر ہندوؤں اور انگریزوں سے حاصل کر دکھایا۔",1118
P4_2007_054,Naunahal,2007,روشنی کا مینار,"سرکار دو عالم صلی اللہ علیہ وسلم کی تعلیمات اور ہدایات کے بہت سے گوشے ہیں، بہت سے
پہلو ہیں ۔ آپ کی سیرت پاک ایک ایسا سمندر ہے جس کا کوئی کنارہ نہیں۔ آپ کی ساری زندگی
اور اس کا ہر ہرلمحہ ہمارے لیے اور تمام انسانوں کے لیے روشنی کا سر چشمہ ہے ۔ ان انسانوں کے
لیے بھی جو گزر چکے ہیں، ان کے لیے بھی جو اب موجود ہیں اور ان انسانوں کے لیے جو آئندہ
دنیا میں آئیں گے حضور کی پاک زندگی نور کا ایک مینارا ہے۔
آپ کی سیرت پاک مکمل اور کامل ہے۔ بہترین نمونہ ہے۔ اس نمونے پر جو شخص جس حد
تک عمل کرتا ہے اسی حد تک وہ فائدے اٹھاتا ہے ، فلاح پاتا ہے۔ حضور ہمیں ایک معیار اور
مثال عطا کر گئے ہیں، ہمارا کام اس پر عمل کرتا ہے۔ عمل کر کے ہی اس سے فائدہ اٹھایا
جا سکتا ہے ۔ جس طرح حکیم جو نسخہ آپ کو لکھ کر دیتا ہے اس کے مطابق دوا پینے سے ہی فائدہ ہوتا
ہے، محض نسخہ لکھوا لینے یا نسخے کو رٹنے سے یا بہت خوب صورت لکھوا کر اور سجا کر رکھ دینے سے
بیماری کبھی دور نہیں ہو سکتی۔ اسی طرح حضور نے جو نسلی شفا ہمیں عطا کیا ہے اس پر عمل کر کے ہی ہم
اپنی بیماریاں اور پریشانیاں دور کر سکتے ہیں۔ محض اس کو دہراتے رہنے یا اس پر کتا نہیں پڑھنے سے
یا تقریریں سننے سے کوئی فائدہ حاصل نہیں ہو سکتا اور کچھ حاصل نہیں ہو رہا ہے۔ ہم دیکھ رہے ہیں
کہ ہماری پریشانیاں دور نہیں ہو رہی ہیں۔ ہم طرح طرح کی تکلیفوں میں مبتلا ہیں۔ دنیا میں نئے
نے فساد برپا ہو رہے ہیں ۔ لڑائی جھگڑا عام ہے۔ بے ایمانی ، دھوکا، غریب بھی عام ہے۔ امن
نہیں ہے ، سکون نہیں ہے، کوئی خوش نہیں ہے اور یہ اسی طرح رہے گا ، ہرگز ہرگز اس میں فرق نہیں
آئے گا۔ اس کی اصلاح نہیں ہو سکتی ، پریشانیاں خوشیوں سے بھی نہیں بدل سکتیں ، اس لیے کہ ہم
سرکار کے بنائے ہوئے راستے پر نہیں چل رہے ہیں۔ ہم جانتے ہیں حضور نے جھوٹ کو برا کہا
ہے، لیکن ہم خوب بولتے ہیں۔ ہم جانتے ہیں کہ وعدہ خلافی کو حضور نے منع کیا ہے، لیکن ہم وعدہ
خلافی کرتے ہیں۔ اس طرح جن جن چیزوں کو حضور نے منع فرمایا ہے ان کو ہم نہیں چھوڑتے اور
جن جن کاموں کی حضور نے ہدایت کی ہے وہ نہیں کرتے ، تو ایسی صورت میں حالات کیسے بدلیں
گے، اصلاح کیسے ہوگی ۔ خیر ، اصلاح نہ ہو، حالات نہ بدلیں ، ہم نقصان اٹھاتے رہیں ، تباہی کی
طرف جاتے رہیں ، ایک دوسرے کو تکلیف پہنچاتے رہیں ، آپس میں لڑتے رہیں ، دھوکا دیتے
رہیں ، دھوکا کھاتے رہیں، پریشان رہیں ، بدحال رہیں ، کوئی حرج نہیں ۔ اگر کوئی اپنے آپ کو
نقصان پہنچانا چاہتا ہے تو اس کو کون روک سکتا ہے، لیکن سوال یہ ہے کہ پھر حضور کا اسم مبارک
اپنی زبان پر کیوں لائیں! حضور کی تعلیمات کیوں دہرائیں! اسلام کے دعوے کیوں کریں!
سیرت نبوی کے جلسے کیوں منعقد کریں! میلاد کیوں پڑھیں ! یہ سب کس لیے ؟ کیا دنیا کو دھوکا دینے
کے لیے؟ یا اپنے آپ کو دھوکا دینے کے لیے؟ دنیا تو دھوکا نہیں کھائے گی ۔ یہ خود اپنے ہی کو دھوکا
دے رہے ہیں ، دوسروں کی نظروں میں بھی ذلیل ہو رہے ہیں اور رسول عربی کے نام لیوا بن کر
آپ کے نام
نامی کو بھی بٹا لگا ر ہے ہیں ۔
آپ لوگ ابھی کم عمر ہیں، اس لیے شاید آپ کی سمجھ میں یہ بات آ جائے ، ورنہ اخلاقی
گراوٹ نے ہم بڑوں کے دماغ تو اس قابل نہیں چھوڑے کہ ہم یہ سیدھی سادی بات سمجھ سکیں ۔
آپ اگر ابھی سے سوچیں گے ، سمجھیں گے اور سچائی پر چلنے کا ارادہ کریں گے تو کل جب
آپ تعلیم پوری کر کے زندگی کے میدان میں قدم رکھیں گے ، تو اچھے اچھے کام کر سکیں گے اور جو
برائیاں پھیل چکی ہیں ان کو ختم کر سکیں گے ۔
جن قوموں نے اچھے اصولوں پر عمل کیا ، وہ ترقی کر رہی ہیں۔ خوش ہیں ، خوش حال ہیں۔ ہمارے
پاس حضور کے عطا کیے ہوئے جو اصول ہیں ، ہم ان پر عمل کریں تو ہم فائدہ اٹھا سکتے ہیں۔",732
P4_2007_055,Naunahal,2007,والدین کی خدمت,"دنیا میں سب سے زیادہ مہربان اور
ہمدرد ہیں تو والدین ، ماں کی ممتا اور باپ کی
شفقت ، مگر ان کے سامنے دوستوں کی دوستی
اور رشتے داروں کی رشتے داری کوئی اہمیت
نہیں رکھتی ۔ بہن، بھائی ، رشتے دار، دوست
آشنا کسی نہ کسی وقت دنیا کے بعض معاملات
میں مخالف اور دشمن بن جاتے ہیں، مگر
والدین اپنی اولاد سے بھی دشمنی نہیں کرتے ۔
ماں بڑی محنت سے بچوں کی پرورش
کرتی ہے۔ اولاد کی ذراسی تکلیف ماں کی
جان پر بن جاتی ہے خود تکلیف اٹھا کر اولاد کی
خوشیوں کا سامان کرتی ہے۔
باپ اولاد کی پرورش کے لیے ملازمت
کرتا ہے اور طرح طرح کی تکلیف اٹھا کر
ر پیہ کماتا ہے، پھر بچوں کی پرورش ، تعلیم اور
صحت پر فراخ دلی سے خرچ کرتا ہے۔
پروردگار عالم نے اسی لیے قرآن مجید
میں والدین کی خدمت کی سخت تلقین فرمائی
ہے۔ یہ حقیقت ہے کہ دنیا میں سب سے بڑی
نیکی والدین کی خدمت ہے ۔ ماں باپ کو خوش .
کرنا، اللہ اور رسول کو خوش کرنا ہے ۔ مبارک
ہے وہ اولاد، جو اپنے والدین کی خدمت کرنا
فرض اولین خیال کرتے ہیں ۔
ہم لوگوں کو اچھی طرح یاد رکھنا چاہیے
کہ ماں باپ ہی کی خوشی اور نا خوشی ہم لوگوں
کی کام یابی و بربادی کی وجہ ہے، اس لیے
لازم ہے کہ جان، زبان اور فعل سے ہم ان
کی اطاعت کریں ۔",240
P4_2007_056,Naunahal,2007,سائنس کی معلومات,"سورج کی شعاعوں سے حیا تین د ( وٹامن ڈی ) حاصل ہوتا ہے۔
القانون فی الطلب عظیم حکیم اور سائنس داں حکیم بو علی سینا کی تصنیف ہے۔
سرجری کا فن اہل یورپ نے مسلمان سائنس داں ابو القاسم الزاہروی سے سیکھا۔
نظریہ کواٹم  سائنس داں میکس پلانک نے پیش کیا تھا۔
کشش ثقل کا نظریہ سائنس داں آئزک نیوٹن نے پیش کیا تھا۔
بلیک ڈیتھ ( سیاہ موت ) طاعون کو کہا جاتا ہے۔
ایک بحری میل میں ۱۸۵۳ میٹر ہوتے ہیں۔
پانی میں جراثیم کو ختم کرنے کے لیے کلورین گیس استعمال کی جاتی ہے۔
تجربہ گاہوں میں جانوروں کو فورے لین  سلوشن میں محفوظ کیا جاتا ہے۔
ایک بالغ انسان کا دل ایک منٹ میں بہتر (۷۲) مرتبہ دھڑکتا ہے۔
دل سے جسم کو خون لے جانے والی رگیں ( نالیاں) شریا نہیں ( آرٹریز ) کہلاتی ہیں ۔
پہلا انسان نیل آرم اسٹرانگ ۱۹۶۹ء میں چاند پر اترا تھا۔
ایسی ٹک ایسڈ (Acetic acid) کا دوسرا نام سرکہ ہے۔
کر پٹوگرافی سے مراد خفیہ طریقہ تحریر ہے۔
اس پہلے سائنس داں کا نام ابن نفیس تھا جس نے جسم میں دورانِ خون کا نظریہ پیش کیا۔
یورینیم دھات سے جوہری توانائی حاصل کی جاتی ہے۔
پاکستان کے خلائی تحقیقی ادارے سپارکو نے سیارہ بدر اول جولائی ۱۹۹۰ء کو چھوڑا۔
سیب میں میلک ایسڈ  پایا جاتا ہے۔
تاریپین کا تیل چیڑ کے درخت سے حاصل کیا جاتا ہے۔
سیسمومیٹر  آلہ زلزلے کے جھٹکے ناپنے کے لیے استعمال ہوتا ہے۔
بجلی کے ایک یونٹ میں ایک ہزار واٹ ہوتے ہیں۔
کڑی اور بچھو کی آٹھ (۸) انمیں ہوتی ہیں۔
پوٹاشیم نائٹریٹ ، گندھک ( سلفر) اور لکڑی کے آمیزے کو بارود کہتے ہیں۔
مشهور خلا باز خاتون و ملین ٹینٹ ٹریٹکو فا کا تعلق ملک روس سے ہے۔
دانتوں اور مسوڑھوں کی بقا کے لیے وٹامن سی کی ضرورت ہوتی ہے۔
آئٹی میٹر (ارتفاع پیما ) آلے سے بلندی ناپی جاتی ہے۔
اس غیر دھاتی عنصر کا نام فاسفورس ہے جو ہوا میں جل اٹھتا ہے۔ چناں چہ اسے پانی میں رکھا جاتا ہے۔
بنیادی رنگ نیلا ، زرد، سرخ ہیں، جن سے دوسرے بہت سے رنگ بنائے جاتے ہیں ۔
اقوام متحدہ کا تعلیمی ، سائنسی اور ثقافتی ادارہ یونیسکو ) ۴- نومبر ۱۹۶۴ء کو قائم کیا گیا تھا۔
پاکستان کے خلائی ادارے سپارکو  کا ہیڈ کوارٹرسون میانی (کراچی) میں ہے ۔
توس قزح کے رنگ بنفشی ، نیلا، آسمانی ، ہرا، پیلا، نارنجی اور
پالک ، آلو، بینگن میں سے سب سے زیادہ فولاد پالک میں پایا جاتا ہے۔
مہینے اور پیٹ کی دوسری بیماریوں کی دہا کے زمانے میں کنووں اور ٹینکوں میں پوجا شیم
پر میگنیٹ دوا استعمال کی جاتی ہے۔
اسکار بک ایسڈ کا دوسرا نام وٹامن سی  ہے۔",447
P4_2007_057,Naunahal,2007,اقبال کی دین سے محبت,"علامہ اقبال بچپن ہی سے باقاعدگی سے قرآن پاک کی تلاوت کرنے کی عادت تھی ۔ اللہ
تعالیٰ نے آواز میں بھی ایک ایسا لوچ پیدا کر رکھا تھا کہ سننے والا متاثر ہوئے بغیر نہ رہ سکتا۔ ایسے
رقیق القلب تھے کہ دوران تلاوت روتے روتے ہچکیاں بندھ جاتیں ۔اس قدر روتے کہ قرآن
کے ورق آنسوؤں سے تر ہو جاتے اور جب وہ تلاوت کر چکتے تو اسے دھوپ میں رکھ کر سکھایا
جاتا۔ یہ قرآن ان کی وصیت کے عین مطابق دوسری کتابوں کے ساتھ اسلامیہ کالج کی لائبریری
میں رکھا گیا ، جو اس گریہ وزاری کا منہ بولتا ثبوت ہے۔ علامہ کا معمول تھا کہ صبح ہونے سے کچھ
پہلے ہی جاگ اٹھتے۔ علی بخش ان کے لیے رات ہی کو لوٹا بھر کر رکھ دیتا تھا۔ وضو کرتے اور مصلیٰ بچھا
کر تہجد کی نماز پڑھنا شروع کر دیتے۔ نماز اتنی خشوع و خضوع کے ساتھ پڑھتے جیسے اب انھیں
گے ہی نہیں ۔ آخری علالت کے دوران نماز میں باقاعدگی نہ رہی ۔ وفات سے کچھ دن پہلے
کہنے لگے، علی بخش! آج نماز پڑھنے کو جی چاہتا ہے۔ چناں چہ علی بخش نے وضو کرایا اور آپ نے
نماز ادا کی۔
بھائی دروازے میں قیام کے دنوں کا تذکرہ کرتے ہوئے علی بخش بیان کرتا ہے : ''جن
دنوں ہم بھائی دروازے میں رہتے تھے ۔ ایک بار پورے دو مہینے بڑی با قاعدگی سے تہجد کی نماز
پڑھتے رہے۔ ان دنوں ان کا عجب حال تھا۔ قرآن اس خوش آوازی کے ساتھ پڑھتے کہ جی
چاہتا، سارے کام کاج چھوڑ کر انھی کے پاس بیٹھا ر ہوں ۔ اس زمانے میں کھانا پینا بھی چھوٹ گیا
تھا۔ صرف شام کو تھوڑ اسا دودھ پی لیا کرتے تھے ۔ خدا جانے اس میں کیا رمز تھا ؟“
باوجود یکہ آپ نے مغربی تہذیب کے مرکز لندن میں تعلیم حاصل کی تھی ، لیکن مغرب کی
چمک دمک نے آپ کی طبیعت کو ذرا بھی متاثر نہیں کیا ۔ گھر میں مستورات کے لیے پردے کی
خاص تاکید تھی ۔ مولانا سید ابو الاعلیٰ مودودی لکھتے ہیں: "" ایک مرتبہ حکومت ہند نے جنوبی افریقہ
میں اپنا ایجنٹ بنا کر بھیجنا چاہا اور عہدہ ان کے سامنے پیش کیا، مگر شرط یہ تھی کہ وہ اپنی بیوی کو پردہ
نہیں کرائیں گے اور سرکاری تقریبات میں لیڈی اقبال کو بھی ساتھ لے کر شریک ہوا کریں گے ۔
اقبال نے اس شرط کے ساتھ یہ عہدہ قبول کرنے سے صاف انکار کر دیا اور خود لارڈ ولنگنڈن
(وائسرائے ) سے کہا کہ میں بے شک ایک گنہ گار آدمی ہوں۔ احکام اسلامی کی پابندی میں مجھے
سے بہت کو تا ہیاں ہوئی ہیں، عمر اتنی ذلت اختیار نہیں کر سکتا کہ محض آپ کا ایک عہدہ حاصل کرنے
کے لیے شریعت کا حکم توڑ دوں ۔
حکیم محمد حسن قرشی جنھوں نے آخری علالت میں علامہ کا علاج کیا تھا ، فرماتے ہیں کہ ایک
رات میں ان
کو نہایت اچھی حالت میں چھوڑ کر آیا تھا۔ نبض کی رفتار خاصی امید افزا تھی ،مگر جب
صبح جا کر دیکھا تو وہ بہت خفیف تھی۔ میں بہت پریشان ہوا۔ محمد شفیع صاحب (م ۔ش) کو الگ لے
جا کر پوچھا تو معلوم ہوا کہ رات کو مسلمانوں کی کمزور حالت کا خیال کر کے شدت کے ساتھ آنسو
بہاتے رہے تھے ۔
صوفیا کی طرح علامہ نے کبھی نفس کی خواہشات کو اپنے آپ پر غالب نہیں آنے دیا۔ کبھی
کبھی تزکیۂ نفس سے اپنا امتحان بھی لیتے ۔ جیسا کہ پہلے ذکر کیا جا چکا ہے، آپ کو آم بے حد پسند
تھے ۔ بازار سے جب کبھی آپ کے لیے آم منگوائے جاتے تو اپنی پسند کے آموں کی فرمائش نہ
کرتے ۔ دوست احباب ملک کے دور دراز حصوں سے تحفے کے طور پر آموں کی پیٹیاں بھیجتے ۔ پیٹی
کھلتی تو وہ علی بخش سے کہتے کہ سب سے اچھا آم چن کر مجھے دو ۔ جب وہ بڑی محنت کے بعد اپنی پسند
کا آم چن کر آپ کو دیتا تو آپ اسے واپس علی بخش کو دے دیتے اور کہتے : ''اس آم کو تم خود کھا
لو یہ دل کو اچھی لگنے والی چیزوں کے خلاف یہ وہ طرز عمل ہے جو دل کی صفائی کے لیے صوفیا کا
طریقہ رہا ہے۔
ایک بار کسی ملاقاتی نے آپ سے یہ سوال کیا کہ آپ نے مذہب ، سیاست، اقتصادیات،
فلسفہ اور تاریخ پر جو کتا میں پڑھی ہیں۔ ان میں سے بلند ترین کتاب کون ہے۔ اس پر آپ نے
سوال کرنے والے سے کہا تم ذرا ٹھیرو، میں ابھی آتا ہوں۔ جب علامہ دو تین منٹ بعد واپس
کمرے میں تشریف لائے تو آپ نے ایک کتاب کو اس شخص کے ہاتھوں پر رکھتے ہوئے ارشاد
فرمایا: ” یہ قرآن حکیم ۔“
بیرسٹر ہمایوں مرزا صاحب کی بیگم اپنی اور اپنے شوہر کی علامہ سے ملاقات کا حال بیان
کرتے ہوئے لکھتی ہیں: ۱۹۲۸۱ء میں جب ہم کشمیر گئے تو راستے میں چند روز لا ہور ٹھیر نا ہوا۔
ہمارے ہوٹل کے قریب سر محمد اقبال کا مکان تھا۔ پھاٹک پر بورڈ لگا ہوا تھا۔ بیرسٹر محمد اقبال ، میں
نے ایک نظم نور جہاں کے مزار پر چڑھانے کے لیے لکھی ۔ وہ ان کو دکھائی اور انھوں نے اس کی
اصلاح کی ، اس لیے وہ میرے استاد بھی ہوئے اور میرے آنو گراف البم میں آپ نے انگریزی
میں ایک جملہ لکھا، جس کا اردو تر جمہ یہ ہے:
اسلام کی تعریف میں چند الفاظ ظاہر کرتا ہوں، یعنی ذات باری تعالی پر پورا بھروسا ہے اور
موت سے مطلق نہیں ڈرتا ۔ “
اسلام کے ساتھ علامہ کے عشق کا اندازہ ان کے اس رد عمل سے ہوتا ہے جو علی گڑھ میں
اپنی گاڈ (ANTI GOD ) نامی سوسائٹی کے قیام سے ہوا ۔ اس سے آپ کو اتنا رنج ہوا کہ ساری
رات بے خوابی میں بسر ہوئی اور جب صبح نماز کے لیے کھڑے ہوئے تو گریہ وزاری کی کوئی حد ہی نہ رہی۔
خوف خدا کا یہ رنگ بھی ملاحظہ ہو ۔ ایک بار گرمیوں میں گردے کی تکلیف کے دوران فرش
پر پانی ڈلوا کر لیٹے ہوئے تھے کہ ایک صاحب عیادت کے لیے آگئے اور غلام رسول مہر بھی اس
موقع پر موجود تھے ۔ علامہ نے مہر صاحب سے مخاطب ہو کر کہا: ”مہر صاحب! تکلیف انسان پر
اس کے نفس کی طرف سے آتی ہے یا اللہ کی طرف سے؟""
مہر صاحب اس کا جواب ابھی نہیں دے پائے تھے کہ دوسرے صاحب بول اٹھے : ”ڈاکٹر
صاحب ! سب کچھ اللہ کی طرف سے ہوتا ہے ۔ چناں چہ یہ سنتے ہی آپ پر عجیب سی کیفیت طاری
ہوگئی۔ پہلے چیخ نکلی پھر آواز سے رونے لگے اور ساتھ ساتھ یہ کہتے جاتے : اگر یہ تکلیف اللہ کی
طرف سے ہے تو میری توبہ، میری توبہ میری توبہ میری تو بہ، میں نے کیوں شکوہ کیا ۔ کوئی دس",1138
P4_2007_058,Naunahal,2007,ہماری لباس کی کہانی,"پیارے نو نہالو! ۱۴ اگست ۲۰۰۷ ء کو آپ نے ساٹھواں جشن آزادی منایا ہوگا ۔ گھروں
پر اپنی سائیکلوں ، اسکوٹروں اور کاروں وغیرہ پر جھنڈیاں یا جھنڈے لگائے ہوں گے ۔ اپنے قمیص یا
بش شرٹ پر پاکستانی جھنڈے کا اسٹیکر لگایا ہوگا ۔ یہ سب ملک سے محبت کی نشانیاں ہیں ۔ قومی
جھنڈا ملک وقوم کی عظمت ، شوکت ، ثروت کا نشان ہوتا ہے ۔ جنگ کے زمانے میں سپاہی اس کی
عزت کی خاطر اپنی جان تک قربان کر دیتے ہیں۔
دوسری جنگ عظیم کا قصہ ہے۔ ایک برطانوی سپاہی سخت زخمی ہو گیا اور مرنے والا تھا کہ ایک
سپاہی اس کے پاس آیا اور اس کے منھ میں پانی ٹپکا کر پو چھا کہ وہ اس کی کیا خدمت کر سکتا ہے؟
زخمی نے کہا: ""میرا یہ بایاں بازو کاٹ کر ہیڈ کوارٹر پہنچا دینا ۔ اس پر ملک کا جھنڈا کھدا ہوا ہے اور
میں نہیں چاہتا کہ دشمن کے سپاہی اس کو اپنی ٹھوکروں سے روند ہیں ۔
آپ کو کاغذ کی جھنڈیاں تو بالکل نہیں لگا نا چاہیں ۔ یہ تیز ہوا سے گر جاتی ہیں ،ان پر ملک کا
جھنڈا بنا ہوتا ہے۔ بعض پر تو اللہ اکبر بھی لکھا ہوتا ہے اور یہ جوتوں میں آتی ہیں ۔ کپڑے کے
جھنڈے بھی ایک دو روز کے بعد اُتار لیے جائیں ۔ بہت سے گھروں پر یہ مہینوں اُڑتے ہیں۔
ہوا اور بارش سے کپڑا پھٹ جاتا ہے ۔ ٹکڑے سڑکوں ، تالیوں میں گرتے ہیں ۔ یہ سب جھنڈے
کی بے ادبی ہے اور جھنڈے کی بے ادبی ملک کی بے عزتی ہے۔ امید ہے کہ نونہال اس کا خاص
خیال رکھیں گے ۔
۱۴ اگست ۲۰۰۷ء کو ہمارے پیارے وطن کو آزاد ہوئے ۶۰ سال گزر گئے ۔ ملکوں یا
قوموں کی تاریخ میں یہ کچھ زیادہ عرصہ نہیں ہوتا ، مگر اس مختصر سے دور میں بھی نشیب و فراز آتے
رہتے ہیں ۔ چناں چہ ہماری سیاست، معاشرت ، تہذیب ، لباس اور کھانوں میں بڑی تبدیلی آگئی
ہے۔ چوں کہ یہ تبدیلیاں بڑی آہستہ آہستہ آتی ہیں، اس لیے ہم کو تبدیلی کا احساس نہیں ہوتا۔
آج میں آپ کو ۶۰ سال پہلے کے لباس کا حال بتا تا ہوں ۔
یہ تو آپ کو معلوم ہی ہے کہ پاک و ہند کے قیام سے پہلے اس خطے میں انگریزوں کی حکومت
تھی ، لہذا ہر شخص ان کو خوش کرنے کے لیے ان کی نقل کرنا چاہتا تھا۔ اس وجہ سے تمام سرکاری اور
غیر سرکاری ملازمین کا لباس انگریزی ہوتا تھا۔ حال آنکہ بہت سے لوگوں کو نہ تو ٹائی باندھنا آتی
تھی نہ ان کے پتلون پر استری ہوئی تھی۔ دو رات کو تکیے کے نیچے رکھ کر اس کی سلوٹیں نکالا کرتے
تھے ۔ جناب اکبر الہ آبادی نے خوب کہا :
چلون کے نیچے دھوتی ہے کوٹ کی پاکٹ میں مچھینٹی ہے
چناں چہ یہاں بھی سرکاری اور غیر سرکاری دفتروں میں سوٹ کا رواج تھا ۔ اس وقت سوٹ
میں تین چیزیں ہوتی تھیں ۔ پتلون ، کوٹ اور واسکٹ ۔ یہ تینوں چیزیں ایک ہی کپڑے کی ہوتی
تھیں ۔ اس کے ساتھ کپڑے کے رحم سے ملتی جلتی ٹائی ہوتی تھی ، مگر اس وقت آج کی طرح کی
چوڑی ٹائی نہیں ہوتی تھی، بلکہ نائی نیکی ہوتی تھی ۔ کوٹ میں کالر کے نیچے بائیں جانب ایک جیب
ہوتی تھی۔ اس میں رومال کو اس طرح رکھا جاتا تھا کہ اس کا ایک سرا اوپر نکلا رہتا تھا۔ وہ گلدستے
کی شکل اختیار کر لیتا تھا۔ کوٹ کے کالر پر ایک کاج یا ایک بار یک دھاگا ہوتا تھا ، جس کے بیچ میں
خلا ہوتا تھا۔ اس میں چھوٹا سا گلاب کا پھول یا کلی لگائی جاتی تھی ۔ تقریبات میں یہ کلیاں تقسیم بھی
ہوتی تھیں ۔
جوتے اور موزے سوٹ کے رنگ سے ملتے جلتے ہوتے تھے ۔ سیاہ کوٹ کے ساتھ سیاہ بوٹ
ہوتے تھے ۔ رات کو ڈنر پر سیاہ سوٹ ہی پہنا جاتا تھا۔ ٹوپی کا رواج بہت کم تھا۔ کچھ لوگ سیاہ
جناح کیپ استعمال کرتے تھے ۔ باہر نکلتے ہوئے بعض لوگ دھوپ سے بچنے کے لیے فیاٹ ہیٹ
استعمال کرتے تھے ۔ سرحد اور بلوچستان کے پٹھان اور پنجاب کے سردار یا بڑے وزیروں کے
لیے وزارت کا حلف اٹھاتے وقت سیاہ شیروانی پہننا لازمی تھا۔ غیر مسلم بند گلے کا کوٹ بھی پہن
سکتے تھے ۔ تمام چھوٹے بڑے افسر دفتروں میں سوٹ پہن کر آتے تھے ۔ گرمی کی وجہ سے کوٹ یا تو
دیگر پر لٹکا دیتے تھے یا کرسی کی پشت پر ڈال دیا کرتے تھے ۔ سرکاری میٹنگوں میں سوٹ ہی میں
جانا ہوتا تھا۔ چوں کہ ستا زمانہ تھا، اس لیے چھوٹے افسران بھی یہ خرچ برداشت کر لیتے تھے۔
البتہ اسٹنٹ اور کلرک لوگ پتلون، قمیص اور ٹائی پہن کر آتے تھے ۔ نیم آستین والی بش شرٹ کا
رواج بالکل نہیں تھا۔ دو تین فی صد لوگ شیروانی بھی پہنتے تھے مگر ان کو مولوی یا ملا سمجھا جاتا تھا۔
اعلا درجے کے ہوٹلوں اور خصوصاً کلب میں ہونے والی تقریبات یا دعوتوں میں با قاعدہ لباس
لازمی تھا۔ دھوتی رقعوں کے کونوں پر ناریل ڈریس کی ہدایت ہوتی تھی۔ یونی ورسٹیوں اور
کالجوں میں اساتذہ سوٹ پہن کر نہیں آتے تھے۔
ذوالفقار علی بھٹو عوامی لیڈر بننا چاہتے تھے، لہذا سرکاری لباس میں بند گلے کا کوٹ اور پتلون
رائج کیا۔ کوٹ کا کالر چوڑا ہوتا ہے اور وزیر اعظم کے کالر پر کشیدہ کاری کی تین ، وزیروں اور
مشیروں کے کالر پر دو اور باقی افسران اور پارٹی عہدیداران کے کالروں پر ایک لائن ہوا کرتی
تھی ۔ کچھ دنوں کے بعد بھٹو صاحب عوامی جلسوں میں سیاہ شلوار اور قمیص میں آنے لگے۔ چناں چہ
سب نے شلوار قمیص کو اپنا لیا۔ اس کے علاوہ موزہ غائب ہونے لگا اور پشاوری چپلوں کا رواج
بڑھتا گیا۔ جنرل ضیا الحق کے دور میں لوگ شیروانیاں استعمال کرنے لگے ،مگر جب ان کے دام
کافی بڑھ گئے تو یہ زیادہ رواج نہ پاسکیں ۔ اب شلوار قمیص اور بند یا کھلے گلے کی واسکٹ کا رواج
عام ہو گیا ہے اور سرکاری تقریبات تک میں لوگ اسی لباس میں آتے ہیں۔ ٹوپی صرف علما کی حد
تک رہ گئی یا نماز کے لیے استعمال ہوتی ہے، البتہ سرحد اور بلوچستان میں عوام میں یا بڑوں کے
سامنے نگے سر آنا بڑا معیوب سمجھا جاتا ہے۔ وہاں صافہ ، پگڑی اور دستار اب بھی عام ہے۔ ویسے
کوٹ پتلون ، ٹائی کو اب بھی عزت اور ثروت کا نشان سمجھا جاتا ہے۔ شیروانی صرف دولھاؤں
کے لیے مخصوص ہو گئی ہے ، جو کرائے پر بھی مل جاتی ہے ۔",1094
P4_2007_059,Naunahal,2007,مصنوعی اعضا,"اللہ تعالی ہر انسان کو حادثوں سے بچائے۔ بعض لوگوں کا کوئی عضو - ہاتھ یا پاؤں کسی
حادثے میں ٹوٹ جاتا ہے اور وہ معذور ہو جاتے ہیں ۔ وہ عام تن درست انسان کی طرح اپنے
اس عضو سے کام نہیں لے سکتے اور پریشانی میں مبتلا رہتے ہیں ، لیکن اب سائنس کی ترقی نے ایسے
لوگوں کے لیے بھی کچھ آسانی پیدا کر دی ہے۔ مصنوعی اعضا بنائے جانے لگے ہیں اور ان سے
خاصی سہولت اور خود اعتمادی آجاتی ہے۔ اگر چہ یہ مصنوعی ہاتھ پیر اصلی اعضا کا بہت اچھا بدل
( نعم البدل نہیں لیکن پھر بھی ان کی مدد سے بہت کچھ کام نکل جاتا ہے۔
بعض اسپتالوں میں ایک شعبہ ہوتا ہے، جو یہ کام کرتا ہے۔ مصنوعی ہاتھ یا پیر اتنی صفائی اور
خوب صورتی سے بنائے جاتے ہیں کہ ان کے لگنے کے بعد دیکھنے والوں کو بھی آسانی سے نہیں
معلوم ہوتا کہ یہ انسان معذور ہے۔ اس طرح معذور انسان کو بھی اپنی محرومی یا مجبوری کا زیادہ
احساس نہیں ہوتا۔
روٹری کلب، کراچی نے پچھلے مہینوں میں مصنوعی اعضا بنانے کے ماہرین کی ایک ٹیم کو
جے پور ( راجستھان، انڈیا) سے پاکستان آنے کی دعوت دی۔ جے پور سے خدمت کا جذبہ
رکھنے والے اٹھارہ ماہرین کی ایک ٹیم اسلام آباد اور کراچی پہنچی اور انھوں نے اعضا سے محروم یا
مجروح انسانوں کے ہاتھ پیر لگا کر ان کی زندگی میں نئی امنگ اور حوصلہ پیدا کر دیا۔ اس ٹیم کے
سربراہ ڈاکٹر ڈی۔ آر۔ مہتا تھے۔
خدمت کے جذبے سے لبریز اس ٹیم نے پہلے ایک ہفتہ اسلام آباد میں اپنا کیمپ لگایا ۔ یہ
کیمپ تین اداروں روٹری کلب'، 'نیا قدم اور نیشنل رورل سپورٹ پروگرام کے تعاون
سے لگایا گیا تھا۔ اس کیمپ میں جے پور سے آئی ہوئی ٹیم نے کوئی تین سو انسانوں کے مصنوعی اعضا
لگائے ۔ پچاس جیسا کھیاں اور پچاس مددگار ٹانگیں مہیا کیں۔ اس طرح مجموعی طور پر چار سو افراد کو
فائدہ پہنچا۔ اسلام آباد کے منتظمین کا کہنا ہے کہ جے پور سے آنے والے ماہرین اور معاونین اس
خدمت میں اتنے انہاک سے مصرورف تھے کہ ان کو کھانے پینے کا بھی ہوش نہیں تھا۔ کھانا بھی ان
کو اصرار کر کے کھلایا جاتا تھا۔
کراچی کیمپ میں بھی مصنوعی اعضا اور سہاروں کے طلب گاروں کا ہجوم تھا۔ یہاں ۴۵۴
جے پورٹ ۸۱ کیلیپر اور ایک ہاتھ لگایا گیا۔ مجموعی طور پر ۵۵۰ لوگوں کو فائدہ پہنچا۔ کراچی میں
اس کیمپ اور ٹیم کے رہن سہن کا انتظام مقام فلاحی اداروں نے کیا، جن میں روٹری انٹر نیشنل،
HASWA“، ”انکل سریا نرسنگ ہوم ، ڈاؤ یونی ورسٹی آف میڈیکل سائنسز“ اور
ہمدرد فاؤنڈیشن پاکستان شامل ہیں۔
ڈاکٹر ڈی۔ آر۔ مہتہا کی سرابراہی میں جے پور سے آئی ہوئی ٹیم خصوصاً قابل قدر ہے کہ
اپنے ملک سے پاکستان آکر صرف اور صرف انسانوں کی زندگی میں سکون اور آرام پہنچانے کی
خاطر انھوں نے بے لوث خدمت کی ۔
روٹری انٹرنیشنل کے جناب اولیس صاحب نے ہاتھ پیر کھو بیٹھنے والے انسانوں کی بھلائی
کے لیے اس کار خیر کی ابتدا کر کے ایک اچھی مثال قائم کی ہے۔ ہم سب کو پریشان انسانوں کو
راحت پہنچانے کے لیے کچھ نہ کچھ کام کرتے رہنا چاہیے۔
میری امی جان کہا کرتی تھیں کہ اگر پیسے نہ ہوں تو کیا ہوا، انسان اپنے ہاتھ پیر سے خدمت
کر کے بھی اجر اور ثواب کما سکتا ہے۔",564
P4_2004_060,Naya Waraq,2004,Magazine,"وٹ گنسٹائن پر ایسا سیر حاصل مضمون اُردو میں پہلے کبھی نہیں لکھا گیا (اور
میں حیران هوں که ایساکیوں هوا؟ اصلا وث گنسٹائن کی تحریریں ہی مغرب میں
ساختیات، رد ساختیات اور مابعد جدیدیت جیسے نظریات کے لیے بنیاد کی اینٹ ثابت
هوئیں۔ اُس کی دو کتابیں Tractatus اور Philosophical Investigations کے بغیر
ان نظریات کا وجود میں آنا ممکن نه تھا۔ مجھے حیرانی اس بات کی هے که ڈاکٹر گوپی
چند نارنگ صاحب نے بھی وٹ گنسٹائن کے لسانی نظام سے صرف نظر کیا۔ اُمید ھے که
اس کی اشاعت کے بعد ایک منضبط ڈسکورس کی راه هموار هوگی
☆
وٹ گنٹائن (Wittgenstein) کے خیال میں زبان کی حیثیت روز مرہ کے کسی فعل یا
Activity کے مماثل ہے، جس میں الفاظ کو کام کرنے کے اوزار Tools کی طرح استعمال کیا جاتا ہے۔
الفاظ کو گونا گوں انداز میں اور مختلف النوع استعمال (Uses) میں برتا جاسکتا ہے۔ کسی ایک لفظ کا محض ایک
استعمال نہیں ہوتا ۔ جملوں کی ساخت، بندش اور دروبست کے علاوہ مختلف سیاق و سباق میں لفظ کی معنویت نیا
رنگ اور آہنگ اختیار کر سکتی ہے۔ کسی کی گفتگو کے مخصوص پیرائے کو سمجھنے کا یہ مطلب ہوگا کہ سننے والے نے
اس گفتگو میں استعمال ہونے والے الفاظ کے استعمال سے بھی آگاہی حاصل کی ہے۔ اگر کوئی شخص یہ سوچتا
ہے کہ زبان کے سلسلے میں استعمال سے بھی آگاہی حاصل کی ہے۔ اگر کوئی شخص یہ سوچتا ہے کہ زبان کے سلسلے
میں استعمال ہونے والے الفاظ اشیاء یا چیزوں کی نشاندہی کرتے ہیں تو یہ ایک گمراہ کن غلطی ہوگی ۔ ہم یہ کہنے
میں حق بجانب ہوں گے کہ الفاظ کے استعمال کا ادراک فی الاصل
کسی کھیل کے مروجہ ضوابط اور قوانین کے
اداراک کا نام ہے۔ جس طرح کسی مخصوص کھیل کے دوران کوئی کھلاڑی اس کھیل کے مروجہ ضابطوں اور
اصولوں سے شعوری یا لاشعوری طور پر اعراض برتتے ہوئے اپنا کوئی نیا قانون مسلّط کرتا ہے تو نتیجے میں
سارے کھیل کی بساط الٹ کر رہ جاتی ہے ، اسی طرح کسی زبان کا استعمال کرنے والا روایتی الفاظ کے بجاےء
اجنبی ، غیر مانوس یا نا قابل فہم الفاظ استعمال کرتا ہے تو اس زبان کے حوالے سے ایک کنفیوژن کی صورت حال
پیدا ہو سکتی ہے اور غیر روایتی الفاظ کی پذیرائی فوری طور پر ممکن نہیں ہوگی ۔
وٹ کنسٹائن کی معرکہ آراء کتاب "" فلسفیانہ تحقیقات"" * کواصلاً تحقیقات پر ایک عمومی رپورٹ نہیں
کہا جاسکتا۔ اس کے سنجیدہ ریمارکس کو پڑھنے کے بعد یہی کہا جاسکتا ہے کہ فلسفیانہ مسائل کے پیدا ہونے کی
وجہ زبان کا غیر محتاط استعمال ہے یا زبان کو غلط سمجھنے کی وجہ سے غلط مطالب مستخرج ہوتے ہیں۔
سوال یہ پیدا ہوتا ہے کہ فلسفے کے سیاق و سباق میں کس چیز کی تحقیق ضروری ہے؟ وٹ کنسٹائن جواباً
کہتا ہے کہ فلسفے کا یہ منصب نہیں کہ وہ نظریات یا Theses کے سراغ لگانے میں خود کو وقف کر دے۔ ہر زبان
میں بے شمار ایسے الفاظ ہوتے ہیں جن کو لسانیاتی اعتبار سے خاص لیبل کے تحت استعمال کیا جاتا ہے۔ وٹ
کنسٹائن کے خیال میں فلسفہ کو اس نوع کے الفاظ کے Static معنی تلاش کرنے سے اجتناب برتنا چاہئے ۔
ہر مسئلہ کی خارجی اور داخلی پرتوں کی نشاندہی کریں۔ یہ اس وقت ممکن ہے جب الفاظ متعین اور مستقل معنی کے
حدیقے سے آزاد ہو کر بدلتے ہوئے مسائل کے دائرہ اثر کا کمل طور پر احاطہ کرسکیں ۔ دوسرے الفاظ میں وٹ
کنسٹائن زبان کے حر کی تصور کی اہمیت کو اجاگر کرتا ہے۔
کتاب کے پیش لفظ میں ویٹ کنٹائن نے بلند آہنگ لہجے میں اس بات کا اعتراف کیا ہے کہ اس نے
زبان
اور فلسفیانہ مسائل کے باہمی تعلق کو ایک مربوط اکائی میں پیش کرنے کی کوشش کی ہے۔ مگر اس کے خیال
میں یہ ضروری نہیں کہ اس قسم کی کوشش کا کامیاب ہو ناممکن بھی ہو۔ اس کی ایک بڑی وجہ یہ ہے کہ فلسفیانہ تحقیق
و تدقیق کے سلسلے میں یہ لازم ہے کہ مختلف ابعاد سے اس کا یوں احاطہ کیا جائے کہ تحقیق میں ملوث سارے
عوامل زیریں پرتوں سے ابھر کر اپنے تمام تر جزئیات کے ساتھ سامنے آجائیں، اور یہ کام کسی فلسفی کے لئے
مشکل تو کیا ناممکن ہے۔
وٹ گنسٹائن نے اپنے نقطہ نظر کی وضاحت کے لئے دو خاص اور معنی خیز استعاروں کا استعمال کیا ہے۔
زبان کا استعارہ بہ حیثیت کھیل اور زبان کا استعارہ بطور اوزار، جو کام کے سلسلے میں مستعمل ہوتے ہیں۔
دوسرے الفاظ میں زبان کے استعاروں کو آلہ جات اور کھیلوں کے تناظر میں استعمال کیا گیا ہے۔ وٹ
گنسٹائن نے خود لکھا ہے کہ الفاظ کے گونا گوں استعمال کا طریقہ کا ر ایسے کھیل کی طرح ہے جس کے حوالے
سے کم عمر بچے اپنی مقامی زبان کی ابجد سے واقفیت حاصل کرتے ہیں اور بعد ازاں چابک دستی سے میکانکی
انداز میں مہارت حاصل کر لیتے ہیں۔ ایسے کھیلوں کو میں زبان کے کھیل کا نام دوں گا۔ میں گاہے بگا ہے عہد
قدیم کی زبان کا تذکرہ زبان کے کھیل کے تناظر میں کروں گا ۔‘وٹ کنسٹائن نے اس تمام اکائی کو جو لسانی
کھیل اور منضبط نظام کے امتزاجی عمل کے ترجمان ہے، لسانی کھیل (LanguageGame) ہی کا نام دیا ہے۔
اب سوال یہ پیدا ہوتا ہے کہ اسکو لسانی کھیل کی اصطلاح وضع کرنے کی ضرورت کیوں پیش آئی ؟ وٹ
کنسٹائن کے الفاظ میں اس اصطلاح کے حوالے سے اس حقیقت سے آگا ہی ممکن ہے کہ اصلاً کسی زبان
میں بات چیت ہی کے ذریعہ زندگی کے عمل یا اس کی ہیئت کے ضروری پہلوؤں کی نشاندہی ہو سکتی ہے ۔“‘اس
کے بعد وہ زبان کے وظائف کی ایک طویل فہرست پیش کرتا ہے۔ مثلاً احکامات جاری کرنا کوئی بات بیان
کرنا، واقعات کی رپورٹنگ کرنا ، کہانیاں گھڑنا، تراجم تشریح و توضیح ، وقس علی ہذا وٹ کنسٹائن کے خیال
میں زبان کے انواع واقسام آلہ جات کا مطالعہ اور ان کے استعمال پر غور کرنے کا عمل خالی از دلچسپی نہیں ۔
ہر زبان لاتعداد الفاظ اور جملوں کا مجموعہ ہوتی ہے اور ان کا شمار ناممکن ہے۔ زبان کی ساخت کے بارے میں
منطق دانوں کے تدقیقی زاویہ ہائے نگاہ اور غور و فکر سے بھر پور نتائج فی الحقیقت انہی الفاظ اور جملوں کے
مرہونِ منت ہوتے ہیں۔ اس موڑ پر وٹ کنسٹائن نے اپنی اولین تخلیقی کاوش Tractatus Logicos
Philosophicus کا بھی حوالہ دیا ہے، جس میں اس نے Logical Atosmism کی مدافعت میں
اپنے سارے فکری سرمائے کو داؤ پر لگا دیا تھا۔ مذکورہ اصطلاح Atomism فلسفہ کے ان پہلوؤں کا احاطہ
کرتی ہے جن کی مدد سے ایسی آئیڈیل زبان کا وض کرنا مقصود ہے جو فلسفہ سے متعلق پیش آنے والی تحقیقاتی
مشکلات کو صراحت کے ساتھ بیان کر سکے۔ اس قسم کی زبان کا سب سے بڑی فائدہ یہ ہے کہ اس کی مدد سے
ہر آسان شے یا خصوصیت کے ساتھ جامد، غیر مبہم اور اہمال سے مبر اعلامت استعمال کی جاسکتی ہے اور فلسفیانہ
مشکلات کو وٹ گنٹائن کے خیال کے مطابق بطریق احسن دور کیا جاسکتا ہے۔ لیکن اب اس کو ستم ظریفی ہی
کہا جا سکتا ہے کہ Tractatus کے خالق نے اپنی پہلی کتاب میں جس لسانی تصور کو وضاحت کے ساتھ پیش
کیا تھا اس کو اپنی دوسری کتاب ” فلسفیانہ تحقیقات میں اس کا از سرنو جائزہ لینے پر مجبور ہو جانا پڑا۔ برسوں کی
دماغ سوزی اور عرق ریزی کے بعد جب اس نابغہ روزگار کی دوسری کتاب مکمل ہوئی تو دنیا نے دیکھا کہ جس
لسانی تصور کی مہتم بالشان عمارت اس نے محنت شاقہ کے بعد کھڑی کی تھی وہ اس کے اپنے ہاتھوں مسمار ہو کر رہ
گئی۔ اس لحاظ سے وٹ کنسٹائن وہ واحد جیٹس (Genius) ہے جس نے فکری پختگی اور تخلیقی ارتقاء کے
ثبوت کے طور پر خود اپنے خیالات کو کامل طور پر مستر د کر کے رکھ دیا۔
Tractatus میں وٹ کنسٹائن کا یہ موقف رہا ہے کہ زبان اپنے اندر ایک منفرد اور قابل انکشاف
قوت رکھتی ہے۔ اس کی حیثیت ایسی بنیاد گزارا نہ منطق جیسی ہے جس کی توضیح و توجیہ زبان اور دنیا اور ان
کے درمیان موجود تصویری رشتہ (Picturing Relation) کے تناظر میں ساخت منکشف کرنے والے
تجزیے Structure Revealing Analysis کی معاونت سے ممکن ہے۔ تصویری رشتہ کی بنیاد بقول
وٹ کنسٹائن ، از خود ناموں اور اشیاء کے باہمی تعلق کی نوعیت پر منحصر ہے۔ یہاں ناموں کو بھی وٹ کنسٹائن
اشیاء ہی کے ذیل میں استعمال کرتا ہے، جس کا مطلب یہ ہوا کہ تصویری رشتہ مختلف النوع اشیاء کے علامتی
تعلق اور ان کی نوعیت کو ظاہر کرنے کا دوسرا نام ہے۔ جس موقف کی بنیاد پر Tractatus کی بنیا دکھڑی کی
گئی تھی وہ خود ہی اپنے خالق کی جارحانہ تنقید کے سبب زمین بوس ہو کر رہ گئی۔
وٹ گنٹائن نے اپنی کتاب فلسفانہ تحقیقات میں جن دلائل کو منطقی پیرائے میں بیان کیا ہے ان کا
مقصد اپنے پچھلے موقف کو مسترد کرنے کے سوا کچھ نہیں ہے۔ یہاں
وہ کہتا ہے کہ زبان کی منطلق، اکلوتی نہیں
ہے بلکہ یہ کثیر الجہتی کی مظہر ہے۔ اس کے خیال میں زبان مختلف النوع تجربات کا بسیط مجموعہ ہے اور ہر تجربہ
اپنی مخصوص منطق سے ممزوج ہے۔ ” مطلب“ کی اصطلاح کا انطباق الفاظ اور اشیاء کے باہمی رشتے پر نہیں
ہوتا اور نہ اس کو تصویری رشتے کے تناظر میں حقائق اور مسائل کے باہمی تعلق پر منطبق کیا جاسکتا ہے۔ فی
الحقیقت اسلوب بیان (Expression) کا مطلب بے شمار انسانی تجربات کے دوران اس کا برجستہ استعمال
ہے جو بالآ خرکسی زبان کی بناوٹ اور اس کی ترویج پر منتج ہوتا ہے۔ مزید برآں زبان کوئی ایسی چیز نہیں ہے جسے
ہم مکمل اور خود مختار طور پر تحقیقات کی جاسکے۔ کسی زبان کے بارے میں تحقیقات کے معروضی نتائج اسی وقت
ہمارے سامنے آسکتے ہیں جب ہم تحقیقاتی عمل کے مراحل سے گزرتے ہوئے بوقلموں انسانی سرگرمیوں اور
ہر قسم کے رویوں کو بھی اپنے پیش نظر رکھیں۔ عملی زندگی میں انسانی تعلقات کی نوعیت اور دنیاوی معاملات
کے ضمن میں ہمارے متوقع اور غیر متوقع رد عمل بھی اس سیاق و سباق میں بڑی اہمیت کے حامل ہوتے ہیں۔
دوسرے الفاظ میں زبان نہ صرف وسیع تر معاشرتی زندگی کی مظہر ہے بلکہ زندگی کے عملی تجربات کا نچوڑ پیش
کرتی ہے۔
وٹ کنسٹائن نے اپنی اولین شہرہ آفاق تخلیق Tractatus میں یہ بات زور دے کر کہی تھی کہ فلسفیانہ
مسائل کے وجود میں آنے کی بڑی وجہ یہ ہے کہ ہم زبان کی منطق
کو سمجھنے میں غلطی کا شکار ہو جاتے ہیں ۔ وٹ
گنسٹائن اپنے اس موقف پر سخت گیر انداز میں ڈٹا رہا۔ لیکن فلسفیانہ مسائل پر غور خوض کے بعد اس کے مابعد
موقف میں یہ تبدیلی ضرور پیدا ہوئی کہ ” زبان کی منطق سے ہماری کیا مراد ہے؟ Tractatyus کی
اشاعت کے بعد فلسفیانہ تحقیقات کے حوالے سے اس کے خیالات میں ایک اور اہم تبدیلی پیدا ہوئی ہے۔
اس کے تحقیقی ذہن نے بعد از تجزیہ اس امر کا اسنباط کیا ہے کہ وہ مسائل جو زبان کی غلطی کے سبب ہمارے
سامنے آتے ہیں ان کو منضبط فلسفیانہ تھیوری وضع کرنے کے باوصف حل نہیں کیا جا سکتا۔ اس اہم استدلالی
ادعا کا اطلاق خودوٹ کنسٹائن پر ہوتا ہے کیونکہ Tractatus میں وہ خود اس غلطی کا ارتکاب کر چکا تھا۔ اس
کے خیال میں فلسفے کی تھیوریوں کو وضع کرنے کی بجائے ہمیں زبان کے سلسلے میں ہونے والی غلط فہمیوں کو دور
کرنا چاہئے کیونکہ ہمارے اس اقدام سے سارے فلسفیانہ مسائل خود بخود ہی دور ہو جائیں گے۔
وٹ کنسٹائن کے بقول ” فلسفی کو چاہئے کہ وہ کسی مسئلہ کا حل یوں تلاش کرے جیسے کسی مرض کا علاج کیا
جاتا ہے ۔ فلسفیانہ تحقیقات میں وہ کہتا ہے کہ گنجلک مسائل سے پیدا شدہ ژولیدہ صورت حال کی اصل وجہ
یا تو زبان کا غلط استعمال ہے یا اس کی نوعیت کو سمجھنے کی کوشش میں اندازے کی غلطی ہے۔ زبان کا عمل ہمیشہ
خاص عوامل کے زیر اثر جاری و ساری رہتا ہے۔ اگر ہم اس باب میں غیر صحیح نقط نظر کے تحت تحقیقی روش اختیار
کریں تو ہمارے نتائج نہ صرف یہ کہ غیر معروضی شکل میں سامنے آئیں گے بلکہ نا قابل بیان کنفیوژن پر منتج
ہوں گے۔ اس ضمن میں وٹ کنسٹائن نے کئی مثالوں کے ذریعہ اپنی بات منوانے کی کوشش کی ہے۔ اس کے
الفاظ میں’ فلسفیانہ مسائل کے پیدا ہونے کی حقیقی وجہ یہ ہے کہ زبان چھٹی پر چلی جاتی ہے ۔ ان مسائل کو حل
کرنے کے لئے ہمیں سب سے پہلے یہ معلوم کرنے کی کوشش کرنی چاہئے کہ لسانی نظام کس خود کار التزام کے
تحت کام کرتا ہے۔ لسانی نظام کو سمجھنے کے لئے وٹ کنسٹائن کے خیال میں سطحی قواعد Surface
Grammer اور عمق قواعد Depth Grammer کے فرق کا جاننا از بس ضروری ہے۔ اس کے نزدیک
قواعد کا مطلب وہ نہیں جو اس اصطلاح کے حوالے سے ایک صاحب درک سوچ سکتا ہے۔ دوسرے الفاظ
میں یہاں قواعد کو صرف
و نحو، زبان کے محاورات اور ابتدائی اصولوں اور دیگر مترادفات کے لئے استعمال نہیں
کیا گیا ہے۔ وٹ کنسٹائن نے اس اصطلاح کو منطق یا منطق کے کسی متعین لسانیاتی عمل کے لئے استعمال
کیا ہے۔ لسانیاتی عمل کی ان گنت اقسام ہو سکتی ہیں۔ لہذا انسانی قواعد (Grammer of Language)
بھی مختلف سیاق و سباق میں مختلف طریقوں کے توسط سے اپنا کام کرتی ہے۔ چونکہ زبان کے معاشرتی اور دیگر
سطحوں پر کام کرنے کی ساختیاتی ترتیب و تہذیب بے حد پیچیدہ ہے لہذا زبان کے میکانکی عمل کو سمجھنے کے سطحی
قواعد کو عمق قواعد سے ممیز کرنا بے حد ضروری ہے۔ وہ اس سلسلے میں جامع مثالوں کے ذریعہ قواعد کے ان
دونوں اقسام کے فرق کو ظاہر کرنے کی کوشش کرتا ہے۔ وٹ کنسٹائن اپنی کتاب ” فلسفیانہ تحقیقات“ کو
قواعدی یا نحوی تفتیش کا نام دیتا ہے۔ فی الاصل ہماری تحقیق کی نوعیت صرف و نحو کی چھان بین ہے جس کا
مقصد ان لسانی کوتاہیوں
کا ازالہ ہے جو فلسفیانہ مواد میں پیدا ہو کر قاری
کو غلط نہی میں مبتلا کر سکتے ہیں ۔""
روز مرہ کی زندگی میں زبان کے طریقہ کار کو سمجھانے کے لئے وٹ کنسٹائن نے ایک دلفریب مگر گمراہ
کن مفروضہ کا سہارا لیا ہے کہ لسانی وحدت
کی توضیح ممکن ہے۔ دوسرے الفاظ میں ہم زبان کے طریقہ کار
کے
مختلف قسم کی بے پایاں سرگرمیاں اکائی کی شکل میں بلا کسی ٹکراؤ کے آپس میں کام کر سکتی ہیں۔ اس نے اس
بات کا کھلے دل سے اعتراف کیا ہے کہ اپنی ماقبل کتاب میں وہ ڈھیر ساری منطقی اغلاط کا مرتکب ہوا ہے۔ وہ
نہ صرف Tractatus کے حوالے سے ” سنگین غلطیوں کی نشاندہی کرتا ہے بلکہ اس نے سینٹ آکسفین
کے اعترافات میں شامل زبان کے متعلق بعض بیانات کو بھی اپنی سخت گیر تنقید کا ہدف بنایا ہے ۔ وہ اس ضمن
میں سینٹ آگسٹین کے بہت سارے سطور نقل بھی کرتا ہے۔ اس عمل سے وہ اپنے فکری انشراح کی کیفیت کو
نمایاں کرنے کی کوشش کرتا ہے۔ زبان کے حوالے سے سینٹ آگسٹین کی بعض منتخب تحریروں
کو نقل کرنے کے
بعد وٹ گنٹائن ہمیں بتاتا ہے کہ لسانی تصور ایک بے حد قدیم تصور ہے۔ عہد پارینہ سے تا حال انسانی
ذہنوں نے لسانی معاملات پر غور و فکر کیا ہے مگر یہ ساری فکری تفتیش غلط خطوط پر کی گئی ہے اور نتیجے کے طور پر جو
تصور سامنے آتا رہا ہے وہ بھی سرتا سر غلط رہا ہے۔
اصلا وٹ کنٹائن زبان کو کسی یک رنگی اور غیر متبدل شے کی شکل میں دیکھنے کا مخالف ہے۔ اس کے
نقطۂ نظر سے یہ ایک مختلف النوع اور بوقلموں سرگرمیوں کا مجموعہ ہے جس میں معاشرتی ، تہذیبی اور ثقافتی
تبدیلیوں کے زیر اثر نئے الفاظ کی آمد اور متروک الفاظ کے خروج کا غیر مختم سلسلہ جاری وساری رہتا ہے۔
جیسا کہ اوپر بیان کیا جا چکا ہے کہ زبان کے وظائف کا کوئی شمار نہیں ۔ اس کا استعمال کرنے والا حسب مقصد اور
حسب حالات اس کو لا تعداد طریقوں سے وسیلہ اظہار بنا سکتا ہے۔ زبان کے ذریعہ رپورٹنگ ، اطلاع رسانی،
اثبات وانکار، اظهار تنفر، ترجمه، وارنگ، دعا و مناجات ،تشکر، احساس و جذبات کی ترجمانی ، تبادلہ خیالات،
دعا و بددعا اور نہ جانے کیا کیا ممکن ہے۔ ان سارے مختلف رویوں اور پیرائے اظہار کو ویٹ گنسٹائن لسانی
کھیلوں کا نام دیتا ہے۔ در حقیقت اس اصطلاح کی بدولت وہ زبان کی اس مابہ الامتیاز صفت اور وصف کو
اجاگر کرتا ہے جس کی بناء پر وہ رنگارنگ سرگرمیوں کا مجموعہ بن کر ہمارے سامنے آتی ہے اور زندگی کی ہیت و
ساخت کے تمام امکانی پہلوؤں اور بالقوہ جہات کی نشاندہی کرتی ہے۔ وٹ گنسٹائن پھر وضاحت کے ساتھ
لسانی کھیل کے کثیر الا بعاد اور کثیر الانواع رویوں اور ان سے وابستہ پیچیدگیوں پر سیر حاصل بحث کرتا ہے۔
اس کا کہنا "" لسانی آلہ جات کی بہتات اور ان کے کثیر الجبت استعمال کا موازنہ ایک طرف اور الفاظ و جملوں
کے غیر مخاتم ذخائر اور منطق دانوں کے لسانی ساخت کے بیانات کا موازنہ دوسری طرف خالی از دلچسپی نہیں ۔“
فی الحقیقت وہ ان موازنوں کے ذریعہ لسانی کھیلوں کی گوناگونی اور مختلف الشکلی اور منطق دانوں کے گمراہ کن
موقف اور طرز فکر کے درمیان ایک واضح حد فاصل قائم کرنا چاہتا ہے۔ وٹ کنسٹائن نے کھیل“ کی جو
اصطلاح وضع کی ہے اس سے اس کی مراد مختلف لسانیاتی سرگرمیوں جیسے رپورٹنگ ، واقعاتی بیان یا احساساتی
تذکرے کی اہمیت کو کم کرنا نہیں ہے۔ وہ اس بدیہی صداقت کو اجاگر کرنا چاہتا ہے کہ زبان دراصل لسانی
کھیلوں کا ایک مجموعہ ہے اور کوئی زبان ایسی نہیں ہے جس کو اکائیوں سے متعلق یا اکائی کی خصوصیت رکھنے والی
تھیوری کی شکل میں پیش کیا جاسکے۔ ویٹ کنٹائن نے یہ بات غیر مبہم انداز میں واضح کر دی ہے کہ زبان کے
خود کارانہ نظام کا انصرامی ادارک اس وقت ممکن ہے جب ہم پہلے زبان کی بوقلمونی اور اس کے افراط کو بدیہی
شرط کے طور پر تسلیم کر لیں۔ کوئی لفظ ایسا نہیں ہو سکتا جو سب کے لئے یکساں قدرمشترک کا حامل ہو سکتا ہولیکن
ہر لفظ اور ہر جملے کے معنی و مفہوم اور اس کی توجیہہ جدا گانہ طریقیات کی بنیاد پر ہی ممکن ہے۔
اپنی ماقبل الذکر کتاب Tractatus کے برخلاف ویٹ گنسٹائن نے عمد و قصداً کسی منضبط استعمال
معنی کے نظریے use Theory of Meaning کو فلسفیانہ تحقیقات میں پیش کرنے کی کوشش نہیں
کی ۔ وٹ کنسٹائن نے لسانی کھیل کے بہتات کے حوالے سے اظہار و اسلوب بیان ، ترکیب الفاظ، جمله
سازی اور اس کے متعلق رویوں اور طریقوں کو بھی بوقلمونی اور بہتات کا حامل بنا کر شعوری اور ارادی طور پر
استعمال زبان کے نظریئے کے افق کو وسیع تر کرنے کی کوشش کی ہے۔ مزید برآں وہ جملوں اور الفاظ کے
وظائف، ان کے اہداف و مقاصد اور لسانی ترویج وارتقاء کے باب میں ان کے متوقع کردار اور خدمات کی
بابت بھی خیالات کا اظہار کرتا ہے۔ چونکہ یہ باتیں اس مضمون کے حدیقے اور دائرہ کار سے خارج ہیں لہذا
ان پر سیر حاصل بحث کا یہ مناسب موقع نہیں ۔ ” فلسفیانہ تحقیقات کا مرکزی خیال یہ ہے کہ کسی زبان پر کامل
عبور حاصل کرنے کے لئے الفاظ بندی ، جملوں کی بناوٹ اور ان کی تراش خراش اور لفظوں کے حوالے سے
ترجمانی جذبات کے وسائل لسانی کھیلوں کی طرح نہ ختم ہونے والے ذخائر کی شکل میں موجود ہوں ۔ جب
لسانی نظریہ کے مفروضات کی یہ شکل ہوگی تو ان کے تعلق سے لسانی نظام کسی اکلوتے فارمولے کے کیسپول
میں تن تنہا مقید رہنے کے بجائے لسانی کھیلوں کے بہتات اور ان کی کثیر الجہتی کے باعث وسیع تر بنیادوں پر
باہمی تضادات کے باوصف ، میکانکی انداز اور خود کارانہ انداز میں کام کرتارہے گا۔
فلسفیانہ تحقیقات میں وٹ کنسٹائن نے کہیں پر بھی براہ راست یا بالواسطہ طور پر یہ بات نہیں کہی ہے
کہ معانی کا تعین الفاظ کے استعمال کے حوالے سے کیا جا سکتا ہے یا یہ کہ انسانی رویوں کے تناظر میں الفاظ
کے معیناتی امکانات کی توضیح ممکن ہے وہ جو کچھ کہتا ہے فی الاصل وہی اس
کی تجاویز بھی ہیں ۔ یہ اور بات ہے
کہ اس نے ایک نرالے ڈھنگ سے اپنے نقطہ نظر کو پیش کرنے کی کوشش کی ہے۔ اس کا کہنا ہے کہ کسی بھی لفظ
کے معنی کا ادراک زبان کے استعمال کے دوران ہی ہو سکتا ہے۔ اس سلسلے میں ویٹ کنسٹائن نے بہت ساری
معروضی مثالوں کے ذریعے اپنی بات کو باوزن بنانے کی کوشش کی ہے۔ اگر کسی لفظ یا اصطلاح سے کوئی لیبل
ذہن میں نمایاں ہوتا ہے تو پھر اس مخصوص لفظ کے ساتھ اس مخصوص لیبل کو منسلک کرنے کی ضرورت نہیں اور نہ
یہ کوئی عقل سے متصف بات ہوگی کہ لفظ کے مطلب یا مفہوم کو ہی اس کا استعمال متصور کر لیا جائے ۔ اس ضمن
میں وٹ کنسٹائن نے ایک مثال کے ذریعہ اپنی بات کو عقلی معیار کی کسوٹی پر درست ثابت کرنے کی کوشش کی
ہے۔ اگر ہم یہ کہیں کہ لفظ ”انسان“ کا مطلب ” حیوان استدلالی ""Animal Rational ہے تو یہ کوئی غیر معقول
بات نہیں ہوگی لیکن اگر یہ کہا جائے کہ زبان کے حوالے سے انسان کا حقیقی مطلب حیوان استدلالی ہے تو یقینا یہ
لفظیاتی ترکیب منطق کی رو سے ایک گمراہ کن لسانی اصطلاح
یا زبان کا کوئی مسخ شدہ آمیزہ ہی ہوسکتا ہے۔ لیکن
زبانی اظہار خیال یا کسی مخصوص ڈسکورس کے حوالے سے اگر ہم مطلب یا معنی کی بابت غور کریں تو یہ اصطلاح
مبنی بر عقل اور منطقی محرکات سے ہم آہنگ نظر آتی ہے۔ اس سلسلے میں موٹ کنسٹائن سے ہم عاریتاً بہت سی
مثالیں حاصل کر سکتے ہیں۔ جیسے چال چلن کے معنی کسی خاص عمل کے معنی ، زندگی کے مخصوص رویوں کے معنی ،
علی ہذا القیاس۔ یہاں لفظ معنی سامع یا قاری کے لئے لایعنی کیفیت کا سامان فراہم نہیں کرتا۔ وہ اصطلاح کی
عدم موانست کے باوصف عقلی سطح پر اس کی تشریح کے لئے خود کو ذہنی طور پر تیار کرنے کی کوشش کرتا ہے۔ زبان
کے حوالے سے ایسی عملی سرگرمیوں کے پس پردہ منطقی محرکات کارفرما ہوتے ہیں جن پر دعوت فکر دینے سے
ذہن کو ان کے استعمال یا با لقوہ استعمال کے متعلق تھوڑی بہت یا تمام و کمال معلومات حاصل ہو سکتی ہیں ۔ اس
تناظر میں ایک لفظ سے آگاہی اور ادراک فی الاصل ایک ایسے عمل سے آگاہی ہے جس کے متعلق اس وقت
تک کچھ نہیں کہا جا سکتا اور نہ جس کو سمجھا اور پر کھا جاسکتا ہے جب تک اس کی بابت یہ نہ معلوم ہو جائے کہ اس
عمل کا جواز کیا ہے؟ وہ عمل کن محرکات سے شروع ہوتا ہے اور کن حالات میں اپنے منطقی انجام تک پہنچ سکتا
ہے ۔ علاوہ ازیں اس کے متعلق یہ بھی جاننا ضروری ہے کہ وہ عمل کس کے لئے ہے اور اس کے پس پردہ کون سا
مقصد کارفرما ہے ۔ دوسرے الفاظ میں وہ کس نوع کی معنویت کا حامل ہے۔
فلسفی عموماً اور عادتا لسانی تجزیے کے سیاق و سباق میں زیر حوالہ علامات اور نشانات کو بنیادی پتھر بنا کر
اپنے استدلال اور تاویلات کی عمارت کھڑی کرتے ہیں۔ ایسے مفکرین کو مجبور نہیں کیا جاسکتا کہ وہ لفظوں کو
اشیاء کے نام سے یاد نہ کریں اور جدید منطقی روش اختیار کر کے لفظوں کو ایسے آلہ جات کے طور پر سوچا کریں
جن کو روزمرہ کی عملی سرگرمیوں میں مختلف طریق عمل سے استعمال کیا جاتا ہو، جن کے استعمال سے انسانی
رویوں میں حر کی بنیادوں
پر تبدیلیاں لائی جاسکیں یا اشیاء کو دیکھنے اور سمجھنے کے انسانی نقطۂ نظر میں تبدیلی ممکن
ہو ۔ فلسفیوں سے یہ توقعات وابستہ رکھنایا ان سے اس باب میں مسلسل تقاضے کرنا شاید ان کے روایتی رویوں
کے ساتھ غیر منصفانہ زیادتی ہوگی۔ زبان کی تمثیلی صراحت اس حقیقت کو آشکار کرتی ہے کہ کھیل (Game)
بطور معنی لسانی عمل اور الفاظ کے تفاعلی اور حرکی انداز فضیلت کی عکاسی کرتا ہے اور زندگی کے ہیئت اور رویوں
کا ترجمان بھی ہے۔ اس حوالے سے اگر ہم متعلقہ جزئیات کا بہ نظر امعان مطالعہ کریں تو ہمارے سامنے جو
صورتِ حال آئے گی وہ شفاف اور ابہام سے عاری ہوگی ۔ وٹ کنسٹائن کے منطقی استدلال کی رو سے ایک
آدمی جس طرح کسی کھیل میں سوچ بچار کے بعد کوئی چال چلتا ہے بالکل اسی طرح وہ روز مرہ زندگی میں
الفاظ سے بھی وہی کام لیتا ہے۔ جس طرح یہ سوال کرنا بے معنویت کی دلیل ہے کہ کھیل میں اس کی مخصوص
چال
کس مقصد کی نمائندہ تھی ، اسی طرح اس بات کو معلوم کرنے کی کوشش بھی بے معنی ہوگی کہ فلاں فلاں وقت
پر اس نے جو فلاں فلاں لفظ ادا کیا تھا تو اس کے پس پردہ کون سے محرکات کارفرما تھے؟ اگر ثانی الذکر موقع کسی
کے پیش نظر ہو تو مکن ہے کہ وہ رسم و رواج کی بنیاد پر قائم شدہ پیش پا افتادہ جوابات سے کام چلانے کی کوشش
کرے مگر اس کی یہ کوشش غیر متاثرکن اور موقع کے لحاظ سے عدم تطابقت کی نماز ہوگی۔
وٹ کنٹائن نے ایک موقع پر کہا تھا کہ "" کسی بھی لفظ کے معنی زبان کے استعمال کے تناظر ہی میں
متعین ہو سکتے ہیں ۔ اس کا یہ قول یاد گار حیثیت کا حامل ہے۔ اس کی توضیح و توجیہہ معنویت کی بو قلمونی کو اجاگر
کرتی ہے۔ بہت ہی کم وقفے میں اس کے منطقی استنباط کی پذیرائی میں اضافہ ہوا کیونکہ اس دوران بہت سے
معتبر شارحین اور منطق دانوں نے اس تصور کی شدومد سے
مخالفت شروع کر دی کہ کسی بھی لفظ کے معنی اصلا وہ
ہوتے ہیں یا ہو سکتے ہیں جو ایک مقرر اسپیکر بولنے سے قبل اس کے متعلق سوچتا ہے یا جو بولنے والے کے
ذاتی مخفی احساسات سے متعلق ہوتے ہیں۔ اگر ہم لفظ "" درد یا تکلیف کے قابل ادراک معنی تلاش
کرنے کی کوشش کریں تو ہم پر یہ بات واضح ہو جائے گی کہ اس باب میں اس لفظ کے وہی معنی ہوں گے جو
عمومی محسوسات یا عمومی قوت مدرکہ سے ہم آہنگ ہوں گے۔ اس سلسلے میں نجی یا پرائیویٹ معنی کی تلاش بے
سود ہی ہوگی۔
وٹ گنٹائن کے لسانی نظام کے تجزیے کے سلسلے میں بے شمار ایسے الفاظ بھی ہمارے سامنے آئیں
گے جن کا جدا گانہ مطالعہ خالی از دلچسپی نہیں ہو گا۔ اس عمل سے گزرتے وقت ہم پر یہ حقیقت ظاہر ہو جائے گی
کہ ویٹ گنٹائن کے لسانیاتی نظام کے بنیادی اصول فلسفے کے بدیہی اصول اور مبادی سے علی الاعلان
متصادم ہوتے ہیں۔ اس حوالے سے یہاں لفظ SENSATION (سنسنی ) پر تھوڑی سی بات ہو جائے تو
بہتر ہے۔ سنسنی خیزی یا جذباتی اشتعال کو انسانی زندگی سے خارج نہیں کیا جاسکتا۔ ہم سب اس تجربے، اس
عمل سے روزانہ گزرتے ہیں۔ لسانی نظام میں بھی اس اصطلاح کا مقام ہے اور بامعنی استعمال بھی ۔ وٹ
گنٹائن اپنی کتاب "" تحقیقات میں بلند آہنگی کے ساتھ کہتا ہے کہ لفظ سنی (SENSATION) اس نجی
زبان
کا جزو نہیں ہو سکتا جس کا تعلق صرف بولنے والے کی ذات تک محدود ہو۔ وٹ گسٹائن کا یہ منطقی نتیجہ کی
طور فلسفیوں کے لیے قابل قبول اور قابل برداشت نہیں ہو سکتا۔ وہ کہتے ہیں کہ احساساتی برافروختگی سراسر
نجھی ہوتی ہے۔ دوسرا شخص میرے درد کی شدت کو مخصوص نہیں کر سکتا‘ ویٹ کنسٹائن اس امر سے خوب واقف
ہے کہ فلسفی اس کی بہت ساری باتوں کو ہرگز تسلیم نہیں کریں گے بلکہ کچھ تو اسے بھی ہوں گے جو شائد مغلوب
الغضب ہو کر اس کے خلاف اعلانِ جنگ بھی کر بیٹھیں۔ لیکن وٹ کنسٹائن کو ایسی مخاصمتی تنقید کی زیادہ پرواہ
بھی نہیں ۔ اسے یقین ہے کہ فلسفی زبان کو گنجلک شکل شے کر فلسفیانہ مبادیات کے اہم ترین منہا جات کو عملی
استعمال سے محروم کر دیتے ہیں۔ اس کے خیال میں فلسفے جیسے اہم اور حساس شعبے میں جو انتہا پسندانہ لسانی
موشگافیاں اور غیر متوازن لفظیاتی تراکیب استعمال ہوتی ہیں وہ فلسفیانہ نظریات کے تہ دار، تیز فہم اور نکتہ ریس
عنا صر کو اجاگر کرنے اور دور رس اور بصیرت وفراست سے بھر پور مسائل کو منکشف کرنے کی بجائے انھیں عقلی
شناخت و ادراک سے معرا اور نا قابلِ امتیاز و استعمال بنا کر رکھ دیتے ہیں۔ ویٹ گنسٹائن کے الفاظ میں
فلسفی آفاقی اہمیت کے سوالات کے ساتھ یوں برتاو کرتے ہیں جیسے وہ کسی بیماری کا علاج معلوم کرنے کی
کوشش کر رہے ہوں۔“
اس پس منظر میں اگر کوئی تحقیق و تدقیق کے بعد دریافت کرتا ہے کہ انسان کی جذباتی سنسنی خیزی
پرائیویٹ ہے تو اس فلسفیانہ اصول متعارفہ (AXIOM) کورٹ کنٹائن مستر د کر دیتا ہے۔ اس کے خیال
میں ایسے شخص کو علاج کی اشد ضرورت ہے۔ مزید برآں ایسا فلسفی جو جذباتی حسیت اور محسوساتی سنسنی خیزی
اور جذباتی اشتعال کی ذمہ دار واردات کو نجی اور ذاتی سمجھتا ہے وہ در حقیقت لفظ SENSATION کو قواعد
کی کسوٹی پر پر کھنے میں غلطی کا مرتکب ہو رہا ہے۔ اور اس کا رویہ اس باب میں غیر لسانیاتی منہاج کے ماتحت
ہے۔ اصلا وٹ کنسٹائن فلسفیوں کے برخلاف لسانی کردار کو عوامی مزاج اور عوامی احساسات کے تابع دیکھنا
چاہتا ہے۔ اور اس ضمن میں اس نے منطقی معروضیت اور مثالوں کے ذریعہ یہ ثابت کرنے کی کوشش کی ہے کہ
زبان کسی شخص کی ذات تک محدود نہیں ہوسکتی۔ زبان کا یہی عوامی مزاج اس کو زندگی کے عملی رویوں سے ہم
آہنگ کرتا ہے ۔ وہ فلسفیوں کے اس خیال کو یکسر مسترد کرتا ہے کہ معنی (MEANING) اور ادراک انسانی
زندگیوں کے داخلی پہلوؤں کی آئینہ داری کرتے ہیں اور اس لحاظ سے ذہنی عمل کے ترجمان ہیں۔ اس کی
تحقیقات میں نجی زبان کی دلیل (PRIVATE LANGUAGE ARGUMENT) کی اہمیت سے
انکار نہیں ۔ اس دلیل کے ذریعہ وہ فلسفے کے مسلم الثبوت اصول و مبادی کی نفی کی کوشش کرتا ہے اور اپنے
موقف کو منطقی طور پر باوزن بنانے کے لیے دلائل اور تاویلات کی بو قلمونی اور عملی زندگی کے متنوع مثالوں سے
کام لیتا ہے۔ نجی زبان سے اس کی مراد یہ ہے کہ کوئی شخص کسی ایسی شئے (زبان) کا موجدہ نہیں بن سکتا جس کو
بروئے عمل لا کر صرف اپنے محسوساتی واردات یا ذہن کے خفتہ تصور کو ہی سمجھ سکتا ہو ۔ اس سلسلے میں اور پر ہم نے
لفظ سنسنی“ کا ذکر کیا تھا۔ جس کو نجی زبان کے ذیل ہی میں رکھا جاتا رہا تھا۔ وٹ گسٹائن اس ضمن میں
فلسفیوں کے تعین شدہ اصولوں کی سختی کے ساتھ مذمت کرتا ہے۔ اور کہتا ہے کہ لسانی کردار کے حوالے سے
ان کی غلط موقف کے سبب فلسفے کے بنیاد گزارانہ اصولوں کو غلط سمجھا جاتا رہا ہے۔ اس کے خیال میں زبان
اصلاً عوام الناس کے ماڈی اور غیر مادی پہلوؤں کے تمام تر جزئیات سے متعلق ہے۔ چونکہ وٹ کنسٹائن کی
پوزیشن واضح ہے لہذاوہ پرئیویٹ زبان کے وجود کو قطعا تسلیم نہیں کرتا ۔ مگر ہم اس کی کتاب ”فلسفانہ تحقیقات“
میں دیکھتے ہیں کہ پرائیویٹ زبان کو اس نے ایک جگہ ایک خاص اضافی مقصد کے تحت وضاحت کے ساتھ
استثنائی ٹریٹ مینٹ دیا ہے۔ ویٹ گنسٹائن فلسفے کی اس مروجہ روایت سے خوب واقف تھا جو ڈیکارٹس کے
عہد سے شروع ہو کر فلسفے کا ناقابل تنسیخ اصول مسلمہ بن چکی تھی کہ آگہی (KNOWLEDGE) اور تفہیم
(EXPLANATION) کا نقطہ آغاز نہ صرف خود آگاہی اور خود ادرا کی ہے بلکہ اس کے لیے یہ بھی
ضروری ہے کہ قوتِ سوچ ، ذہنی کیفیت اور شعوری و لاشعوری افعال سے ہمارا براہ راست تعلق ہو۔ اس
حوالے سے ڈیکارٹ کا یہ عہد ساز جملہ کہ ” میں سوچتا ہوں"" (I THINK) فی الحقیقت اس بات کی ضمانت
دیتا ہے کہ ” میں سوچتا ہوں یا زندہ ہوں (EXIST (1) تجربیت پسندوں (EMPIRICISTS) کے
نزدیک حسیاتی تجربات اور ان پر ہمارے ان کا سات ہی فی الاصل ہمارے معتقدات کے وہ بنیاد گزار نقطہ
ہائے نظر ہیں جن کی مدد سے ہم دوسری اشیاء کی موجودگی اور دوسروں کی خفتہ ذہنی کیفیات کو بھی بھانپ لیتے
ہیں ۔ اگر اس زاویہ نگاہ سے زندگی کی داخلی پرتوں میں جھانکنے کی کوشش کی جائے تو نجی زبان یا نظام رابطہ کے
امکانات کو عملی شکل دی جاسکتی ہے۔ اگر ایک رابن سن کر دوسو کی مثال اپنے سامنے رکھیں تو ہم پر یہ محسوساتی
حقیقت واضح ہو جائے گی کہ ایسا شخص اپنے ارد گرد کے جغرافیائی اور غیر معاشرتی حالات و تغیرات کے پس
منظر میں ایک ایسی رمزیاتی یا کنایاتی زبان کا مخترع ہو سکتا ہے جو اس کی زندگی کے عجیب الہیت ماحول اور
تجربات سے کامل طور پر مطابقت رکھتی ہو اور جس کو رہنما اصول ، مقیاس کے طور وہ تنہائی کے اس سائیں
سائیں کرتے ہوئے جنگل میں خود کلامی کے لیے بھی استعمال کر سکتا ہے، اور خود اپنے سوالات کے جوابات
بھی دیتا ہوا ساری زندگی گزار سکتا ہے۔
نجی زبان کا آئیڈیا ہمیں یہ بتاتا ہے کہ داخلی جذبات و احساسات مثلا سنسنی خیزی، خوف، تکلیف اور
مخصوص داخلی کیفیت کو فی الفور اظہاریت کے کن رویوں، کن ذرائع سے ظاہر کیا جا سکتا ہے۔ ان محسوساتی ردّ
عمل میں ہم کسی کو بالکل ہی شامل نہیں کر سکتے ۔ وہ بلا شرکت غیرے ہمارا اور صرف ہمارا ہی ہوتا ہے۔
منطقیت کو ایک نیا انداز دیتے ہوئے ویٹ گنسٹائن یہ ثابت کرنے کی کوشش کرتا ہے کہ معاشرتی پس منظر میں
نجی (پرائیویٹ ) زبان اور عوامی (PUBLIC) زبان میں اصلاً کوئی حد فاضل نہیں ۔ دراصل دونوں ایک ہی
سکے کے دوزخ ہیں ۔ دوسرے الفاظ میں عوامی زبان تو عوامی ہے ہی لیکن نجی (پرائیویٹ ) زبان بھی عوامی ہی
ہے
کیونکہ جن سماجی حالات اور معاشرتی بیک گراؤنڈ میں لوگ پل کر بالغ نظر ہوتے ہیں۔ تو اس دوران ان
پر ارد گرد کے تغیرات اور تجربات کے اثرات کا مرتب ہونا عین قدرتی ہے۔ عمر کی پختگی اور بلوغت کے مراحل
میں وہ درد، خوشی اور دیگر جذباتی موقعوں پر جن تاثرات کا اظہار مختلف انداز میں کرتے ہیں وہ ان کے ایجاد
کردہ اشاریے ارد عمل نہیں ہوتے ۔ وہ فی الحقیقت وہی کرتے ہیں جو انہوں نے جسمانی اور ذہنی بلوغت
کے پہنچنے تک ماحول، تجربات اور معاشرتی تغیرات سے براہ راست یا بالواسطہ طور پر اثر پذیر ہو کر شعوری یا
لاشعوری طور پر سیکھا تھا۔ لہذا ایسے موقعوں پر وہ اپنے اکتسابی و غیر اکتسابی تجربات و مشاہدات کا محض اعاده
کرتے ہیں ۔ جب صورت حال ایسی ہو تو زبان کسی بھی طرح پرائیویٹ نہیں ہو سکتی اور اس کو عوامی کہتا ہی مینی
بر صداقت ہے۔ دوسرے الفاظ میں وٹ کنسٹائن یہ کہنا چاہتا ہے کہ تمام لفظوں کے استعمال ہی میں ان کے
معنی پوشیدہ ہیں اور کسی معاشرے میں لفظوں کے استعمال کا تعین عوام الناس کے طے شدہ اصولوں کے تحت
ہی ہوتا ہے۔ مزید برآں لسانی رویوں کی جڑیں انسانی زندگیوں میں مضبوطی کے ساتھ اور بڑی دور تک
پیوست ہوتی ہیں۔ چونکہ لسانیاتی نظام اور معاشرتی اقدار کا چولی دامن کا ساتھ ہے لہذا وٹ کنسٹائن کے
نزد یک زبان
بنیادی طور پر عوام کے اجتماعی انداز فکر کی ترجمانی کرتی ہے اور تسلیم شدہ عوامی کسوٹی کے بنیادی
لوازمات سے کلی طور پر مطابقت رکھتی ہے۔ اس منطق کے تحت انسان کے محسوساتی تاثرات مثلاً ڈپریشن،
درد، بوریت و غیرہ بھی شخصی اور ذاتی تاثرات میں شامل نہیں ہو سکتے ۔ وہ سب عوامی محک یا پر کھنے کے معیار
کے ذیل میں آتے ہیں کیونکہ ان کی پیداوار کی حقیقی وجوہ بھی اردگرد کے وہ سارے معاشرتی عناصر ہیں جن کی
با ہمی عمل پذیری کے سبب ہی ایک شخص پر یہ کیفیات ایک خاص انداز سے اثر انداز ہوتے ہیں۔
وٹ کنٹائن نے اپنی اولین تخلیق TRACTATUS میں نفسیاتی سوالات کو یکسر مستر د کر دیا تھا۔
چونکہ اُنہی کے ذیل میں اس نے تجربات اور معلومات سے متعلق سوالات کو اصول تجر بیت پسندی
EMPIRICISM سے ہم آہنگ قرار دیا تھا لہذاوہ فلسفے کے بجائے سائنس کی کسوٹی پر پورے اترتے
تھے۔ شاید یہی وجہ تھی کہ TRACTATUS میں خال خال ان کا تذکرہ ملتا ہے۔ اس کے برعکس اس کے
بعد کی تحریروں میں یہ سوالات معانی کی بحث کے ساتھ ساتھ مرکزی حیثیت اختیار کر لیتے ہیں۔ وہ اس
نظریے یا تصور کا سرے سے قائل ہی نہیں کہ تجربات، خیالات، محسوسات توقعات یا تصورات وارادے
جیسے زندگی کے بنیادی اجزائے ترکیبی انسان کی داخلی اور پرائیوٹ زندگی سے تعلق رکھتے ہیں۔ ان
کا تعلق ہر
فرد کے لیے جداگانہ حیثیت کا حامل ہے۔ لہذا عدیم النظیری (UNIQUENESS) ان کا وصف ہوتا ہے۔
اصلاً جس عمومی نقطہ نظر کو وہ مسترد کرتا ہے وہ فلسفے کے قلم رو میں ڈیکارٹس کے وقت سے مستند و معتبر سمجھا جاتا رہا
تھا۔ اس موقف یا زاویہ نگاہ کے تحت موضوع تجربات و مشاہدات کو ایک خاص قسم کی اہمیت حاصل تھی۔ اس
خیال کی رو سے ارد گرد کے عناصر سے ہمارا براہ راست با ہمی تفاعل (INTERACTION) ہمارے
ذہنوں پر ایسے دور رس اثرات مرتب کرتا ہے جو نہ صرف ہمارے علم و دانش اور ادراک کی جڑوں کو مضبوط کرتا
ہے بلکہ ہمیں ایک ایسے نقطہ آغاز سے بھی روشناس کراتا ہے جس کے سبب ہمیں اپنے آپ سے بھر پور آ گاہی
ہوتی ہے اور خارجی عوامل و عناصر کا اند کاس بھی ہمارے ذہن میں اجاگر ہو جاتا ہے۔ لہذا اس نقطہ نظر کے لحاظ
سے فرد کی خارجی کائنات بھی اس کے اندر ہی ہوتی ہے۔ ہم نہ صرف اپنی داخلی زندگی کے زیریں پرتوں سے
واقف ہوتے ہیں بلکہ خارجی دنیا کے الجھے ہوئے تار و پود کو بجھنے، پرکھنے اور سلجھانے کے پیچیدہ فن پر بھی
چابک خارجی دست مہارت حاصل ہو سکتی ہے۔ ڈیکارٹس کے فلسفیانہ معتقدات کے حوالے سے اس بنیادی
نکتے کی موجودگی کے سبب ہم شک وشبہ سے مبر استیشن کی حالت میں رہتے ہیں۔
تجربیت پسندوں EMPIRICISTS کے نزدیک یه حسی تجربہ ہے جس کا حرکیاتی عمل کا ئنات سے
متعلق ہمارے معتقدات کے لئے بنیاد گزاری کا کام کرتا ہے۔ اس نظریے کے مطابق صیغہ واحد متکلم سے
وابستہ نفسیاتی کیفیات سے آگاہی قطعاً مشکل نہیں جبکہ صیغہ غائب (THIRDPERSON) سے جو
آگاہی کشید کی جاتی ہے وہ علی الرغم یا بصورت دیگر ہے ۔ ڈیکارٹس نے اس کی یہ وجہ بیان کی ہے کہ دوسروں
میں تغیراتی کیفیات کی نشاندہی زیادہ سے زیادہ معتبر ذرائع اور شہادتوں سے ماخوذ نتیجہ ہو سکتی ہے یا ایسے
نکات جو اسنباطی طور پر ہمارے سامنے آتے ہوں مگر جن کی سو فیصد معروضیت کی ضمانت دینا کسی کے لئے
ممکن نہیں ۔ یہی وجہ ہے کہ صیغہ غائب کے حوالے سے جو آ گہی حاصل ہوتی ہے وہ کار تیزی نظریئے
(CARTESIAN PHILOSOPHY OR CONCEPT) کے مطابق اکثر و بیشتر مشکل الحصول
ثابت ہوتی ہے۔
جس طرح مارکس نے ہیگل کے جدلیاتی نظام (DIALECTIC) کو معکوس کر کے اپنے نظام فکر کو
منضبط طریقے سے پیش کیا تھا، کم و بیش وہی معکوسی منہاج وٹ کنسٹائن نے بھی کار تیزی مبحث کے باب میں
کمال مہارت کے ساتھ استعمال کیا ہے۔ وہ ڈیکارٹس کی اس منطق سے متفق نہیں کہ صیغہ غائب کے حوالے
سے منسوب ہونے والی نفسیاتی صورت حال رکیفیات انسانی ذہنوں میں کنفیوژن اور ژولیدگی کو جنم دیتی ہیں۔
اسے یقین ہے کہ ایسے مخصوص حالات میں عوامی مقیاس کو رو بہ عمل لایا جا سکتا ہے جس کے تحت تکلیف ہنسنی ،
دیگر احساسات و غیره شخصی رذاتی وارداتیں نہیں بلکہ عوامی یا اجتماعی محسوسات کے انعکاس کو اجاگر کرتی ہیں۔
ان کی باریک بینی کے ساتھ تحقیق اور چھان بین ضروری ہے۔ اس کی وجہ اس کے نزدیک یہ ہے کہ ڈیکارٹس
اور دوسروں نے جو منطقی تاویلات پیش کی ہیں ان کے بالقوہ امکانات کو پر کھنے میں انہوں نے فلسفیانہ حوالوں
سے غلط اندازہ لگایا تھا اور یوں ان کا نظریہ غیر منطقی افکار کا اندوختہ ہو کر رہ گیا ہے۔ وٹ کنسٹائن نے اپنی
ما بعد تحریروں میں کئی جگہ پر واحد متکلم کے ذریعہ مختلف النوع نفسیاتی کیفیات کو ظاہر کرنے والی صورتوں کو
پیش کیا ہے ۔ مثلاً
میں سخت درد کی حالت میں ہوں""
میرا خیال ہے کہ میں درد کی حالت میں ہوں
” میرے توقع کے مطابق میں درد کی حالت میں ہوں“.
وٹ گنسٹائن کی رائے میں مندرجہ بالا کلمات انسان کی مخفی صورت حال کی بو قلمونی کو مختلف طریقوں
سے اجاگر کرنے کی کوشش ہیں۔ دوسرے الفاظ میں ہم کہہ سکتے ہیں کہ یہ اسالیب بیان یا لفظیاتی ترکیبیں
نفسیاتی حوالے سے انسان کے داخلی طرز عمل یا رویوں کے اظہار رانکشاف کا نام ہے۔ یہاں کلیدی تصور
اظہار EXPRESSION ہے۔
وٹ گنسٹائن یہ ثابت کرنے کی کوشش کرتا ہے کہ انسان کس طرح SENSATION سے متعلق
مختلف النوع ناموں کے معانی سیکھتا ہے اور انہیں مختلف مواقع پر استعمال کرتا ہے۔ یہاں اس کی ہے دی
ہوئی ایک مثال ( درد یا PAIN) کے حوالے سے بات ہو سکتی ہے۔ اس کے خیال میں ایک ایسا امکان
موجود ہے جس کے تحت SENSATION سے استعمال شدہ اصطلاحات رالفاظ کی جڑیں اس عہد عتیق
میں پیوستہ ہو سکتی ہیں جو الفاظ کا نعم البدل ثابت ہوتے تھے۔ جب بول چال کی زبان مروج ہوئی تو
اظہاریت کے رنگ و آہنگ میں بھی تبدیلی آگئی ۔ مثلاً ایک بچے کو جب چوٹ لگتی ہے تو وہ بے ساختہ چیخنے
چلانے لگتا ہے۔ بعد ازاں وہ اپنے بزرگوں سے وقت اور موقع کے لحاظ سے مناسب جملوں کا استعمال سیکھ
جاتا ہے۔ دوسرے الفاظ میں اس کو بزرگ PAIN BEHAVIOR سے واقف کراتے ہیں ۔ وٹ
گنسٹائن کا ادعا ہے کہ جب کوئی کہتا ہے کہ "" مجھے سخت چوٹ لگی ہے تو اصلاً یہی جملہ چوٹ
کا اظہار یہ بھی
ہے اور عکاس بھی ۔ حقیقتا یہ کسی چیز کی خارجی علامت نہیں جو داخلی طور پر و به عمل ہے بلکہ از خود اذیتی رویے
PAIN BEHAVIOR کا شفاف انعکاس ہے۔ جس طرح تکلیف اور شدید چوٹ کے باعث ایک آدمی
کراہتا ہے تڑپتا ہے اور اس کی خاموشی کے باوجود لوگ سمجھ جاتے ہیں کہ وہ حالت کرب میں ہے۔ بالکل اسی
طرح وٹ کنسٹائن کے خیال میں جب ایک آدمی یہ کہتا ہے "" مجھے چوٹ لگی ہے تو اس یہ جملہ داخلی تکلیف کی
آئینہ داری کرتا ہے۔ دوسرے الفاظ میں ” مجھے سخت چوٹ لگی ہے کہنا یا محض کراہنا اور تڑپنا ایک دوسرے
سے مختلف کوئی چیز نہیں ۔ دونوں ایک دوسرے کے مترادف ہیں اور دونوں ایک ہی انسانی رویے کی نشاندہی
کرتے ہیں ۔ وٹ کنسٹائن جو بات کہنے کا خواہاں ہے اس میں کسی قسم کا کوئی ابہام نہیں ۔ اس کے خیال میں
صیغہ واحد متکلم کے حوالے سے جو بات کہی جاتی ہے اس میں دوسرے طریقے سے سمجھانے کی صلاحیت
موجود ہو سکتی ہے۔ اس بنیاد پر وہ کار تیزیت (CAR TESIANISM) کو یکسر مستر د کرتا ہے۔
وٹ کنسٹائن کی فلسفیانہ تحقیقات کا غائرانہ اور ناقدانہ مطالعہ اس بدیہی امر کی توثیق کرتا ہے کہ اس کے
بنیادی اجزائے ترکیبی ۔۔۔ زبان کا استعمال ، اس کے وضع کردہ اصول ،لسانی کھیل اور ان
کا باہمی تعلق خاص
یا تو قاری کے ذہن میں ابہام کو جنم دیتے ہیں یا وہ انھیں بطور استعارے سمجھ کر ان کی عملی اہمیت کے مضمرات کو
سمجھ نہیں پاتے ۔ ویسے وٹ کنسٹائن کا لسانی نظام عملی طور پر غیر متوازن ہونے کے سبب فروعی حیثیت کا حامل
ہو گیا ہے۔ چونکہ اس کی منطقی تو جیہہ کے سلسلے میں مختلف غیر منطقی پہلو با ہمی طور پر ایک دوسرے سے متصادم
ہو سکتے ہیں لہذا اس کے لسانی نظام کو عملی زندگی میں منطبق کرنا بے حد مشکل ہے۔ وٹ کنسٹائن کا لسانی منہاج
فی الحقیقت منضبط نظریہ سازی سے اجتناب برتنے کی شعوری کوشش کا نام ہے۔ اس کے بجائے وہ لسانی
بوقلمونی اور اس سے وابستہ عناصر کو اجاگر کرتا ہے۔ یہ صحیح ہے کہ اگر وہ TRACTATUS کی تخلیق نہ کرتا تو
اس کی کتاب فلسفیانہ تحقیقات رد عمل کے طور پر برسوں کی فنی ریاضت اور ماہرانہ تدقیق کے بعد بھی شائع
نہ ہوتی ۔ شاید وہ دنیا کا پہلا مفکر ہے جس نے اپنی پہلی تخلیق کو مستردکر کے جواب آں تنقید کے طور پر ایک
طویل عرصے کی عرق ریزی کے بعد اپنے نقش ثانی میں اپنی ہی فنی کمزوریوں اور فکری اسقام کی نشاندہی کے
بعد کا ایک جدید قابل عمل انسانی نظام کی تشکیل کی کوشش بھی کی ہے۔
وٹ کنٹائن نے TRACTATUS میں ایک رنگی انداز فکر (MONOLITHIC) کی نمائندگی
کی تھی اور اس روش اور رویے کے حوالے سے اس کی انتہا پسندی کی منطق کو ہم اس کتاب میں جابجا موجود
پاتے ہیں۔ دوسری طرف ” فلسفیانہ تحقیقات میں یک رنگی افکار کو کلیتا مستر دکرتے ہوئے وٹ گنسٹائن نے
دوسری انتہا پسندانہ روش کو اختیار کیا ہے۔ ایک قاری اس کی اس بات سے اتفاق کر سکتا ہے کہ اس کی اولین
تخلیق TRACTATUS میں ایسے منضبط مواد اور لوازمات کی تلاش عبث ہے جو نظریہ سازی پر منتج ہوں مگر
اس کا یہ مطلب ہر گز نہیں کہ لسانیات کے باب میں مربوط دلائل کی مدد سے نظر یہ سازی ممکن نہیں ہے ۔ وہ اس
اولین کتاب میں لسانیاتی حوالے سے کی جانے والی نظر یہ سیانزی کے متعلق زیادہ تر خاموش ہی رہا ہے ۔ بین
السطور کے غائرانہ مطالعہ کے باوجود اس ضمن میں اس کا سچ نظر اور مافیہ شعور CONTENT OF
CONSCIOUSNESS مبہم ہی نظر آتا ہے یہ کہنا مشکل ہے کہ لسانی نظام کے سلسلے میں وہ نظریہ سازی
کو بے معنی اور لا حاصل سمجھتا تھا یا اس کے نزدیک لسانیاتی ڈسکورس اور مباحث کے ضمن میں اس کی چنداں
ضرورت نہ تھی ۔
فلسفیانہ تحقیقات میں اس کا اسلوب فکر ، اس کا مافی الذہن اور پیش کیا جانے والا منطقی مواد اس کی
ماقبل الذکر کتاب Tractatus کے بنیاد گزارا نہ معتقدات اور نقطہ ہائے نظر سے متصادم ہی نہیں بلکہ ان کے
علی الرغم بھی کہیں ۔ اس دعوئی کے باوجود کہ لسانی کھیل کے قواعد وضوابط اور لسانی لوازمات سے اس کا مقصد
لسانی نظریہ سازی نہیں ہے، ہم دیکھتے ہیں کہ فلسفیانہ تحقیقات میں وہ سارے اجزائے ترکیبی موجود ہیں
جن کے باہمی ارتباط سے ایک نظریہ پیدا ہوتا ہے۔ اس کی وضاحت و صراحت اور پیش کردہ دلائل و استدلال
کے باوجود اس کا قاری یہ محسوس کئے بغیر نہیں رہ سکتا ہے کہ اس کے منطقی کو الف اور وضع کردہ اصول و مبادی
بہت زیادہ عمومی حیثیت کے حامل ہیں۔ مزید برآں اپنی بات کو وزن کرنے کی کوشش میں اس کی تحریر
میں بہت سارے ابہامی عناصر آئے ہیں کہ اکثر جگہوں پر قاری کنفیوز ہوئے بغیر نہیں رہ سکتا۔ اپنی ماقبل
تحریروں کو اس نے اس بنیاد پر مستر د کر دیا تھا کہ وہ عملی زندگی کی اہم منطقی شرائط کو پورا نہیں کر سکتی تھیں ۔ اگر
فلسفیانہ تحقیقات“ کا ایک قاری اس مقیاس ، اس مقررہ معیار کو استعمال کرنے پر بضد رہے تو اس کی مابعد
تحریروں
کو بھی با آسانی مستر دکیا جاسکتا ہے۔
وٹ کنسٹائن کے لسانی نظام میں اس کے وضع کردہ اصطلاحات مثلاً ” استعمال“ (Use) یا اتباع
اصول (Rule Following) قاری کو نہ صرف یہ کہ مطمئن کرنے سے قاصر ہیں بلکہ بعض جگہوں پر وسیع تر
تشریحوں اور وضاحتوں کے باوصف اس کا تفہیمی مسئلہ پوری طرح سے حل نہیں ہوتا۔ اس کے نظریہ استعمال
Concept of Use کی توجیہ و توضیح مختلف طریقوں سے ممکن ہے اور یوں مختلف النوع جہات کی نشاندہی
سے تضادات و تناقضات کے عناصر اجاگر ہو سکتے ہیں۔ محض استعمال کی اصطلاح کے استعمال سے وہ
بدیہی مسئلہ حل نہیں ہو سکتا جو فی الاحصل وٹ کنسٹائن کے ذہن میں تھا۔ وہ بد قسمتی سے اس حقیقت کا ادراک
نہ کر سکا تھا کہ استعمال کوئی مخصوص نے نہیں کہ جس کے پڑھنے یا سننے کے بعد کسی دوسری شے کے متعلق
سو چنے کا تصور بھی نہیں کیا جاسکتا۔ چونکہ اصطلاح استعمال مختلف النوع جہات کی حامل ہے لہذا پڑھنے والا
کسی ایک جہت کی بابت سوچ نہیں سکتا ہے اور یوں وہ مخصوص تصور خلاء میں تحلیل ہوسکتا ہے وٹ کنسٹائن اس
اصطلاح کے حوالے سے اپنے قاری پر مسلط کرنے کا خواہاں تھا۔ اس ضمن میں ایک موٹی سی مثال پیش کی
جاتی ہے۔ کوئی شخص کسی شے کے تعلق سے تو یہ کہ سکتا ہے کہ وہ کس طرح استعمال ہو سکتی ہے، کس مقصد کے
لئے استعمال ہوتی ہے، کب اس کا استعمال مناسب ہے یا پھر وہ چیز کس چیز کی تیاری میں استعمال ہوتی ہے
( جیسے زیتون کے تیل سے کوئی خاص پکوان تیار کیا جاسکتا ہے) پہلے دو عنوانات کے ذیل میں ہم رسوئی کی
چھری کے حوالے سے کہہ سکتے ہیں اس کے استعمال کے وقت اس کا ہینڈل تھام کر اس کی نوکیلی سطح سے ہدف
کے ٹکڑے کئے جاسکتے ہیں ۔ جہاں تک اس کے استعمال کا مقصد ہے یہ کہا جاسکتا ہے کہ سبزیوں، پھلوں یا دیگر
اشیاء کے ٹکڑے کرنے کے سلسلے میں یہ استعمال ہوسکتی ہے۔ چھری کے استعمال کے حوالے سے یہ ساری
تفصیلات جزئیات کے ساتھ بیان کی جاسکتی ہیں۔ مگر کیا یہ ضروری ہے کہ اس جامع تشریح کے بعد بھی کسی کے
ذہن میں چھری ہی کا تصور آئے ؟ پہلی دو خو بیاں تو بہت سی اشیاء میں موجود ہوسکتی ہیں۔ جیسے کہ وٹ کنسٹائن
کے مجوزہ مفروضے کے حوالے سے ہم الفاظ کے استعمال کے سلسلے میں متشابہ خطوط پر بحث کر سکتے ہیں۔ ہم
پوری تفصیل کے ساتھ بیان کر سکتے ہیں کہ ایک لفظ کیسے استعمال ہو سکتا ہے۔ کس موقع پر اس کا استعمال
مناسب ہے۔ اس کا استعمال کس کام کے سلسلے میں ہوتا ہے۔ لیکن سوال یہ ہے کہ وضاحت اور صراحت کے
نتیجے میں کیا لفظ کے حقیقی معنی کا ادراک ممکن ہے؟ دوسرے الفاظ میں ہم کہہ سکتے ہیں کہ کسی شے کے استعمال کی
بالتصریح تفصیل سے اس کے معنی و مفہوم کا ذہن میں آنا مشکل تو کیا ایک طرح سے ناممکن ہے۔ اگر کوئی یہ کہتا
ہے کہ کوئی مخصوص لفظ موثر انداز میں بے حد شائستہ طور پر استعمال ہوتا ہے تو در حقیقت اس نے لفظ کے معنی
کے متعلق کچھ نہیں کہا ہے۔ ایک اور مثال اس ضمن میں پیش کی جاسکتی ہے۔ اگر کوئی کہتا ہے کہ کوئی مخصوص لفظ
ہمت اور حوصلہ دلانے کے لئے استعمال ہوتا ہے یا وہ دلوں میں نئی روح پھونکنے کے لئے استعمال ہوتا ہے تو نی
الحقیقت اس شخص نے اس لفظ کے معنی کے متعلق ہنوز کچھ نہیں بتایا ہے۔
او پر کی بحث سے اس بد یہی صداقت کا اظہار ہوتا ہے کہ الفاظ کے معنی اور استعمال کے درمیان کسی تعلق
کی تلاش ایک لا طائل کی بات ہے جیسا کہ وٹ گنٹائن نے بعض جگہوں پر یہ ثابت کرنے کی ناکام کوشش کی
ہے۔ یہ ایک بلا مبالغہ بات ہے کہ الفاظ کے معنی اور ان کے استعمال کو نظریاتی لحاظ سے قابل مبادلہ ( Inter
Changeable) سمجھنا ایک گمراہ کن غلطی ہے۔ الفاظ کے معنی اور الفاظ کا استعمال در اصل مختلف جہتوں کی
نشاندہی کرتے ہیں لہذا دونوں کسی طور مرادفات نہیں ۔ یہ بات اس حقیقت سے بھی ظاہر ہے کہ کسی بھی مسلمہ
معیار کے تحت اگر ہم کسی بھی مخصوص لفظ کے مطلب سے واقف ہو جا ئیں تو اس کا یہ مطلب ہرگز نہیں کہ ہم
نے اس کے استعمال سے بھی واقفیت حاصل کر لی ہے۔ اس کے برخلاف یہ بھی ایک حقیقت ہے کہ الفاظ کو سیح
طور پر استعمال کرنے کا یہ مطلب نہیں کہ ہم ان کے صحیح معنی سے واقف ہوگئے ہیں ۔ علاوہ ازیں بہت سے
الفاظ ایسے ہوتے ہیں جنہیں استعمال تو کیا جا سکتا ہے مگر ان کے کوئی معنی نہیں ہوتے ۔ اس ضمن میں ہم بعض
لوگوں کے نام پیش کر سکتے ہیں۔ گرامر کے حرف ربط ( Preposition) اور حروف عطف
(Conjunction) کو بھی اس ذیل میں رکھا جا سکتا ہے۔
اس بات سے انکار ممکن نہیں کہ وٹ کنسٹائن کی وقیع کتاب ” فلسفیانہ تحقیقات میں لسانی نظام اور
لسانیاتی منہا جات کے تناظر میں جو خیالات پیش کئے گئے ہیں وہ اہم اور عدیم المثال ہیں مگر بعض جگہوں پر
ابہام اور فکری انتشار کے باعث ان کی جڑیں زندگی کے
عملی رویوں اور رحجانات میں پیوست نظر نہیں آتیں۔
در حقیقت اس کے افکار کا اندوختہ، اس کے گونا گوں ابعاد ہمیں دعوت فکر تو دیتے ہیں ، ہمارے وژن اور فکری
افق کو وسیع تر کرنے کا ذریعہ تو بنتے ہیں مگر یہ کہنا بھی درست ہے کہ اس کے خیالات معروضیت اور تخلیقی ترفع
کے باوصف فلسفے کی مانوس پیچیدگیوں اور مسائل کا حل پیش کرنے میں کامیاب نہیں ہو سکے ہیں ۔ اس ضمن
میں ایک بات جو فلسفیانہ تحقیقات کے حوالے سے کہی جاسکتی ہے وہ عموماً زبان اور اس کے عملی مضمرات
سے متعلق ہے۔ اپنے ہی خیالات کو رد کرتے ہوئے وٹ کنسٹائن نے بڑے تیقن سے یہ بات کہی تھی کہ
ہمارے ارد گرد کی عملی دنیا زندگی کے بیت (Form of Life) کی تابع ہے جس کا ایک ناگزیر حصہ زبان
ہے۔ اس کے اختراع کردہ لسانی کھیل کی بنیاد زندگی کے بیت پر رکھی گئی ہے۔ دوسرے الفاظ میں معاشرتی
سرگرمیوں کا سرچشمہ اور نقطہ ارتکاز زندگی کے باہمی تجربات ، مروجہ رسوم ورواج ، آپس کے معاہدے اور
سیاسی واخلاقی قوانین ہیں۔ نتیجے کے طور پر یوں معلوم ہوتا ہے کہ وٹ گنسٹائن کے خیال میں زبان اور
خیالات داخلی طور خود اختیاری Self Deter Mining اور خود شکیلی Self Constituting نظام کے
ماتحت ہیں۔ اگر اس سیاق و سباق میں ہم تحقیقات کا ناقدانہ مطالعہ کریں تو کہہ سکتے ہیں کہ اپنے اس فکری
شاہکار میں وٹ کنسٹائن Tractatus کے علی الرغم اس بات پر یقین رکھتا ہے کہ حقیقت میں کوئی شے زبان
اور افکار سے آزاد نہیں ہے۔
فلسفیانہ تحقیقات کسانی تناظر میں اپنے وقت کی ایک تحقیقی دستاویز ہے جس میں رحجان سازی کے
اہم اجزائے ترکیبی کو ہنر مندانہ پختگی کے ساتھ استعمال کیا گیا ہے۔ فلسفے کی صدیوں پرانی فضا میں اس کی
حیثیت ہوا کے ایک غیر مانوس مگر تازہ جھونکے سے کم نہیں ہے۔ اس کے مطالعے سے ویٹ گنسٹائن کی وژن
کی گہرائی و ہمہ گیری کا پتہ چلتا ہے۔ لسانی منہا جات کے حوالے سے اس زندہ کتاب میں اس کے خیالات
منفرد بالغ نظری کا منہ بولتا ثبوت ہیں۔ اپنی اولین تخلیق Tractatus میں فتنی ریاضت اور عرق ریزی کے
باوجود وٹ کنٹائن سے ایک غلطی سرزد ہوئی تھی۔ اس غلطی کا سب اس کا یہ مفروضہ تھا کہ تمام سالماتی حقائق
Atomic Facts نا قابل تقسیم ہیں یا دوسرے الفاظ میں ان کا مزید تجز یہ ممکن نہیں ۔ اس کے اس غلط مانی
الذہن کا سبب اس کا یہ غلط تصورتھا کہ زبان اصلاً مختلف اشیاء کو مختلف ناموں سے
سمجھنے کا نام ہے۔ کتاب کی
اشاعت اور اس کی عالمگیر شہرت کے باوجود وٹ کنسٹائن کو اپنی کردہ غلطی کا احساس ستاتا رہا۔ فلسفیانہ
تحقیقات میں اس غلطی کی تصیح یوں کی گئی کہ زبان کو اوزار یا آلہ جات کے مماثل سمجھا گیا اور اس کے استعمال کو
زندگی کے طرز عمل کا درجہ دیا گیا جو فنی لائحہ عمل اور تیکنیکی مہارت و اسلوب کے تحت جاری و ساری رہتا ہے۔
اس کے ساتھ ساتھ لسانی تحقیقات کی لاس اعلی دستاویز میں وٹ کنسٹائن نے فلسفیانہ تحقیقات سے وابستہ ان
کثیر الحث زاویہ ہائے نگاہ اور مختلف النوع مبادیات کا بھی تجزیہ کیا جو تدقیقی چھان بین کو معتبر بناتے ہیں۔
اس ضمن میں اس نے مروجہ لسانی نظریات سے اختلاف و انحراف کر کے جو راستہ دریافت کیا ہے وہ پہاڑی
پگڈنڈی کی طرح چلی پائی انداز میں بل کھاتا ہوا آگے کی طرف بڑھتا ہے۔ اس پر چلنے والے کے لئے لازم
ہے کہ وہ راستے کی خطرناکی کے پیش نظر پوری طرح چوکنا و چوکس رہے۔ وٹ کنسٹائن کا آڑا تر چھا راستہ
صعوبتوں سے بھر پور ہونے کے باوجود نشان منزل کا پتہ دیتا ہے۔ اس نے لسانی حوالے سے مماثلتوں کے
بیکراں خاندانوں کا سراغ لگایا ہے جو زبان کے کثیر التعداد استعمال کے سلسلے میں کام آنے کے ساتھ ساتھ
لسانی تمول کا موجب بھی بنتے ہیں۔
لسانیاتی تناظر میں روٹ کنسٹائن کے خیالات اپنے پیش رؤوں کے مقابلے میں مختلف و منفرد ہونے
کے ساتھ ساتھ معروضی خطوط پر گونا گوں ابعاد کو اجاگر کرتے ہیں ۔ اس نے یہ صرف لسانی حدیقے سے کلیشے کی
بالا دستی کو خارج کیا بلکہ اپنے لسانی نظام کو حرف آخر بنانے کی خاطر ان تمام ممکنہ غلطیوں
کی تصیح کی بھر پور کوشش
کی جو اس سے ماضی میں سرزد ہو ئیں تھیں ۔ وٹ کنسٹائن اپنے طرز عمل کے سبب اپنے خیالات کی امل تقسیم کا
قائل تھا۔ اس کی کمال پرستی کی زندہ مثال سا سے بڑھ کر اور کیا ہوسکتی ہے کہ اس نے اپنی تحقیق
(TRACTATUS) پر خط تنسیخ پھیر دیا تھا۔ اس کا نقش ثانی’ فلسفیانہ تحقیقات ممکن ہو اس کے نزدیک
مبر اعن الخطا کا ایک نمونہ ہو مگر اس مطالعہ کے بعد کہنا پڑتا ہے کہ کئی جگہوں پر اس کے قدم لڑکھڑا گئے ہیں۔
اور باوجود اپنی بہترین کوششوں کے وہ لغزش ناپذیر نہیں رہ سکا ہے۔ اس کی انقلابی تحقیق کی ایک کمزوری یہ ہے
کہ اس نے محدود فلسفیانہ مبادیات کے اہم متعلقہ عناصر کو اپنی سخت گیر تنقید کا ہدف بنایا ہے۔ یقیناً اس کی ان
بے جا تاویلات اور بیدردانہ اخلاقی تجاوزات سے تمام فلسفی طمانیت کا سانس تو لینے سے رہے۔ ممکن ہے
وٹ کنسٹائن نے اس تنقید کی مدد سے فلسفے کی چند بنیادی اسقام کی معروضی نشاندہی کی ہو مگر فلسفیوں کو ان کے
مخصوص فلسفیانہ مزاج سے دست کشی پر مجبور کرنا اتنا آسان کام بھی نہیں ، اور بہت سارے فلسفی تو اپنے ہی
تعین شدہ رحجانات و متعقدات اور اکتسابی تعصبات کی دنیا میں مست الست رہتے ہیں ۔ ان کو ان کی نیند سے
بیدار کرنا ایسا ہی ہے جیسے سوتے شیر کی دنیا کو خواہ مخواہ جگا دیا جائے ۔ یہ بات درست ہے کہ بیشتر فلسفیوں کو
وٹ کنسٹائن کے اس عہد آفریں لسانی تحقیق کے نتائج سے خوشی نہیں ہو سکتی مگر یہ ایک حقیقت ہے کہ ان کو بنیاد
بنا کر فلسفہ کی ادعا پسندی اور نظام غطریست DOGMATISM کے خلاف بحث و تمحیص اور استدلالی
مکالمہ تو شروع کیا جا سکتا ہے۔ اس کی فلسفیانہ تحقیقات کے مطالعے سے فلسفی اور فلسفے سے شغف رکھنے والے
سنجیدہ قاری اتنا تو جان سکتے ہیں کہ وہ جس روایتی طریقے سے اپنے ذخیرہ الفاظ کو استعمال کرتا ہے اس کا یہ
انداز دگر بھی استعمال ممکن ہے۔ کیا عجب کہ زبان کا غیر روایتی اور غیر فلسفیانہ استعمال فکری تہہ داری اور جذباتی
ترفع میں اضافہ کر کے پوشیدہ آفاقی بصیرتوں کو منکشف کر دے۔",9747
P4_2004_061,Naya Waraq,2004,Magazine,"مندرجہ بالا موضوع پر مضمون لکھتے ہوئے تکلف کا احساس ہورہا ہے۔ پیدائشی طور پر جذبہ انسانی
میں ڈھلے پہلے فطری اور بعد میں فکری طور پر فکشن کے ہی نہیں ترقی پسندی کے بابا آدم پریم چند نے فرقہ
داربیت کے بارے میں کیا ذہن اور رائے رکھتے تھے آج یہ لکھتے ہوئے بھی شرم سی محسوس ہورہی ہے لیکن عظیم
فنکاروں کی جہاں عظمتیں و شہر میں ہوا کرتی ہیں، کچھ مشکلیں بھی ہوا کرتی ہیں باالخصوص ایسا فنکار جو ہندوستان
جیسے سیاسی و سماجی ملک کی ملی جلی تہذیب میں آنکھ کھولے، آگے پیچھے اردو ہندی زبانوں میں لکھے اور دونوں
میں ہی اپنی عظمت و حیثیت کا لوہا منوالے۔ پریم چند ہندوستان کے واحد بڑے فنکار ہیں جو دونوں زبان و
ادب میں یکساں حیثیت وقدرو منزلت رکھتے ہیں اور آج بھی بے پناہ پڑھے اور پسند کئے جاتے ہیں ۔ ظاہر
ہے کہ اس بات پر ہمیں فخر کرنا چاہیے لیکن کچھ لوگوں میں خوش ہونے یا نخر کرنے کا مزاج نہیں ہوتا ۔محدودیت
اور تنگ نظری کے انیک روپ ہوا کرتے ہیں۔ کمزور ذہن جب پریم چند کی وسعتیں اور بلندیاں تلاش نہیں
کر پا تا تو پھر اس کا کمز دور قلم اس طرح کی باتیں کرنے لگتا ہے جیسا کہ جعفر رضا لکھتے ہیں۔
پریم چند بنیادی طور پر اردو کے ادیب و فنکار ہیں۔ ہندی میں ان کے ترجمے شائع ہوئے ہیں جو
زیادہ تر دوسروں کے قلم کے رہین منت ہیں۔ اس لیے علمی اعیاد بی نہج پر سے اس کی وضاحت ہونی چاہئے کہ
ہندی میں پریم چند کی اصل حیثیت وہی ہے جو کسی ادیب کو کسی دوسری زبان میں تخلیقات کے ترجمے شائع
ہونے سے ہوتی ہے۔“
( پریم چند فن اور تعمیر فن)
کبھی کبھی کچھ اور مجبوریاں بھی ہوتی ہیں جیسے بابائے اردو مولوی عبدالحق کے ساتھ اکثر رہی ہیں جہاں
ایک طرف وہ انگارے جیسے ہنگامہ خیز مجموعہ کی آمد کا استقبال کرتے ہیں اس پر تعریفی تبصرہ کرتے ہیں انجمن
ترقی پسند مصنفین کے قیام کے سلسلے میں دسمبر ۱۹۳۵ء الہ آباد میں ہونے والی سجاد ظہیر کے گھر پر منعقد نشست
میں پریم چند و جوش کی موجودگی میں سجاد ظہیر کی زبانی انجمن کے مینی فیسٹو سننے کے بعد سب سے پہلے دستخط
کرتے ہیں اور خوب حوصلہ افزائی کرتے ہیں وہی بابائے اردو اردو کے تعلق سے یہ بھی فرماتے ہیں ۔
پاکستان کو نہ جناح نے بنایا نہ اقبال نے بلکہ اردو نے پاکستان بنایا۔ ہندؤں اور مسلمانوں میں
اختلاف کی اصل وجہ اردو زبان تھی ۔ سارا دو قومی نظریہ اور سارے اختلافات اردو کی وجہ سے تھے اس لیے
پاکستان پر اردو کا بڑا احسان ہے۔“
سی خیال بقول ڈاکٹر سعید عارفی ۱۵۰ فروری ۱۹۹۱ء کو غالب برسی کے صدارتی خطبہ میں پاکستان کے
فرقہ پرست عناصر کی خوشنودی کے لیے ارشاد ہوا تھا۔“
پریم چند اور فرقہ پرستی بحوالہ پریم چند شناسی، مرتبہ آفاق احمد ص ۱۲۰۔
۱۹۸۰ء میں جب پوری ادبی دنیا میں پریم چند کی صدی منائی گئی تو عین اسی موقع پر بعض فرقہ پرست و
تنگ نظر ذہن نے پریم چند کی شخصیت اور کارناموں کو طرح طرح سے شک کی نگاہوں سے دیکھا۔ کسی نے
ان کو کورا کا ئستھ کہا۔
کسی نے سود خور اور کسی نے تنگ نظر اور فرقہ پرست بھی کہا۔ یہ اعتراض تو ذمہ داری سے کیا
گیا کہ اگر ترقی پسندی تاریخ کے ماڈی تصور پر قائم ہے تو پریم چند ترقی پسند نہیں ہو سکتے یا عورت، احتجاج اور
انقلاب کے سلسلے میں ان کا ذہن صاف نہ تھا۔ آج تو با قاعدہ انہیں دلت مخالف بھی کہا جارہا ہے۔ عظیم
وراثت اور عظیم ادب کی ایسی بے حرمتی دنیا کے کسی بھی پڑھے لکھے سماج اور ملک میں ممکن نہیں یہ تنگ نظری اور
بدبختی تو صرف ہماری کم نظری اور کم علمی کی دین ہے۔ تعصب و جہالت کا نفرت آمیز مظاہرہ۔ کچھ یہ بھی بقول
احمد فراز
یارد مجھے مصلوب کرو تم کہ مرے بعد شاید کہ تمہارا قدوقامت نکل آئے
اب میں براہ راست موضوع طرف آتے ہوئے پہلے اردو کے کچھ بڑے ادیبوں و نقادوں کی رائے
پیش کرنا چاہتا ہوں۔ بہر پریم چند مدن گوپال لکھتے ہیں ۔
پریم چند ہندو و مسلم اتحاد کے بہت حامی تھے۔“
پروفیسر احتشام حسین کا خیال ہے کہ ۔
پریم چند نے زندگی کے دھارے کو پکڑا تھا۔ انھوں نے تفریق و تعصب کو بہت پیچھے چھوڑ دیا تھا۔“
پروفیسر آل احمد سرور کہتے ہیں۔
جہالت۔ غربت اور بیماری۔ رسم و رواج کا بھوت۔ دولت کی غلط تقسیم۔ مذہب کے نام پر انسانیت
کا خون پریم چند سے دیکھا نہیں جاتا۔“
پروفیسر محمد حسن کے قول کے مطابق ہے
انسان دوستی پریم چند کے انداز فکر کا بنیادی عنصر ہے۔“
پروفیسر قمر رئیس لکھتے ہیں ۔
پریم چند نے ہر اس تحریک، ہر اس رحجان کی پر زور حمایت کی ہے جو ہندوؤں اور مسلمانوں کے باہمی
طور پر ایک دوسرے سے جوڑنے یا قریب لانے میں معاون ہوتا تھا۔“
اس طرح رام بلاس شرما، اندر ناتھ مدان، نامور سنگھ وغیرہ نے بھی پریم چند کے سیکولر چرتر کے بارے
میں خوب خوب لکھا ہے۔ غرض کہ مثالیں بھری پڑی ہیں اردو، ہندی کے نقادوں ، دانشوروں نے اتنا لکھا کہ
اب اس کا شمار کرنا یا وضاحت کرنا فضول سا لگتا ہے لیکن نفرت اور تفریق کے اس گھٹا ٹوپ اندھیرے میں بچ
کو بار بار دھرایا جا تار رہنا اور محبت و دوستی کی شمع روشن کرتے رہنا ضروری بھی لگتا ہے۔
اس ضمن میں دوسروں نے کیا کہا اس میں کچھ مصلحت یا بیجا حمایت ہو سکتی ہے، خود پریم چند کیا کہتے ہیں
اور ان کا ذہن اور قلم کیا کیا کہتا ہے اس پر بھی نظر ثانی کرنے میں کوئی حرج نہیں لیکن اس سے قبل یہ بات بھی
ذہن میں رکھتے چلنا چاہئے کہ پریم چند نے جس وقت ہوش و حواس کی آنکھیں کھولیں، ماحول تو ایسا تھا جو
راست طور پر انسان دوستی کے خلاف جاتا تھا۔ اتحاد و اتفاق سے دور اس عہد کا معاشرہ اور پورا ہندوستان ایک
خاص
قسم کی نفرت اور سیاست کے موڑ پر کھڑا تھا۔ بیسویں صدی کا ابتدائی زمانہ ہندوستان کی اپنی سماجی کیفیت
کے اعتبار سے فطری اُتھل پتھل تو رکھتا ہی تھا کچھ پریشانیاں مصنوعی اور اوڑھی ہوئی بھی تھیں جنھیں انگریز حکام
نے نو آبادیاتی نظام ، قیام اور مفادات کے نام پر پھیلا رکھی تھیں۔ ۱۸۵۷ء کے غدر کے بعد حکام نے منصوبہ
بند طریقہ سے یہ چاہا تھا کہ ہندوستان ہر اعتبار سے متحدہ دمشتر کہ شعور و احساس سے دور رہے اُس نے
پالیسیاں بھی ایسی ہی بنا ئیں اور نہایت خاموش اور چالا کی کے ساتھ کچھ ایسی تدبیریں اختیار کیں ۔ مذہب اور
فرقہ میں پہلے ہی سے بٹا ہوا ہندوستانی معاشرہ صرف اپنی اپنی ذات اور قوم کے بارے میں سوچے ۔ ملک اور
عام انسان غائب ہو جائے۔ قوم کا تصور ہی بدل گیا۔ وہ نیشن سے ہٹ کر مذہب و فرقہ سے وابستہ ہو گیا۔
مسلم احیاء و ہند و احیاء ۔ مسلم تحریکیں وار آریہ سماجی تحریکوں کو ان سب سے الگ کر کے نہیں دیکھا جا سکتا۔ عابد
حسین نے اپنی کتاب ”ہندوستانی قومیت اور قومی تہذیب ۔ "" میں سرسید کے تعلق سے واضح طور پر کہا ۔
جس زمانے میں سرسید بسلسلہ ملازمت بنارس میں مقیم تھے ان پر یکا یک یہ حقیقت منکشف ہوئی کہ
ہندوؤں میں احیائے ماضی کا جوش اُٹھ رہا ہے اور انہیں مشترکہ ہندوستانی تہذیب کی راہ سے ہٹا کر ایک نئی
راہ پر ڈال رہا ہے جس کی منزل مقصود ہندو تہذیب ہے۔ اُنھیں یقین ہو گیا کہ ہندو ان کے بتائے ہوئے
راستے پر چلنے کو تیار نہیں ہیں بلکہ اپنی جدا گانہ تہذیبی پالیسی اختیار کرنا چاہتے ہیں چنانچہ انھوں نے اپنے دائرہ
فکر و عمل کو تنگ کر لیا ۔ قوم کا لفظ وہ اب مسلمانوں کی حمایت کے لیے استعمال کرنے لگے۔“
پریم چند کے حوالے سے اس سماجی کشمکش کو احتشام حسین نے اور بھی عمد و طریقہ سے کہا ہے.
یہ ایسا عہد تھا جب کعبہ اور کلیسا دونوں اپنی اپنی جانب کھینچ رہے تھے اور لکھنے والوں کا رومانی بن جاتا
بھی ممکن تھا اور حقیقت پسند بھی لبرل بن جانا بھی ممکن تھا اور کانگریسی بھی ۔ انسان فرقہ پرست بن سکتا تھا اور
متحدہ قومیت کا حامی بھی ۔ برطانوی حکومت کا ساتھی بھی ہوسکتا تھا اور مخالف بھی ۔ ان امکانات میں سے کن
باتوں کے ساتھ ترقی پسندی کی نشانی تھا اور کن باتوں سے وابستہ ہونا رجعت پرستی یا کم سے کم جمود کی ان کو
پہچان لینا کچھ ایسا دشوار نہیں ۔“
( پریم چند کی ترقی پسندی)
پریم چند ایک کائستھ خاندان میں پیدا ہوئے جو اپنی حکمت عملی کے تحت نسبتا کچھ زیادہ ہی مشترکہ
تہذیب میں ڈوبا ہوا تھا چنانچہ پریم چند کی تعلیم کی ابتداء عربی ، فارسی اور اردو ناولوں سے ہوئی ۔ گیارہ سال کی
عمر میں ساری داستا نہیں ۔ حکایتیں پڑھ ڈالیں۔ پھر کچھ پریشانیوں نے گھر لیا۔ والدہ کا انتقال ۔ سوتیلی ماں
پھر والد کا انتقال چھوٹے چھوٹے بھائی بہن۔ گھریلو ذمہ داری۔ غلط شادی غرض کہ پریشانیاں ہی
پریشانیاں ۔ پریم چند چاہتے تو ان کے حل کے لیے کمزور خواہش اور کمزور ذہن کے ذریعہ کسی راستے پر بھی
جاسکتے تھے۔ خارجی اور باطنی دونوں سطحوں کے دباؤ اور ابتدا آریہ سماجی تحریک سے جڑاؤ کے باوجود کوئی تو
بات ہے کہ جلد ہی ان سب سے دامن چھڑا کر اُس نوجوان اور روشن خیال طبقہ سے وابستہ ہو گئے جو اُس عہد
میں ان تمام تبدیلیوں کے درمیان سے پھوٹتی ہوئی اس نئی روشنی اور تبدیلی کو دیکھ رہا تھا جہاں سے نئی تعلیم ۔ نئی
فکر کے ذریعہ نئے سماج اور معاشرہ کی بنیاد پڑا رہی تھی ۔ قدامت اور دقیا نوسیت پر لعنت ملامت ہورہی تھی وہ
ان ناولوں اور خیالوں سے بھی متاثر ہورہے تھے جو چھوا چھوت۔ بیوگی اور غلامی کے خلاف لکھ رہے تھے ۔ وہ
نہایت سادہ اور فطری انداز میں ان افکار و خیالات کے قریب آنے لگے اور اپنے پہلے عہد کی تخلیقات (اسرار
معابد، ہم خرمہ و ہم ثواب، سوز وطن ) میں ان سب کی تبلیغ کرنے لگے۔ یہ غلط نہیں ہے کہ ان کی ابتدائی اور کچھ
بعد کی تخلیقات میں مثالیت (Idealism) زیادہ ہی نظر آتی ہے لیکن سوز وطن کے حادثہ کے بعد اپنے اصل
نام کو بدل کر مزید طاقت ور تحریر لکھنے کا عزم۔ اور آگے چل کر ملازمت سے سبکدوشی اور ہر طرح کی آزادی پھر
گاندھی جی کا ساتھ ۔ کانگریس کے گرم دل کی حمایت اور پھر رفتہ رفتہ سوشلزم کی طرف آمد اور حمایت - انجمن
ترقی پسند مصنفین کی سر پرستی یہ سب ان کی انسان دوستی ، وطن پرستی اور ترقی پسندی کی بین دلیلیں ہیں جن کا
تو ہم پرستی ، قدامت پرستی اور فرقہ پرستی کا دور دور تک تعلق نہ تھا۔ یہی نہیں جیسے جیسے وہ اپنا تخلیقی اور ذہنی سفر
طے کرتے گئے ان کا تصور اشتراکیت واضح اور پختہ ہوتا گیا اور وہ با قاعدہ ان نا پسندیدہ وتخریبی عناصر کے
خلاف جم کر لکھتے ہی گئے ۔ وہ ناول نگار اور افسانہ نگار تو تھے ہی انھوں نے اپنی اس نوع کی تخلیقات میں اپنے
آدرشوں اور خیالوں
کو فنکارانہ طور پر تو پیش کیا ہی ایک مفکر اور صحافی کی حیثیت سے موقع بہ موقع ان عناصر
کے خلاف مضامین ، تبصرے اور خطوط لکھے جن میں ہر نوع کی فرقہ واریت کے خلاف ان کا سیکولر اور ترقی پسند
نظر یہ کھل کر سامنے آیا ہے۔ اپنے بیحد اہم اور فکر انگیز مضمون ” فرقہ واریت اور تہذیب“ میں واضح طور پر
لکھتے ہیں ۔
فرقہ واریت ہمیشہ تہذیب کی دُہائی دیا کرتی ہے۔ اسے اپنے اصلی روپ میں نکلتے شاید شرم آتی
ہے۔ اس لیے وہ اس گدھے کی طرح ہے جو شیر کی کھال اوڑھ کر جنگل کے جانوروں پر رعب جماتا پھرتا ہے۔
فرقہ واریت تہذیب کا خول پہن کر آتی ہے۔ ہندو اپنی تہذیب کو قیامت تک باقی رکھنا چاہتے ہیں اور
مسلمان اپنی تہذیب کو ۔ دونوں ہی ابھی تک اپنی اپنی تہذیب کو اچھوتی سمجھ رہے ہیں، یہ بھول گئے ہیں کہ اب
نہ کہیں مسلم تہذیب ہے نہ ہندو تہذیب ۔ نہ ہی کوئی دوسری تہذیب ۔ اب دنیا میں صرف ایک تہذیب ہے اور
وہ ہے اقتصادی تہذیب مگر ہم آج بھی ہندو تہذیب اور مسلم تہذیب کا رونا روتے چلے جاتے ہیں حالانکہ
تہذیب کا دھرم سے کوئی تعلق نہیں ۔ آریہ تہذہب ہے۔ ایرانی تہذیب ہے۔ عرب تہذیب ہے لیکن عیسائی
تہذیب اور مسلم یا ہند و تہذیب نام کی کوئی چیز نہیں ہے۔“
پریم چند اس عمل کی مخالفت کی جو ہندوستانی تہذیب یا ہندو مسلم اتحاد میں نفاق پیدا کرے اور ہر اس
تحریک کی حمایت کی جو باہم دوستی اور یگانگت کا ماحول بنائے ۔ ۱۹۲۰ء کے آس پاس سول نافرمانی اور ترک
موالات کے بعد اتحاد میں جب فرق آنے لگا تو انھوں نے ہندو سنگھٹوں کی خوب مخالفت کی۔ ایک طرف
قحط الرجال کے عنوان سے مضمون لکھا تو دوسری طرف 'شدھی کے عنوان سے بھی مضمون لکھا۔ جس میں وہ
لکھتے ہیں ۔
ہندوؤں میں اس وقت سنجیدہ رہنماؤں کا کال ہے۔ ہمارا رہنما وہ ہونا چاہئے جو سنجیدگی سے ان
مسائل پر غور کرے۔ مگر ہوتا یہ ہے کہ اس کی جگہ شور مچانے والوں کے حصہ میں آجاتی ہے جو اپنی زور دار آواز
سے جنا کو چھپے ہوئے جذبات کو بھڑکا کر اُن پر اپنا اقتدار جمالیا کرتے ہیں .... آج کون ہندو ہے جو ہندوو
مسلمان اتحاد کے لیے جی جان سے کام کر رہا ہے جو اسے ہندوستان کا سب سے اہم مسئلہ سمجھتا ہو جو سوراج
کے لیے اتحاد کو بنیادی شہر سمجھتا ہو ۔ قوم کا یہ درد۔ یہ ہیں۔ یہ تپ آج ہندوؤں میں کہیں دکھائی نہیں دیتی ۔“
اپنی ایک کہانی 'مندر مسجد میں جب مسلم فرقہ پرستی کو بے نقاب کیا تو اردو اخباروں نے بڑا شور مچایا کہ
اس میں پریم چند نے مذہب کا مذاق اڑایا ہے تو وہ اپنے دوست دیا نرائن نگم کو ایک خط میں لکھتے ہیں ۔
اس مضمون ( کہانی) میں شکایت کا کیا موقع ہے۔ فرقہ پرستوں کی ذہنیت کا پردہ فاش کیا گیا ہے۔
بلا کسی رور عایت کے ایک طرف ہندو پنڈتوں اور پجاریوں کی مذہب پروری کا نظارہ ہے دوسری جانب
مولویوں کی مذہب پروری کا۔ دونوں مذہب کے پردہ میں اپنی اپنی نفس پروری کا شکار ہیں اگر کچھ لوگوں کو بُرا
لگتا ہے تو میرا کیا اختیار ہے۔“
پریم چند اور اقبال کے درمیان اچھے تعلقات تھے حالانکہ پڑھنے والوں کا ایک طبقہ پریم چند اور اقبال کو
مسلمان بنانے میں مصروف تھا لیکن ان سب سے بے نیاز یہ دونوں عظیم فنکا ر اپنے اپنے بڑے کاموں اور
مقاصد میں مصروف تھے پریم چند کا مجموعہ پریم چھیپی شائع ہوا تو اقبال نے با قاعدہ پریم چند کو خط لکھا۔
آپ نے اس کتاب کی اشاعت سے اردو لٹریچر میں ایک نہایت قابل قدر اضافہ کیا ہے۔ میرے
خیال میں آپ پہلے شخص ہیں جنہوں نے اس دقیق راز کو سمجھا ہے اور سمجھ کر اہل ملک کو فائدہ پہنچایا ہے۔ ان
کہانیوں سے معلوم ہوتا ہے کہ مصنف انسانی فطرت کے اسرار ورموز سے خوب واقف ہے اور اپنے
مشاہدات کو ایک دلکش زبان سے ادا کر سکتا ہے۔“
پریم چند بھی اقبال کی جرات مندانہ اور مفکرانہ شاعری کو پسند کرتے تھے۔ مضامین میں ان کے اشعار
کی مثالیں پیش کرتے تھے اور انھیں ایک عظیم شاعر گردانتے ہوئے انھیں کسی مخصوص صوبہ ، ملک سے منسلک
نہیں کرتے تھے ان کا خیال تھا کہ جب ہمارا تعلق ایک ہی قوم سے ہو تو ہمیں بنکم کی طرح اقبال اور جوش پر
بھی فخر کرنا چاہئے۔ لیکن جب اقبال کا تعلق مسلم لیگ سے ہوا تو پریم چند کو کھ پہنچا اور اس وقت تو وہ بہت ہی
پریشان ہوئے جب ۱۹۳۰ء میں اقبال نے خطبہ الہ آباد میں ایک مسلم ریاست کا تصور پیش کیا جسے کچھ لوگ
جان بوجھ کر تصور پاکستان کا نام دیتے ہیں۔ پریم چند نے اپنے رد عمل کا اظہار با قاعدہ ایک مضمون بعنوان ۔
پاکستان کا نیا شوشہ سے کیا۔ جس میں صاف طور پر لکھا ۔
ڈاکٹر سرمحمد اقبال مغرب میں مسلم ریاست کا خواب دیکھ رہے ہیں ۔ اب ان کے ایک استاد نکل آئے
ہیں وہ پاکستان کے نام سے ایک مسلم ریاست کا خواب دیکھ رہے ہیں ۔ اس پاکستان میں کشمیر، پنجاب ،
بلوچستان صوبہ سرحد اور افغانستان وغیرہ شامل ہوں گے اور وہ بھارت ورش سے بالکل الگ ہوگا۔ موجد
محترم کا قول ہے کہ ان صوبوں میں تین کروڑ مسلمان آباد ہیں جو ہالینڈ، اسپین ، بجیم وغیرہ ممالک کی آبادی
سے زیادہ ہے۔ ادھر ایران، ترکستان ، شام، عراق مصر اور ترکی مسلم ریاستیں پہلی ہی سے موجود ہیں یہ پاکستان
صوبہ ان کے ساتھ مل گیا تو ایک عظیم مسلم سلطنت وجود میں آ جائے گی اور تاریخ اسلام میں جو بات پہلے کبھی
نہیں ہوئی تھی وہ ہو جائے گی ۔ بات تو بہت اچھی ہے لیکن کچھ تو سبب ہے کہ ابھی تک ترکی اور ایران میں اتحاد
قائم نہیں ہو سکا ہے۔ اتحاد کا ذکر ہی کیا ابھی تھوڑے دن پہلے اختلاف بھی ہو گیا تھا۔ پھر افغانستان کیوں نہیں
ترکی سے جاملتا ؟ اور ترکستان کو افغانستان سے ملنے میں کون رکاوٹ بن رہا ہے۔ اگر مذہب ہی قوموں کو ملا دیا
کرتا تو جرمنی اور فرانس اور اٹلی وغیرہ تو میں کب کی مل چکی ہوتیں۔ ہندوستان کے اخبارات میں اس بات پر
بڑی ہلچل مچ گئی ہے۔ ہم سمجھتے ہیں کہ جب تک پاکستان
کا جنم ہو گا دنیا کا رخ اور ہو چکا ہوگا۔“
اسی طرح وہ ہندی اردو زبانوں کے حوالے سے قومی زبان کے لیے ہندوستانی پر یقین رکھتے تھے اور
گاندھیائی فلسفہ لسان کا حوالہ دیتے تھے اور اس حد تک حامی تھے کہ ناگپور میں جب اردو ہندی کے درمیان
ووٹ ڈالنے کی نوبت آئی تو انھوں نے ہندوستانی کے حق میں ہی ووٹ ڈالا۔ مارچ ۱۹۳۶ء میں دہلی میں
ہندوستانی سجا کی صدارت کرتے ہوئے کہا۔
ہندوستان میں شاید پہلا موقع تھا کہ ۸ / مارچ کو دہلی کی جامعہ ملیہ میں دہلی کے اردو اور ہندی کے
ادیوں اور ساہتیہ کاروں نے مل کر ہندوستانی سبھا کی بنیاد ڈالی جس کا مقصد یہ ہوگا کہ وہ دونوں ادب کو ایک
دوسرے کے قریب لائے ان کے ادیبوں میں محبت ہمدردی ، یکتا پیدا کرے۔ انھیں ایک دوسرے کے
خیالات اور جذبات جانے اور سمجھنے کا موقع دے اور ہندوستانی زبان کے ارتقاء کا اہتمام کرے۔“
اس سلسلے میں ان کا معرکہ آرا مضمون اردو ، ہندی ، ہندوستانی“ بے پناہ مقبول ہوا۔
۱۹۳۳ء میں جب چرسین شاسترکی کی کتاب اسلام کا دش ورکش شائع ہوئی تو پریم چند بے چین
ہوا ٹھے ۔ جیندر کمار کو ایک خط میں لکھا۔
ان چرسین کو کیا ہو گیا ہے کہ اسلام کا وش ورکش لکھ ڈالا۔ اس کی ایک تنقید تم لکھو اور وہ کتاب میرے
پاس بھیج دو۔ اس کمیونل پرو پیگنڈے کا زوروں سے مقابلہ کرنا ہوگا۔“
چنانچہ پریم چند نے مقابلہ کیا۔ ہندوؤں کا ایک حلقہ ان کے خلاف ہو گیا اُن کو دھمکیاں دی گئیں ۔ ان
کی بیوی شیورانی ان دھمکیوں سے پریشان ہو ئیں تو انھوں نے سمجھاتے ہوئے کہا۔ ""اگر ہم ادیب ان
دھمکیوں سے ڈر جائیں گے تو دنیا کو اپنے خیالات دے چکے۔ اسی مضبوطی کے ساتھ انھوں نے اپنا مضمون
اسلامی تہذہب "" لکھا ہی ڈراما کر بلا لکھا اور امام حسین کے انقلابی کردار کو خراج عقیدت پیش کیا۔ ہندو
و مسلم یک جہتی کے تحت انہوں نے اس ڈرامہ میں سانس راؤ نام کا ایک ہندو کردار بھی پیش کیا جو حق اور
انصاف کا ساتھ دیتے ہوئے امام حسین کی حمایت میں میدان کربلا میں شہید ہو جاتا ہے۔
اس طرح کے خیالات کے تحت پریم چند یک جہتی اور انسان دوستی کا تصور تو پیش کر ہی رہے تھے جس
میں ان کا انسانی جذبہ تو کام کر ہی رہا تھا نیز گہرا سیاسی اور قومی نظریہ بھی کام کر رہا تھا کیونکہ وہ سمجھ رہے تھے کہ
اس طرح کے اختلافات اور تصادمات وطن اور انسان کی آزادی میں خلل ڈال سکتے ہیں کیونکہ وہ انگریزوں کی
پھوٹ ڈالو پالیسی سے بھی اچھی طرح واقف تھے۔ انھیں اس بات کا شدید احساس تھا کہ مذہبی اختلافات
سے غلامی کی زنجیریں مضبوط ہوتی ہیں اور اس سے آزادی کی تحریک کو نقصان ہی پہنچتا ہے ۔ مانک ٹالا نے
اچھی بات لکھی ہے ۔
پریم چند نے ہندو مسلم اتحاد کو اپنی زندگی کا ایک اعلی وارفع نصب العین بنالیا تھا کیونکہ ان کا ایمان تھا
کہ ہندوؤں اور مسلمانوں کے درمیان جب تک اخلاص، محبت اور بھائی چارے کا رشتہ قائم نہیں ہوتا۔ ملک
آزاد نہیں ہوگا۔ اس مقصد کی تکمیل کے لیے وہ ہندو، مسلمانوں دونوں کے فرقہ پرست حلقوں سے جو جھتے
رہے ۔ “ ( پریم چند کا سیکولر کردار )
پریم چند نے فرقہ پرستی کے خلاف درجنوں مضامین اور اداریے لکھے۔ سوامی شردھانند کی کتابوں 'ہندو
مسلم اتحاد کی کہانی اور اندھا اعتقاد کے خلاف سخت تبصرے کیے۔ رام چندر در با اور پریم چند آریہ کے
کتابچے سورہ بقر کے ترجمے کے خلاف بھی احتجاج کیا اور نا راضگی ظاہر کی تقریباً یہی احتجاج ان کی کہانیوں
نیائے ، شدھی ، پنچایت، حج اکبر وغیرہ میں بھی نظر آتا ہے۔ عمر آخر میں جب وہ سماج واد کے بہت قریب
آچکے تھے اور فرقہ پرستی کے سیاسی مزاج کو اچھی طرح سمجھ چکے تھے تو انھوں نے سماجی تہذیب، فرقہ واریت
اور تہذیب ، ادب کی غرض و غایت جیسے معرکے کے مضامین لکھے ان مضامین میں زندگی بھر کا تجر بہ علم نظریہ
عالمیت اور انسانیت نظر آتی ہے تبھی ان کے قلم سے فرقہ پرستی سے متعلق ایسے فکر انگیز اور معنی خیز جملے نکلتے
ہیں:
دونوں ہی فرقہ پرست جماعتیں متوسط طبقہ کے زمینداروں ، عہدیداروں کی ہیں۔ ان کا دائرہ عمل
اپنے طبقہ کے لیے ایسے مواقع حاصل کرنا جس سے وہ عوام پر حکومت کر سکیں عوام پر اقتصادی اور عملی اثر
جما سکیں ۔ عام جنا کے سکھ دُکھ سے انھیں کوئی لینا دینا نہیں ہے۔“
اور آخر میں یہ کہتے ہیں .
وہ مبارک دن ہو گا جب ہمارے مدرسوں سے تاریخ اُٹھا دی جائے گی ، وہ زمانہ فرقہ پرستی کے فروغ کا
نہیں ہوگا۔ یہ معاشیات کا عہد ہے اور آج وہی نیتی کامیاب ہوگی جس سے عوام اپنی اقتصادی مسائل کو حل
کر سکیں جس سے تو ہم پرستی مذہب کے نام پر کیا گیا پاکھنڈ غر یبوں کو ہنے کی مہربانی منائی جا سکے ۔
وہ فرقہ پرستی کے فروغ کے لیے مہاجنی تہذیب کو بھی ذمہ دار قراردیتے ہیں ۔ لکھتے ہیں ہے
یہ ساری برائیاں دولت کی دین ہے، پیسے کے پر ساد ہیں۔ مہاجنی تہذیب نے ان کی تربیت کی ہے
کو ہی ان کو پالتی ہے اور وہ یہ بھی چاہتی ہے کہ جو دلت ، پیٹرت اور پسماندہ ہیں وہ اسے خدائی دردان سمجھ کر اپنے
حالات سے مطمئن رہیں اور صبر کریں ... آگ لگا کر چاہیں کہ پیٹیں نہ اُٹھیں ناممکن ہے۔ چیہ اپنے ساتھ
بُرائیاں لاتا ہے جنھوں نے دنیا کو جہنم بنا دیا ہے۔ اس پیسہ پوجا کو مٹا دیجئے ساری بُرائیاں اپنے آپ مٹ
جائیں گی ۔ جڑ نہ کھود کر صرف پھنگی کی پتیاں توڑنا بیکار ہے۔“
اشترا کی تہذیب کی تعریف کرتے ہوئے آخر میں کہتے ہیں ۔
قابل تعریف ہے وہ تہذیب وہ نظام جو مالداری اور ذاتی ملکیت کا خاتمہ کر رہی ہے اور جلدی یا دیر
سے دنیا اس کے نقش قدم پر ضرور چلے گی۔ یہ تہذیب فلاں ملک کے سماجی ساخت سے میل نہیں کھاتی مذہب
کے ہم آہنگ نہیں ہے۔ یہ بحث فضول ہے۔ جو بیچ ہے اس کی ایک نہ ایک دن فتح ہوگی اور ضرور ہوگی ۔“
دو چار کہانیاں یا مضامین کیا پریم چند کا کمل سرمایہ ادب اور مقصد حیات صرف ہندو و مسلم یا ہندی اور
اردو ہی کیا بلکہ ہر طرح کی تفریق و تفہیم اور نفرت کے خلاف آگ اگلتا نظر آتا ہے خواہ وہ دلت کا مسئلہ ہو یا
کوئی دیگر محروم طبقہ اچھوت کا مسئلہ ہو یا کم عمری کی شادی کا ۔ زمینی ملکیت کا مسئلہ ہو یا استحصال کا ایسے تمام
موضوعات پر مسلسل لکھ کر پریم چند نے عوام میں نہ صرف انفرادی حق یا صرف حصول آزادی تک ہی نہیں بلکہ
اس عہد کے مزاج اور سماج کو بدلنے اور نو جاگرن لانے میں حسب توفیق اپنا کلیدی اور غیر معمولی رول ادا
کرنے کی بھر پور کوشش کی اس لیے ان تمام کوششوں کو صرف حمایت اور ہمدردی کی نگاہ سے ہی نہیں دیکھا
جاسکتا بلکہ اس کو بقول مرلی منوہر پرتاپ سنگھ
پریم چند اور ان کے معاصرین ادبیوں نے عام انسانوں کو نو جاگرن کی جو تحریک دی اس کے نتیجہ میں
تحریک آزادی میں زبردست عوامی بیداری آئی۔ پریم چند اور ان کی طرح دوسرے ادیبوں کے لیے یہ دو
طرفہ معاملہ تھا۔ ایک طرف وہ عوام کے دکھ درد جد و جہد اور ان کے حقائق کے پیش نظر اپنے آپ کو مستحکم
کر رہے تھے تو دوسری طرف جمہوریت ۔ برابری اور آزادی کے نئے آثار واقدار کو پسماندہ عوام میں پہنچا
بھی رہے تھے اور ادب کی نئی قومی دھارا کو تلاش بھی کر رہے تھے ۔“
( پریم چند سے کون ڈرتا ہے)
پریم چند نے یہ سب کچھ اردو اور ہندی دونوں زبانوں میں لکھا اور دونوں طبقہ کے قارئین اور نادان
لوگوں کی تربیت کی دونوں زبانوں میں ایک ساتھ لکھنے اور پیغام پہنچانے سے پریم چند کی تصویر ایک مسیحا کی سی
اُبھری جو ایک صوفی رشی وغیرہ کی ہوا کرتی ہے۔ ظاہر ہے کہ ایسے میں پریم چند اپنی ان تمام بے لوث،
ایماندار اور طاقت ور تحریروں کے ذریعہ ہندی اور اردو۔ ہندو و مسلم کی مشترکہ تہذیب ۔ ہندوستانی تہذیب کی
خوبصورت اور جاندار علامت بن گئے ۔ خود ایک تاریخ اور تہذیب بن گئے یہی وجہ ہے کہ وہ کل اور آج بھی
گھر گھر پڑھے جاتے ہیں پسند کئے جاتے ہیں۔ اسی لیے ایسی تہذیب کے دشمنوں نے انھیں کل بھی
اکھاڑنے کی کوشش کی اور آج بھی کی جارہی ہے اس کی وجہ ان کا کھلا ڈلا نظریہ اور ترقی پسند سرمایہ جو ایک
خوف بن کر کل بھی فرقہ پرستوں کے سر پر لہراتا رہا اور آج بھی لہرا رہا ہے۔ اسی لیے طرح طرح کے الزام کل
بھی لگائے اور آج بھی لگائے جارہے ہیں سنگھ صاحب نے ایک اور اچھی بات
لکھی ہے ۔
ہندی ، اردو کی اس ملی جلی قومیت کے دشمنوں کے لیے پریم چند بھلا کیسے اہم ہو سکتے ہیں ۔ وہ تو فرقہ
پرستانہ تحریک کے راستے میں رکاوٹ پیدا کرتے ہیں اس لیے راستہ کے اس کاٹنے کو ہٹانا ضروری ہے۔
صرف پریم چند ہی نہیں ۔ جدید ہندی کے ادیبوں میں سدرشن ۔ ورنداون لال در ما جنیند رکمنار - امرت لال
ناگر ۔ ہری کرشن پری ۔ نا گارجن رینو - اشک ۔ راہی معصوم رضا۔ شانی۔ راجیندر یادو ۔ کملیشور۔
اصغرو جاہت وغیرہ بھی پریشانی کی وجہ رہے ہیں۔ ہندو وادیوں کا جہاں بھی بس چلتا ہے وہ امیر خسرو۔
کبیر جائسی، رحیم وغیرہ کو بھی نصاب سے ہٹانے کا موقع نہیں چوکتے ۔“
مہذب، انصاف پسند اور برابر کے تاج کا جو نقشہ پریم چند نے سوچا اور پیش کیا وہ آج بھی بے پناہ
ترقیوں کے باوجود نہیں بن پایا اور وہ بُرائیاں جس کی مخالفت وہ کرتے رہے آج بھی سماج میں بال و پر
پھیلائے ہوئے ہیں اس لیے پریم چند کے یہ خیالات و تصورات آج بھی اتنے ہی اہم ہیں جتنے کل تھے اسی
لیے ایسے فرقہ پرست اور تخریبی عناصر کو سب سے زیادہ پریم چند سے ہی خطرہ محسوس ہوتا ہے اس لیے وہ ان پر
بار بار حملہ کرتے ہیں اسی لیے ہمیں بھی ان کی ترقی پسندانہ اور حق پرستانہ تحریر وتقریر کو بار بار دھرانا پڑتا ہے۔ یہ
اگر چہ پریم چند جیسے عظیم فنکاروں کے لیے ضروری تو نہیں لیکن یہ تو ہے کہ بیچ کو بار بار دھرانے کی ضرورت
ہوتی ہے تا کہ بیچ ہی عام ہو ورنہ زیادہ جھوٹ کبھی کبھی بیچ کا روپ لے لیتا ہے اس لیے آج بھی پریم چند کی
سچائیوں کو ترقی پسند وسیکولر تحریروں کو اجاگر کرنے کی ضرورت ہے۔",4683
P4_1997_062,Naya Waraq,1997,Magazine,"ہندوستان میں مابعد جدیدیت کی بحثوں کو شروع ہوئے کئی برس ہوچکے ہیں لیکن اگر اردو والوں
سے پوچھا جائے کہ مابعد جدیدیت ( POSTMODERNISM ) کیا ہے تو اکرمی علمی کا اظہار کریں گے ۔
اردو میں یہ بحث ابھی نئی ہے جو لوگ حساس ہیں اور ادبی معاملات کی آگہی رکھتے ہیں ان کو اس بات کا احساس
ہے کہ ما بعد جدیدیت کا نیا چیلنج کیا ہے اور اردو کے تناظر میں مابعد جدیدیت کے اثرات کے تحت پیدا ہونے
والے نئے سوالات کیا ہیں ۔ اس بارے میں پہلی بنیادی بات یہ ہے کہ ما بعد جدیدیت کسی ایک نظرئیے کا نہیں
بلکہ کئی نظریوں یا ذہنی رویوں کا نام ہے اور ان سب کی تہہ میں بنیادی بات تخلیق کی آزادی اور معنی
پر بٹھائے ہوئے پہرے یعنی اندرونی و بیرونی دی ہوئی ایک کو رد کرنا ہے ۔ یہ نئے ذہنی رویے نئی ثقافتی اور
تاریخی صورتحال سے بھی پیدا ہوئے ہیں اور نئے فلسفیانہ قضایا پر بھی مبنی ہیں گویا ما بعد جدیدیت ایک نئی
صورتحال بھی ہے ۔ یعنی جدیدیت کے بعد کا دور ما بعد جدیدیت کہلائے گا۔ لیکن اس میں جدیدیت سے انحراف :
بھی شامل ہے جو ادبی بھی ہے اور آئیڈیو یو جیکل بھی ۔ آئیڈیو لوجی سے یہاں مراد کوئی فارمولا پا منصوبہ بند
پروگرام نہیں بلکہ ہر طرح کی فارمولائی ادعائیت سے گریز یا تخلیقی آزادی پر اصرار یا اپنے ثقافتی شخص پر اصرار
ایک نوح کی آئیڈیو لوجی بھی ہے ۔ تاہم مابعد جدیدیت کی فلسفیانہ بنیادوں کو سمجھنا قدرے مشکل اس لئے ہے کہ
ہمارے ذہن ابھی تک ترقی پسندی اور جدیدیت کی آسان تعریفوں کے عادی ہیں ۔ ان سابقہ تحریکوں کی بندھی ملکی
فارمولائی تعریفیں ممکن تھیں ، پھر یہ دونوں ایک دوسرے کی ضد تھیں یعنی جو ترقی پسندی نہیں تھی وہ
جدیدیت تھی اور جو جدیدت تھی وہ ترقی پسندی نہیں تھی یعنی ایک میں زور انقلاب کے رومانی تصویر پر تھا
دوسری توجہ شکست ذات پر تھی۔ مابعد جدیدیت نہ ترقی پسندی کی ضد ہے اور نہ جدیدیت کی اور نہ ہی اسکی کوئی
بندھی ملکی فارمولائی تعریف ممکن ہے ۔ اس اعتبار سے دیکھا جائے تو ما بعد جدیدیت ایک کھلا ڈلا ذہنی رویہ
ہے تخلیقی آزادی کا ، اپنے ثقافتی تشخص پر اصرار کرنے کا، معنی کو سکہ بند تعریفوں سے آزاد کرنے کا ، مسلمات
کے بارے میں از سر نو غور کرنے اور سوال اٹھانے کا ، دی ہوئی ادبی لیک کے جبر کو توڑنے کا ، ادعائیت خواہ وہ
سیاسی ہو یا ادبی اس کو رد کرنے کا اور معنی کے معمولہ رخ کے ساتھ اس کے دبائے یا چھپائے ہوئے رخ کے
دیکھنے دکھانے کا۔ دوسرے لفظوں میں مابعد جدیدیت تکثیریت کا فلسفہ ہے جو مرکزیت یا وحدیت یا کلیت کے
مقابلے پر ثقافتی بو قلمونی ، مقامی شخص اور معنی کے دوسرے پن (Other ) کی تعبیر پر اور اس تعبیر میں قاری
کی شرکت پر اصرار کرتا ہے۔
اس طرح دیکھا جائے تو جدیدیت کی جلو میں جس اجنبیت ، ذات پرستی ، خوف تنہائی ، یاسیت اور احساس
جرم کی یلغار ہوئی تھی اس کی بنیاد پر اپنے آپ کا لعدم ہو جاتی ہے اور ادب کا رشتہ از سر نو سماجی اور ثقافتی
مسائل کی آزادانہ تخلیقی تعبیر سے جڑ جاتا ہے ۔ نیز معنی چونکہ متن میں بالقوة موجود ہے اور قاری ہی اس کو
بالفعل موجود بناتا ہے اسلئے ادب اور آرٹ کی کار فرمائی میں قاری کی نظریاتی بحالی سے قاری پر ادب کے اثرات
یعنی آئیڈیولوجی کے عمل دخل کی راہ بھی کھل جاتی ہے یعنی ادبی متن ہے ہی ثقافتی اور سماجی دستاویز اور ہر ادبی
معنی کسی نہ کسی نظریہ اقدار (Value system ) اور نظریہ حیات یا آئیڈ یو لوجی سے جڑا ہوا ہے ۔ آپ نے
دیکھا کہ سماجی معنی یا آئیڈیولوجیکل اقدار کی جو بات مابعد جدیدیت کے راستے سے آرہی ہے وہ براہ راست نہیں
آرہی ہے کہ ادیب یا شاعر کے لئے حکم نامہ جاری کیا جا رہا ہو کہ یوں لکھو تو ما بعد جدید ہو گا اور یوں لکھو تو
ما بعد جدید نہ ہو گا ۔ اس بات کو یوں بھی واضح کیا جا سکتا ہے کہ نری پسندی کے دور میں جس نے بھی کسان ،
مزدور ، پیداواری رشتے ، طبقاتی کشمکش اور انقلاب کا ذکر کیا وہ ترقی پسند ہو گا۔ اسی طرح جدیدیت میں جس
نے بھی اجنبیت ، تنہائی ، شکست ذات کا ذکر کیا یا ایہام و علامت ڈال دی وہ جدید ہو گیا۔ ان دونوں کے مقابلے
میں اب ما بعد جدید دور میں ایسا کوئی سستا نسخہ دستیاب نہیں ۔ مابعد جدیدیت سرے سے ایک دینے ، فارمولے
وضع کرنے یا تخلیق کار کے لئے حکم نامے جاری کرنے کا فلسفہ ہے ہی نہیں ۔ اس میں زندگی ، سماج یا ثقافت سے
جڑنے والی بات بھی فقط ادب کی نوعیت اور ماہیت کی آگہی کے حصے کے طور پر کہی گئی ہے نہ کہ اوپر سے لادے
ہوئے کسی پروگرام یا منصوبے کے طور پر یا کسی سیاسی پارٹی کے منشور کے طور پر ۔ یعنی یہ کہ ادب ہے ہی زندگی
اور سماج کی اقدار کا حصہ اور ادب کی کوئی تعریف یا تعبیر زندگی ، سماج اور ثقافت سے ہٹ کر ممکن ہی نہیں ۔
مزید واضح رہے کہ مابعد جدیدیت کی بنیاد جس ادبی تھیوری پر ہے وہ ساختیات اور پس ساختیات سے ہوتی
ہوئی آئی ہے ۔ نسوانیت کی تحریک ، نئی تاریخیت اور رو تشکیل کے فلسفے بھی اس کا حصہ ہیں ، قطع نظر دوسرے
امور سے ان فلسفوں کا سب سے بڑا اثر یہ ہوا ہے کہ ادب کی نوعیت اور ماہیت پر از سر نو غور و خوض کا ایک نیا
دور شروع ہوا ہے جس میں زبان کی مرکزی اہمیت ، اور یہ کہ زبان کے ذریعے معنی کیسے قائم ہوتے ہیں اور
ادب بطور ادب کسی طرح متشکل ہوتا ہے ، یا ادب کی جمالیاتی تشکیل کیسے ہوتی ہے ، ان سب مسائل پر غور و
خوض کا دروازہ کھل گیا ہے اور پچھلے تیس پینتیس برسوں سے زور و شور سے معنی خیز بخشیں جاری ہیں ۔ ان
بحثوں کا آغاز جیسا کہ معلوم ہے ۔ سوسئیر کا فلسفہ لسان ہے جس کی بناء پر نئی تھیوری کی عمارت نئے فلسفوں نے
اٹھائی جن میں جیکب سن ، لیوی اسٹراس ، لاکاں، آلتھیو ہے ، رولاں بارتھ ، دریدا، جو لیا کر سٹیوا ، بادریلا ،
یو تار اور برصغیر کے دانشوروں میں ہومی بھابھا ، گنیش دیوی ، اعجاز احمد اور گایتری چکرورتی کے نام عہد حاضر
کے عالمی دانشورانہ ڈسکورس کا حصہ بن چکے ہیں۔
بے شک نئی تھیوری یا ما بعد جدیدیت میں بہت سی باتیں صدمہ زا اور پریشان کرنے والی بھی ہیں ۔ ایسا
اس لئے بھی ہے کہ جن لوگوں کی واقفیت سرسری ہے یا جو نئے خیالات سے بھڑکتے ہیں ، وہ محمداً انتظار بھی
پھیلاتے ہیں یا آدھی ادھوری یا غلط سلط باتیں بھی کرتے ہیں۔ کسی بھی بڑی تبدیلی کے زمانے میں ایسے روئیے
بالعموم دیکھنے کو ملتے ہیں۔ لیکن یہ بات بھی اپنی جگہ پر ہی ہے کہ جس طرح اپنے زمانے میں مار کس نے تاریخ کو
ہے مرکز کر دیا تھا یا فرائیڈ نے فرد کو بے مرکز کر دیا تھا، بالکل اسی طرح سوسئیر نے زبان کو ، ہو سرل نے عام
مجھ بوجھ کو اور دریدا نے معنی کی وحدت کو بے دخل کر دیا ہے ۔ علم و دانش کی یہ تبدیلی معمولی نہیں ۔ مسئلہ
فقط ادب یا ادب کی تعبیر و تشکیل کا نہیں ، انسان اور انسان کی زندگی کا ہے ۔ یعنی حقیقت انسانی کی نوعیت ،
انسان کی شناخت یا انسان کی تحلیل ہوتی ہوئی پہچان کی اصل کیا ہے ا نیز ما بعد جدید عہد میں ماس میڈیا اور
صارفین کی جو یلغار ہے اور جس طرح کمپیوٹر اور برقیاتی ذہن بہت سی ثقافتی ترجیحات کو پلٹتا جا رہا ہے اس سے
چاروں طرف ایک کر انس ہے ۔ مابعد جدیدیت یا نئی تھیوری کے بہت سے ذہنی روئیے اس ثقافتی کرائس
کو سمجھنے اور اس سے عہدہ برآ ہونے کی کوششیں ہیں ۔
عالمی سطح پر دیکھا جائے تو تیسری دنیا یا پچھڑے ہوئے ایشیائی ، افریقی ، لاطینی ، امریکی یا جنوب ایشیائی
ممالک جن میں ہندوستان بھی ہے ان سب کی حیثیت آج سے پہلے انسانی سماج کے دوسرے یعنی مرکز سے ہے
ہوئے غیر ہی تھی۔ ان کی ثقافت ان کے ادبی ڈسکورس اور ان کے شخص پر توجہ مابعد جدید دور کا کارنامہ ہے
اسی طرح عورت بھی جو صدیوں تک مرد سماج کا دوسرا یعنی Other کبھی جاتی تھی اب سماجی ڈسکورس کے
قلب میں آگئی ہے ۔ ہندوستانی سماجیاتی منظر نامے پر اوپری جاتیوں کا جو غلبہ تھا وہ ادھر بہت تیزی سے ٹوٹنا
شروع ہوا ہے اور نیا نچلا متوسط طبقہ ، نچلی ذاتیں یا کچلے ہے یا دبے ہوئے طبقے یعنی Subaltern جن کی
سیاست میں کوئی آواز نہیں تھی اب طاقت اور اقتدار کے قلب میں آرہے ہیں ۔ اسی طرح علاقائی اور قبائلی اور
آدی بای کلچر Main stream کھر کے پہلو بہ پہلو اپنی حیثیت منوانے لگا ہے ۔ قومی منظر نامے پر بڑی مرکزی
پارٹیوں کا نسبتاً کمزور ہو جانا اور مقامی و علاقائی پارٹیوں کا فروغ پانا ، قومی لیڈروں کے مقابلے پر علاقائی لیڈر
شپ کا ابھرنا اور سیاسی و ثقافتی طاقت پر قابض ہونا بھی اس منظر نامے کا حصہ ہے۔ یہ بھی حقیقت ہے کہ ایک
تیسری تکثیری سماج میں مرکزیت یا وحدت کا چیلنج ایک حد تک ہی گوارا کیا جاسکتا ہے اور نظر انداز کئے ہوئے
دوسرے "" یعنی جو اب تک "" غیر "" تھا اس کے قلب میں آجانے کے بعد مرکز اور مقامیت میں ایک توازن کی
ضرورت بھی ہوگی جس کا خواب ہندوستان کے دستور میں دیکھا گیا ہے۔
ہندوستان کے ادبی منظر نامے پر اس بدلتی ہوئی صورتحال اور نئے زاویوں کی پر چھائیاں ہر جگہ دیکھی
جاسکتی ہیں ۔ بنگالی ، مراٹھی، گجراتی، کٹر، ملیالم ، ہندی اور پنجابی میں یہ بحثیں زیادہ ہیں ، اردو میں نسبتا کم ۔
دیکھا جائے تو دلت ادب کی تحریک جو بعض ہندوستانی زبانوں میں کئی دہائیوں سے جاری ہے اسی منظر نامے
کا ایک حصہ ہے اور ادھر "" دیسی وار "" یعنی Nativism کی جو تحریک اٹھی ہے اور ان دنوں بحث و مباحثہ
کا موضوع بنی ہوئی ہے وہ بھی کسی نہ کسی طرح ما بعد جدیدیت کی آئیڈیو لوجیکل ترجیحات سے جڑ جاتی ہے یعنی
ایک تو مغرب کے مقابلے پر ہندوستانی ادبیات میں بھی سنسکرت یا سنسکرت کی طرح اقتدار پر قابض زبانیں
دور دراز کی پچھڑی یا دبی ہوئی زبانوں یا بولیوں کو دباتی اور نظر انداز کرتی رہی ہیں۔ ایک وحدانی شعریات اور
جمالیات کے صدیوں سے چلے آرہے غلبے کا لا محالہ نتیجہ یہ ہے کہ صدیوں تک علاقائی یا قبائلی شعریات اور مقامی
طور طریقوں کو نظر انداز کیا گیا۔ آج کی ادبی فضا میں دیسی واد"" کے تحت یہ بخشیں زور شور سے جاری ہیں۔ نئے
مباحث سے جن جوڑے دار مداد (Binaries ) کی ترجیجی حیثیت چیلنج کی زد میں آگئی ہے ان کا ایک مختصر
خاکہ یوں ہو سکتا ہے۔
مغرب / نو آبادیات
عالمیت
بالمقابل
مشرق / تیسری دنیا
بالمقابل
جڑوں پر اصرار ثقافتی و
مرکزیت
بالمقابل
مقامیت
بالمقابل
چھوٹے بیانیہ
مہا بیانیہ
بالقابل
دبے کچلے عوام
اشرافیہ
مفکرت
بالمقابل
بھاشا / بھاشائیں
برہمنی شعریات
بالمقابل
بھگتی صوفی سنت دور سے چلی آرہی
عوامی شعریات / قبائلی شعریات
بالمقابل
تکثیریت
و حدیت
اس خاکے کے جوڑوں (Binaries ) میں پہلے عنصر کا غلبہ صدیوں سے چلا آتا ہے یعنی دوسرا عنصر
پہلے کا غیر "" تھا ، دبایا ہوا یا نظر انداز کیا ہوا تھا اور اس کی اپنی کوئی پہچان نہ تھی اور اگر تھی تو پہلے عنصر کے
حوالے سے اور اس کی رو سے تھی۔ مابعد جدید عہد کی آگہی کے بعد صورتحال تبدیل ہوئی ہے اور دونوں جوڑے
دار اضداد ( Binaries ) میں کلاکش کا جو نیاڈ سکورس پیدا ہوا ہے اس میں دوسرا عنصر اب اپنی شرائط پر اپنی
شناخت اس نوع کرا رہا ہے کہ اصل اور غیر کی پہلی تعبیر پلٹنے لگی ہے اور پہلے عنصر کا ترجیحی غلبہ کم ہونے لگا ہے
اردو میں ہر چند کہ ما بعد جدیدیت کی گفتگو شروع ہو چکی ہے لیکن ہم مزاجا روایت پرست ہیں نیز چونکہ حق
تلفیوں کا شکار ہونے کی وجہ سے بے دلی ، شکست خوردگی اور ذہنی انتظار کا بھی شکار ہیں اس لئے نئے خیالات
کو سمجھنے پرکھنے اور اردو کے تناظر میں ان کی معنویت کو بروئے کار لانے میں ہم کچھ ست رو بھی ہیں ۔ ویسے
دیکھا جائے تو اقلیت سے جڑے ہونے اور مرکزی حیثیت سے بے دخل ہو چکھنے کی وجہ سے اردو کا مسئلہ ہے ہی ما
بعد جدیدی مسئلہ ، اور ہم واقعتا دوسرے عنصر یعنی ""خیر"" والی (Binary ) کے منظر نامے کی زد میں آچکے
ہیں اس طرح کہ دوسری تمام ہندوستانی زبانیں اپنے اپنے خطوں اور صوبوں میں اقتدار پر فائز ہیں جب کہ اردو
اپنے گھر میں بے گھر ہو کر ان سب زبانوں کا (Other ) یعنی دوسرے درجے کا نظر انداز کیا ہوا خیر"" بن چکی
ہے اور تو اور ہم خود ہی اپنے لئے ثانوی درجے پر قانع ہو چکے ہیں۔ بھلا ہو جدیدیت کا جس نے اجنبیت ، یاسیت
اور احساس جرم کی جس لعنت میں اردو کو گرفتار کیا تھا اردو اس وجہ سے ہنوز نہ صرف نئے سماجی ڈسکورس .
سے کئی ہوئی ہے بلکہ ہماری غیرت بھی سوچکی ہے ۔ دوسری طرف دیکھا جائے تو نئی پیڑھی کے شاعر اور ادیب بار
بار اعلان کرتے ہیں کہ ان کا تعلق نہ فیشن گزیدہ جدیدیت سے ہے اور نہ فارمولائی ترقی پسندی ہے ۔ وہ ایک
طرف اشکال اور ایمال کی منطق کو رد کرتے ہیں تو دوسری طرف سیاسی پارٹیوں کے منصوبہ بند پروگرام اور
دی ہوئی لیک کو بھی ۔ لیکن ان کو ڈانٹ دیا جاتا ہے کہ تمہاری حیثیت ہی کیا ہے ۔ ہلکی سی زندگی کی رمق اگر ہے
تو اس امر میں کہ نئی پیڑھی کے شاعر اور افسانہ نگار اب حد سے بڑھی ہوئی داخلیت ، شکست ذات اور لایعنیت
سے ادب چکے ہیں اور اس حصار سے باہر نکل کر کھلی فضا میں سانس لینا اور زندگی کے نئے مسائل سے رشتہ
جوڑنا چاہتے ہیں اسی طرح کہانی پن جس کا نظریاتی طور پر اخراج کیا گیا تھا اس کی واپسی ہو رہی ہے اور قاری کی
بحالی پر بھی توجہ دی جانے لگی ہے ۔ یہ سب مابعد جدیدیت کے دور میں داخل ہونے کی نشانیاں ہیں ۔ تاہم
کنفیوژن پھیلانے والے بھی اپنا کام کئے جارہے ہیں کیونکہ جب روئیے بدلتے ہیں تو اقتدار کے مراکز پر بھی زد
پڑتی ہے ۔ جب جدیدیت کا آغاز ہوا تھا تو ترقی پسندوں نے بھی خوب خوب مخالفت کی تھی ۔ چنانچہ اب اگر
جدیدیت کے بعد کا نیا ڈسکورس شروع ہو رہا ہے تو وہ لوگ جو جدیدیت کے اسٹیبلشمنٹ سے وابستہ ہیں وہ اگر
فقط منفی باتیں کرتے ہیں یانئی معنویت کو نظر انداز کر کے محمد اگراہی پھیلاتے ہیں تو اس نفسیات کو سمجھنے کی
ضرورت ہے اس سے پریشان ہونے کی ضرورت نہیں ۔ ایسا تو ہر دور اور ہر عہد میں ہوتا آیا ہے ۔ یاد رکھنے کی
بات تو یہ ہے کہ ثبات ایک تغیر کو ہے زمانے میں تبدیلی برحق ہے اور تبدیلی تو اردو میں بھی آرہی ہے ۔ البتہ
اس کو پوری طرح لائیں گے فنکار ، تخلیق کار ، شاعر یعنی اس کے اچھے برے کو پرکھنے اسکے معنیاتی مضمرات کو
کھنے اور اس کو باطن کا معاملہ بنانے کیلئے متقید کے جشن کی نہیں تخلیق کے جشن کی ضرورت ہوگی۔",2588
P4_1997_063,Naya Waraq,1997,Magazine,"عصمت چغتائی اور منٹو ہمارے اولین باقی فن کار ہیں ۔ انہوں نے اپنی تحریروں میں ہمارے معاشرے کی
دوغلی معاشرت ، منافقانہ اخلاقیات اور ذہنی پستیوں کو بے نقاب کیا۔ اپنی نجی ، سماجی اور ادبی زندگیوں میں
اس کی پوری قیمت بھی ادا کی۔ اب وہی اسٹیبلش منٹ جس نے بغاوت کی قیمت وصول کی انہیں ہیرو بنا رہا ہے
جو لوگ انہیں زوال پسند ، انحطاطی ادیب کہتے تھے ان کے گن گارہے ہیں ۔ زیادہ دن نہیں گزریں گے کہ
انہیں بے ضرر بنا کر طاق پر سجادیا جائے گا۔ اس کا ایک بڑا آسان طریقہ ہے ۔ خالص ادبی تنقید - ادبی معیار و
اسلوب کی ترازو میں تحریروں کو تول کر اور تدریسی انداز میں بال کی کھال نکالنے کے بعد یہ فیصلہ کیا جائے گا
کہ بس چند افسانے ہیں جو ادب کے موجودہ معیار پر پورے اترتے ہیں اور یہی صحیح معنوں میں ان کے نمائندہ
افسانے ہیں ، باقی کو نظر انداز کرنا ہی بہتر ہو گا۔ چند افسانے جو معاشرے کے لئے قابل قبول ہیں ادبی انتخابات
میں شامل ہوں گے باقی فراموش کاری کی نظر ہو جائیں گے ۔ ادب کے ٹھیکیدار جو دراصل مزاجاً روایت پسند
اور قدامت پرست ہوتے ہیں ہر باضی کے ساتھ یہی سلوک کرتے ہیں ۔
آئیے پہلے ہم اپنی قدامت پسندی کا جائزہ لیں تاکہ ہمیں اندازہ ہو کہ عصمت کے نسبتاً کمزور یا برے افسانوں
نے بھی کتنا اہم کام کیا ہے ۔
سرسید ہمارے کتنے روشن خیال ، جہاں دیدہ اور دور اندیش آدمی تھے ۔ ۱۸۵۷ء میں انہوں نے جان لیا
تھا کہ انگریزوں کی حکومت جلد ختم ہونے والی نہیں۔ انہوں نے پوری کوشش کی کہ انگریزوں کی مسلمانوں سے
یہ غلط فہمی دور ہو کہ جنگ آزادی میں ان کا ہاتھ تھا۔ نئے زمانے کا رخ انہوں نے سمجھ لیا تھا کہ یہ عقلیت پرستی
اور فطرت کے اعمل قوانین کے اعتراف کا دور ہو گا ۔ اسی روشنی میں انہوں نے قرآن کی تفسیر لکھی اور اسی راہ پر
بعد میں دوسرے اہم مفسرین جیسے مولانا ابو الکلام ازاد ، مولانا مودودی و غیره تو چلنا پڑا ہی نہیں انہوں نے
بہت پہلے مغربی تعلیم کی اہمیت کو سمجھ لیا تھا ۔ بد قسمتی سے اپنی جاگیر دارانہ ذہنیت سے وہ باہر نہیں آپائے ۔
انہوں نے تعلیم کو عام کرنے کے بجائے اسے اپنے طبقے تک محدود رکھنے کی کوشش کی تاکہ انگریزوں کے اقتدار
میں حصہ بٹا سکیں ۔ جاگیر دارانہ معاشرے میں تجارت و حرفت کم تر اور شرف کے شایان شان نہیں سمجھے جاتے
تھے ۔ سرسید نے بھی اسے غیر ضروری سمجھا۔ انہیں انگریزی طور طریقے اور دستور بہت پسند تھے ۔ لیکن یہ بات کہ
ان پر نچلے طبقے کے لوگ بااختیار ہوں کسی طور قابل قبول نہیں تھی ۔ البتہ وہ غلطی جو مسلم سماج کو بہت مہنگی
پڑی عورتوں کو تعلیم سے محروم رکھنے کی تھی۔ اس بارے میں انہوں نے کوئی گول مول بات نہیں کہی ۔ بغیر کسی
لگی لپٹی کے صاف صاف کہا کہ جاہل عورت اپنے حقوق سے ناواقف ہوتی ہے اس لئے مطمئن رہتی ہے ۔ اس
بات کو مسلمانوں نے ایک آفاقی سچائی کے طور پر قبول کر لیا ہے ۔ اور آج بھی مسلمانوں کی ایک بڑی تعداد جن
میں دینی عالم بھی ہیں یہی عقیدہ رکھتے ہیں۔ سرسید نے لڑکیوں کے اسکول کھولے جانے کی مخالفت کی اور اس پر
زور دیا کہ وہ صرف مذہبی کتابیں پڑھیں اور جدید زمانے کی مروجہ کتابوں سے جو نامبارک ہیں دور رہیں ۔ یہ
عورتوں کی بد قسمتی تھی کہ سرسید ساجید عالم اور اشرف علی تھانوی جیسے زبردست عالم دین متفق تھے کہ
عورتوں کو چار دیواری سے باہر نکلنے نہ دیا جائے ۔ باہر کی دنیا سے انہیں سرے سے بے خبر رکھا جائے ۔ مولانا
تھانوی نے عورتوں کو تلقین کی کہ ان کی بہتری اسی میں ہے کہ شوہر کا دل ہاتھ میں لئے رہیں ۔ اس کی آنکھ کے
اشارے پر چلیں ۔ اگر وہ حکم کرے کہ ساری رات ہاتھ باندھ کر کھڑی رہو تو اس کے حکم کی تعمیل کرو ۔ کیونکہ
اس میں عورت کی بھلائی ہے ۔ اگر وہ دن کو رات بتلائے تو عورت بھی دن کو رات کہنے لگے ۔ شوہر سے کبھی زائد
خرچ نہیں مانگنا چاہئے اور نہ اس سے کوئی فرمائش کرنی چاہئے ۔ اگر شوہر سے کوئی تکلیف بھی ہو تو اس میں بھی
خوشی ظاہر کرنی چاہئے ۔ شوہر کو کبھی اپنے برابر نہ سمجھو ۔ اس سے کسی قسم کی خدمت مت لو "" ۔ (بہشتی زیور)
کیا یہ تعلیم اسلام کے منافی نہیں ؟ اسلام نے تو عورت کو برابر کے حقوق دیتے ہیں ۔ ایک ایسے معاشرے
میں جہاں تعلیم بہت ہی کم ہو اس کا کیا نتیجہ ہو گا۔ عورتوں کی زندگی کا مقصد نچلے طبقے کے لوگوں کی طرح بس
مردوں کی خدمت کرنا رہ گیا۔ اس کی اپنی زندگی کو کوئی سوال ہی نہیں اٹھتا تھا ۔ بیٹی باپ کی دست نگر تھی ۔
بیوی شوہر کی اور ماں اپنے بیٹوں کی ۔ اگر وہ باہر نکلنے کی کوشش کرے تو بے حیا کہلائے ۔ مردوں کا سماج ، اس کی
جان کے در پے ہو جائے ۔ ایسا نہ تھا کہ عورتوں کو اس کا احساس نہ ہو ۔ ایک بنگالی عورت رقیہ حسین نے ۱۹۰۹
میں بھاگلپور میں عورتوں کا اسکول جاری کیا اور جب اس کو مکان گھریلو تنازعوں کی بناء پر چھوڑنا پڑا تو 1911 میں
اس نے کلکتہ میں لڑکیوں کا اسکول شروع کیا۔ دوسری عورتوں کے ساتھ عورتوں کی تنظیم انجمن خواتین اسلام
میں شرکت کی ۔ اسی کی کوششوں سے کل ہند نسواں کانفرنس کلکتہ میں منعقد ہوئی ۔ اپنے ایک ابتدائی مضمون
میں رقیہ نے لکھا "" عورتوں کا زیور پہننے کا مقصد اس کے سوا کچھ نہیں ہوتا کہ اپنے شوہروں کی دولت کی نمائش
کریں ۔ عورتوں کو چاہیے کہ یہ چوڑیاں اور کڑے گھر کے مردوں کے لئے استعمال کریں کہ ان کا صحیح مصرف یہی
ہے ۔ آپ انہیں اپنے جسم پر کیوں پہنیں کہ یہ تو آپ کی غلامی کی علامت ، قیدی لوہے کی بیڑیاں پہنتے ہیں اور ہم
چاندی سونے کے کشکن "" ایک بنگالی رسالے میں انہوں نے ۱۹۲۸ اور ۱۹۳۰ کے درمیان کئی مضامین لکھے جس
میں بتایا گیا تھا کہ پردے کی وجہ سے عورتیں کیسے مضحکہ خیز اور قابل رقم حالات سے دوچار ہوتی ہیں ۔ رقیہ نے
ایک طریہ کہانی Sultana.s Dream لکھی جس میں مردوں کو مردانے میں قید کر دیا گیا ہے اور عورتیں
صومت کا نظام چلا رہی ہیں ۔ جرم اور ہمیں ناپید ہو چکی ہیں ۔ کھانا بنانا آسان ہو چکا ہے ۔ عورتیں باغبانی کرتی
ہیں ۔ اور سائنس انسانوں کی خدمت کے لئے استعمال کی جارہی ہے۔
ایک اور خاتون صفرا ہمایوں مرزا کے ناول "" مومنی "" ہیروئن خواب میں سچائی کی تلاش میں اپنی جائداد
اور ورطہ چھوڑ کر روحوں کی دنیا میں پہنچ جاتی ہے وہاں اس کی ملاقات فارسی شاعروں ، مسلمین جیسے امیر علی ،
اور سی آر داس سے ہوتی ہے ۔ وہ سب ایک کانفرنس میں عورتوں کی موجودہ حالت پر تبادلہ خیال کرتے ہیں ۔
ان میں حضرت فاطمہ بھی موجود ہیں ۔ سب اس پر متفق ہیں کہ مظلوم عورتوں کو خلع ملنی چاہئے ۔ بیواؤں کی
دوبارہ شادی ہونی چاہئے ۔ عورتوں کو اس بات کا حق ہونا چاہیئے کہ اپنے شوہر خود پسند کریں ۔ حضرت فاطمہ
مظلوم عورتوں کی حالت زار سے بہت دکھی ہیں ۔ سب روحیں پردے کی رسم سے بے زاری ظاہر کرتی ہیں ۔
صغرا ہمایوں مرزا نے پانچ ناول لکھے ۔ مومنی، زہرہ ، بی بی توری کا خواب ، آواز غیب اور سفینہ ، نجات ۔
وہ صرف ادیبہ نہیں تھی بلکہ حید را باد کی پہلی سوشیل ایکٹی وسٹ (Social Activist) تھیں ۔ ۱۹۱۳ میں
وہ انجمن خواتین اسلام کی جو طیبہ بیگم نے جاری کی تھی سکریڑی نہیں ۔ 1919 ء میں وہ تنظیم خواتین دکن کی صدر
نہیں ۔ انہوں نے حیدرآباد میں لڑکیوں کے لئے ایک اسکول مدرسہ ، صفدر یہ کھولا۔
قرة العین کی والدہ نذر سجاد حیدر نے اپنے ایک مضمون میں لکھا کہ آج کی دنیا میں مردوں کو ملازمت اور
کام کے لئے اتنا وقت دینا پڑتا ہے کہ گھر اور گھر کی ذمہ داریوں کی طرف توجہ نہیں دے پاتے ۔ اس سے گھر کی
عورتوں اور بچوں کو بڑی دشواریوں کا سامنا کرنا پڑتا ہے۔ بڑی بڑی باتوں کو جانے دیکھئے صرف اتنی سی بات کو
لجھتے کہ اگر بچوں کے جوتے مرمت طلب ہوں ، جاڑے سر پر ہوں اور گھر پر جاڑوں کے کپڑوں کا بندوبست نہ ہو ۔
مرد کام سے تھک تھکا کر گھر آئے تو اس کی اتنی ہمت نہیں ہوتی کہ بازار جائے ۔ ایسے چھوٹے چھوٹے کام کل پر
ملتے رہتے ہیں ۔ ذرا سوچئے کیا فرق پڑ جائے گا اگر عورت برقعہ اوڑھ کر بچوں کے ساتھ باہر جائے ۔ وہ ڈولی میں
بیٹھی رہے اور نوکر یا بچے جا کر سامان خرید لائیں ۔ لیکن عورت کو اتنی بھی اجازت نہیں ۔ آخر کیوں ؟وہ کہتے ہیں
کہ ایک حد تک آزادی ہم دے سکتے ہیں ۔ لیکن کیا کریں ہمیں زمانے کو بھی دیکھنا پڑتا ہے ۔ اگر عورتیں باہر
گئیں تو لوگ کہیں گے کہ شرفاء کی بیویاں اب بازاروں میں گھوم رہی ہیں ۔ مردوں میں شرم و حیا نہیں رہی ۔
یہ سب خالی خولی باتیں ہیں ۔ دراصل کوئی مرد دل سے نہیں چاہتا کہ عورت اس کی نظروں کے دائرے سے
باہر رہے ۔ عورت ہزار پردوں میں رہے بھی تو وہ ڈرتے ہیں کہ کسی مرد کی نظر پڑ جائے گی ۔ شاید پالکی کا پردہ
اڑے اور کسی کی نظر پڑ جائے یا کوئی عورت کی آواز سن لے بس غضب ہو جائے گا ""
نذر سجاد کے خیالات کو میں نے اپنے الفاظ میں پیش کرنے کی کوشش کی ہے ۔ مجھے اردو میں ان کا اصل
مضمون نہیں ملا ۔ ان خواتین کے خیالات سے آپ کو اندازہ ہو گیا ہو گا کہ عورتوں میں کیسی بے چینی تھی ۔
سرسید اور تھانوی کے خیالات مقبول تھے اور لوگ انہیں اسلامی تعلیمات سمجھ کر قبول کر چکے تھے ۔ حالانکہ جن
اقدار نے وہ رہا اور عور کی
اقدار کی انہوں نے تبلیغ کی وہ جاگیردارانہ معاشرے کی قدریں تھیں۔ معاشرہ بدل رہا تھا اور عور تیں آزادی کی
خواہش مند تھیں ۔
ان خواتین نے سماج پر کچھ نہ کچھ اثر ضرور مرتب کیا مگر وہ اپنے مقاصد میں کامیاب نہیں ہو ئیں ۔ یہ موقع
انہیں فراہم کیا ۔ ترقی پسند تحریک نے اس تحریک میں پریم چند، حسرت موہانی ، ٹیگور جیسے لوگ شامل تھے ۔ یہ
صرف خواتین کی انجمن نہ تھی۔ یہ تحریک وقت کی آواز تھی اور آگ کی طرح پھیلتی چلی گئی۔
محض اس لئے مردوں سے ملنے میں عار نہ تھا کہ وہ عورت تھی ۔ بقول ان کے "" زندگی تنگی تم سامنے آکر کھڑی
ہو گئی ۔ ان سے کھنٹوں باتیں کر کے بھی جی سیر نہ ہوتا ۔ جی چاہتا انہیں کھا جاؤں ۔ کیا کروں ۔ جو رشیدہ آپا سے
مل چکے ہیں ۔ انہیں اچھی طرح جانتے ہیں کہ اگر وہ میری کہانیوں کی ہیروئن سے ملیں تو دونوں جڑواں بہنیں نظر
آئیں ۔ کیونکہ انجانے طور پر میں نے رشیدہ آیا ہی کو اٹھا کر افسانوں کے طاقچے میں بٹھا دیا کہ میرے تصور کی
ہیروئن صرف وہی ہو سکتی تھیں ۔ مگر جب غور سے اپنی کہانیوں کے بارے میں سوچتی ہوں تو معلوم ہوتا ہے کہ
میں نے صرف ان کی بے باکی اور صاف گوئی کو گرفت میں لیا ۔ ان کی بھر پور سیمابی شخصیت میرے قابو میں نہ آئی
مجھے روتی بسورتی حرام کے بچے جنتی ماتم کرتی نسوانیت سے ہمیشہ سے نفرت تھی۔ خواہ مخواہ کی وفا اور جملہ خوبیاں
جو مشرقی عورت کا زیور کبھی جاتی ہیں مجھے لعنت معلوم ہوتی ہیں جذباتیت سے مجھے سخت کوفت ہوتی ہے ۔
عصمت کی کہانیوں نے واقعی تہلکہ ڈال دیا ۔ ایسے کھلے انداز میں اب تک کسی نے نہ لکھا تھا۔
۱۹۴۱ء میں ان کا پہلا مجموعہ "" کلیاں "" چھپا - مجموعے کے دیباچے میں صلاح الدین احمد نے لکھا:
ممکن ہے توبتہ النصوح اور شام زندگی کی ماری ہوئی نسل عصمت کی
تخلیقات کی اہمیت اور عظمت کا صحیح اندازہ نہ لگائے ۔ لیکن یہ یقین ہے کہ کل
کی مائیں اور خالائیں اسے ہمارے سینوں میں تڑپتا ہوا پائیں گے "" مولانا نے کہا "" یہ
افسانے ہماری ادھ کچری معاشرت اور ہمارے تعلیم یافتہ اور مہذب طبقے کے
نفسیاتی مسائل کے آئینہ دار ہیں ""
سال بھر بعد عصمت کے افسانوں کا دوسرا مجموعہ ""چوٹیں "" شائع ہوا تو کرشن چندر نے یوں سراہا "" پہلے پہل
جب میں نے عصمت چغتائی کے افسانے پڑھے تو مجھے یوں معلوم ہوا گویا میرے ذہن کی چار دیواری میں ایک نیا
دریچہ کھل گیا ہے ۔ یہ دریچہ جو میرے ذہن ، شعور اور ادراک کی دنیا میں ایک نئے منظر کا اضافہ کرتا ہے ۔ میں
نے اس منظر کی جزئیات کو ، تمام کرداوں کو ان تمام خوشیوں اور غموں کے ساتھ اس قدر مناسب اور مکمل نہ
پایا تھا ۔ جو چیز بھی قاشوں میں ، ٹکڑوں میں ، چھوٹی چھوٹی جھلیوں میں دیکھی تھی وہ آج ایک مکمل تصویر کی
صورت نظر آئی ۔ یہ تصویر خوبصورت بھی تھی بدصورت بھی۔ اس میں آنسو بھی تھے ، قہقہے بھی ۔ زندگی کی گہرائی
بھی اور اس کا چھچھورپن بھی ۔ نفرت اور مٹ جانے کے آثار بھی ، جو کسی عورت ہی کو نصیب ہو سکتی ہے ۔ پھر
میرے ، پیچیرے ، خطیرے بھائی بہن ، ان کی چاہتیں ، ان کی رسوائیاں ، لگاوٹیں ، حلاوتیں ۔ اس تصویر میں ایک
مسلم گھرانے ، ایک متوسط طبقے کے شہری مسلم گھرانے کی روح کھینچ آئی ہے ۔
جلیل بازید پوری کے ایک سوال کے جواب میں نئی نسل کو آپ سے شکایت ہے کہ آپ کی نسل کے ادیبوں
شاعروں نے انہیں کچھ نہیں دیا عصمت نے کہا کیا ہم ادبی آیا تیں ہیں جو نئی نسل کے ادیبوں کے منہ میں
افسانے ، شاعری اور تنقید کی چوسنیاں دیتے سائم نے بھی ایم اسلم اور مولانا عبد الماجد دریا بادی سے شکایت
نہیں کی ۔ ہم کو گھر میں ، خاندان میں ، باہر ہر جگہ روہی کیا جاتا رہا ۔ لعن طعن کی جاتی اور ایسی ایسی گالیاں دی
جاتی تھیں کہ بس اللہ دے اور بندہ لے ""
اس میں شک نہیں کہ عصمت پر بڑی لعن طعن ہوئی۔ اس میں کچھ ان کا مندی پن بھی تھا ۔ جیسا کہ خود
انہوں نے کہا انہیں شاک کرنے میں مزہ آنے لگا تھا۔ ادیبوں نے بھی بڑی سخت تنقید کی ۔ فیض احمد فیض نے
لکھا ۔ عصمت صاحبہ کے بیشتر کرداروں کی ذہنی جذباتی سطح کیڑوں ، بھجنگوں سے ذرا ہی اوپر ہے ۔ ان کی کھو کھلی ،
بے کار زندگی ، ان کے جھوٹے السر اور بے مقصد قہقہے ، ان کے برف سے دل اور پتھر سے دماغ، مجھے تو یہ سب
دیکھ کر ہول آتا ہے ۔ خدا کرے حقیقت اس سے کم ہولناک ہو ۔ ان کے کرداروں میں تنوع بہت کم ہے ۔۔
سچ بات تو یہ ہے کہ حقیقت اس سے کہیں زیادہ ہولناک تھی ۔ مولانا تھانوی اور راشد الخیری والے اس
معاشرے میں زمان خانوں میں کیا ہوتا تھا ؟ ایک سوال کے جواب میں عصمت نے کہا میری ابتدائی کہانیاں گھر
کی چار دیواری میں بیٹھ کر لکھی گئی ہیں ۔ عام طور سے کجھا جاتا ہے کہ مرد ہی گندی باتیں کرتے ہیں ۔ نہیں
صور میں بھی کرتی ہیں ۔ عورتوں کے پاس زیادہ وقت ہوتا ہے۔ دوپہر کو محلے بھر کی عورتیں جمع ہو کر بیٹھ جاتی
تھیں ۔ اور ہم لڑکیوں سے کہا جاتا تھا ۔ چلو بھاگو تم لوگ "" میں چھپ کر پلنگ کے نیچے گھس کے کہیں سے ان کی
باتیں سن لیا کرتی ۔ جنس کا موضوع ، گھٹے ہوئے ماحول اور پر دے میں رہنے والی ہے بیوں کے لئے بہت اہم ہے
وہ اس پر بہت بات چیت کیا کرتی ہیں ۔ میری افسانہ نگاری اس گھئے ہوئے ماحول کی عکاسی ہے ۔ فوٹو گرافی ہے ۔
ان تصویروں نے وہ کام کیا جو ہزاروں اصلاحی تحریروں نے نہیں کیا تھا۔ یہ تصویر میں لوگوں کے لئے ناقابل
برداشت تھیں ۔ خصوصاً مردوں کے لئے ایسا نہ تھا کہ انہیں پتہ نہ تھا کہ زمان خانوں میں کیا ہو رہا ہے ۔ لیکن
انہیں اپنے معاشرے سے یہی تعلیم ملی تھی کہ باہر نکلو تو اجلے کپڑے پہن کر اچھی اچھی باتیں کرو ۔ اندر پہلے ہی کہ
ہی غلاظت ہو ۔ یہ دو ہر اپن انہیں ورثے میں ملا تھا جسے وہ دوہرائے جارہے تھے ۔ بقول شاعر اس شعر کی تفسیر
خلاف شرع شیخ کبھی تھوکتا بھی نہیں اندھیرے اجالے میں مگر جو کتا بھی نہیں
ی کتنی
عصمت نے اس روایت کو توڑ دیا۔ ایک ایسے معاشرے میں جہاں جنس شجر ممنوعہ تھی ۔ لیبو ( Taboo)
تھی۔ عصمت نے ایک باغیانہ روایت کی بنیاد ڈال دی۔ ان کا ناول "" ٹیڑھی لکیر کوئی بہت کامیاب ناول نہیں
شروع کے سو صفحات البتہ اس لحاظ سے بہت اچھے ہیں کہ ان میں ایک بچی کو سن شعور کو پہنچتے دکھایا گیا ہے۔
عصمت کی اپنی تحریروں میں اس کی اہمیت یہ ہے کہ اس کے بعد انہیں اپنے بھوتوں سے چھٹکارا مل گیا ۔ یہ ایک
طرح سے خود تجزیاتی ناول ہے ۔ ناول معروضی انداز میں لکھا گیا ہے لیکن ہر لکھنے والے کی طرح اپنی زندگی کے
واقعات و حادثات سے انہوں نے خاصا استفادہ کیا ہو گا ۔ ناول کو لکھتے ہوئے خود کو چھوٹی سے بڑی ہوتے ہوئے
اچھے برے خیالات سے الجھتے سمجھتے دیکھا ہو گا ۔ کتاب چھپنے کے بعد بھی کئی بار پڑھا ہو گا ۔ چنانچہ اس کتاب کے بعد
ان کے موضوعات میں رفتہ رفتہ تبدیلی آنے لگی ۔ وہ بمبئی آئیں کمیونسٹ پارٹی سے قریب آنے پر پتہ چلا اور
بقول ان کے پتہ چلا کہ "" سیکسی اور کھٹن اتنا اہم موضوع نہیں ہے ۔ بہت سے اور موضوع ہیں "" اس دوران
انہوں نے چند بہت اچھی کہانیاں لکھیں جو ان کے فن کی معراج ہیں۔ بچھو پھوپھی، نھی کی نانی ، چوتھی کا جوڑا ،
چاہڑے ۔ یہ سب وہ کردار تھے جو انہوں نے اپنے گھر میں اطراف کے ماحول میں دیکھے تھے ۔ عصمت چغتائی نے
انہیں بڑی دردمندی کے ساتھ اپنے مخصوص طرز آمیز اسلوب میں ، زہر میں بجھے فقروں کے ساتھ اپنے افسانوں
میں پیش کیا ۔ یہ ہمارے ادب کے لافانی کردار ہیں ۔
عصمت چغتائی کے فن میں بڑی بے ساختگی ہے ۔ کرافٹنگ کا احساس کہیں نہیں ہوتا ۔ ایسا معلوم ہوتا ہے
کہ افسانہ کہیں سے بھی شروع کر دیا۔ کوئی اہتمام نظر نہیں آتا۔ کوئی جملہ ایسا نہیں لگتا کہ بہت سوچ سمجھ کر لکھا
ہو ۔ منٹو کی تحریر میں کاریگری اپنے عروج پر نظر آتی ہے۔ ایک ایک جملہ نگینے کی طرح تراشا اور بٹھایا جاتا ہے۔
چونکانے کی شعوری کوشش بھی ہوتی ہے۔ عصمت کا فن اس کے بر عکس ہے ۔ تیز رفتاری کا احساس دونوں کے
یہاں ہے ۔ جو اسلوب میں جان ڈال دیتا ہے۔ کرشن چندر کہتے ہیں کہ ان افسانوں کو پڑھتے ہوئے رفتار ، حرکت
سبک خرامی اور تیز گامی کا احساس ہوتا ہے ۔ "" نہ صرف افسانہ دوڑتا ہوا معلوم ہوتا ہے بلکہ فقرے ، کنائے اور
اشارے ، آوازیں اور کردار اور جذبات و احساسات ایک طوفان کی سی بلاخیزی کے ساتھ چلتے اور آگے بڑھتے
ہیں ۔ ""
عصمت اور منٹو کے علاوہ یہ خوبی کسی اور افسانہ نگار کو نصیب نہیں ہوئی۔ اس معاملے میں منٹو کو اپنے فن
پر زیادہ قالو ہے ۔ عصمت کی طرارے بھرتی زبان اچھی تو لگتی ہے لیکن نر اس قدر تیز رفتار ہوتی ہے کہ قاری
ساتھ نہیں دے پاتا ۔ اس کے بر عکس منٹو کے افسانوں میں اتنی ہی تیز گامی ہوتی ہے جتنی قاری کی دلچسپی قائم رکھنے
کے لئے ضروری ہو ۔ ان میں تیزی کے ساتھ ایک ٹھہراؤ بھی ہوتا ہے ۔ جو قاری کو غور و فکر کی مہلت فراہم کرتا ہے
بچھو پھوپھی، نخی کی نانی ، چوتھی کا جوڑا کے بعد ان کے افسانوں میں وہ بات نہیں آئی ۔ یہ زمانہ وہ ہے جب
ان کی فلمی مصروفیتیں بڑھ گئیں ۔ اپنے شوہر شاہد لطیف کے ساتھ انہوں نے کئی اچھی فلمیں لکھیں اور بنائیں ۔
عصمت کی کہانیوں نے چونکایا ۔ جنس کے کھلے اظہار پر لوگ بد کے لیکن قابل ذکر بات یہ ہے کہ جنس کا ذکر
کہیں بھی لذت لینے والے انداز میں نہیں ہے ۔ بلکہ ایک طرح کی جھنجلا ہٹ ملتی ہے کہ یہ اچھی آفت عورتوں
کے گلے پڑی ہے ۔ وارث علوی نے صحیح لکھا ہے کہ عصمت کے یہاں جنس کا عنصر ہے اور بہت شدید ہے لیکن
اس کا مقصد جنسی افسانہ نگاری یا جنسی گتھیاں سلجھانا یا سماج کے خلاف بغاوت کے لئے جنس کا بطور ایک
ہتھیار استعمال کرنا یا لذت اندوزی یا فحاشی کے ذریعہ اپنی بے باکی ، جرات اور آزاد خیالی کا مظاہرہ کرنا نہیں ۔
چنانچہ عصمت کے افسانے اس معنی میں جنسی افسانے نہیں ہیں جس معنی میں لارنس - فلپ راتھ ، ایریکا
جونگ یا نیپا کوف کے ناول جنسی ہیں "" ۔ عصمت کے افسانوں میں جنس کے علاوہ دوسرے نفسیاتی ، سماجی ،
معاشی اور اخلاقی پہلو بھی ہوئے ہیں۔
ہمارے معاشرے میں جنس کا ذکر میبو ( Taboo) ہے۔ اسے عصمت اور منٹو نے جس بے دردی سے توڑا
وہ ایک انقلابی قدم تھا ۔ لیکن میرے خیال میں اس سے کہیں اہم کام عصمت نے یہ کیا ہے جسے وارث علوی
مشرقی کی متحد کی شکست ریخت ، عورت کے متعلق تمام رومانی اور رفیع الٹاں تصورات کا انہدام کہتے ہیں ۔
بیسویں صدی کی باشعور ، تعلیم یافتہ عورت کی پوری جنگ ہی اس لئے ہے کہ اسے بطور انسان ، ایک مکمل
شخصیت کے سماج میں قبول کیا جائے ۔ عورت ہمیشہ مرد کے سائے میں جیتی رہی ہے ۔ بیٹی باپ کے سائے میں ،
عورت شوہر کے سائے میں ، ماں بچوں کے سائے میں ۔ وہ چاہتی ہے کہ اسے الگ سے بطور ایک آزادانہ وجود
کے تسلیم کیا جائے ۔ فہمیدہ ریاض، کشور ناہید، ساجدہ زیدی ، زاہدہ زیدی ، عذرا عباس اور ایسی کتنی ہی
شاعرات کی شاعری قرۃ العین حیدر - خالدہ حسین ، واجدہ تبسم ، خدیجہ مستور ، جیلانی بانو وغیرہ کے افسانوں میں
یہ کش مکش ہم محسوس کر سکتے ہیں لیکن سب سے پہلے جس خاتون نے اس راہ کی نشان دہی کی اور اس پر چلنے کی
جرات کی وہ عصمت چغتائی تھیں ۔
مذکورہ بالا انسانوں کے بعد عصمت چغتائی کے افسانوں میں ایک ٹھہراؤ آ گیا ۔ ضرورت اس بات کی تھی کہ
وہ اپنے افسانوں کو ایک فکری سمت عطا کرتیں لیکن یہ ان کا مزاج نہیں تھا یا اس طرح انہوں نے توجہ نہیں
دی - تجزیاتی ذہن ان کے یہاں شروع سے نہ تھا۔ ایسا کوئی وژن دے پاتیں تو ان کے افسانے ایک نئی بلندی کو
چھو لیتے ۔ علاوہ ازیں ان کی بغاوت آگے چل کر مرد پر عورت کی برتری کے رد عمل میں بدل گئی ۔ اس کا نتیجہ یہ
ہوا کہ مرد و عورت کی رفاقت کس قدر خوبصورت ہو سکتی ہے یہ وہ نہ جان پائیں ۔ اور اس جذبے سے ان کی
کہانیاں محروم رہ گئیں ۔ اس طرح جنس ان کے لئے کبھی ایک حیاتیاتی جذبے اور شورش سے زیادہ نہیں رہی
اور ایک مادر جذبہ نہ بن پائی ۔ ہمارے سماج میں اتنی بندشیں ہیں کہ ایک عورت فن کار کے لئے دو ہری
پریشانی ہوتی ہے ۔ ایک تو فن کار ویسے ہی معاشرے سے مفاہمت نہ کر پانے کے باوصف اجنبی کی زندگی گزارتا
ہے ۔ عورت ہونے کی صورت میں یہ عذات دو ہرا ہو جاتا ہے۔ اسے نہ صحیح ڈھنگ سے سمجھا جاتا ہے اور نہ ہی
اس کی کوشش کی جاتی ہے۔
رقیہ سخاوت حسین ، صغرنی ہمایوں مرزا ، رشید جہاں سے قرة العین حیدر خالدہ حسین ، زاہدہ حنا ، جیلانی
بانو اور دوسری ادیباؤں کی تحریروں کے پس منظر میں جو آج بیسویں صدی کی آخری دہائی میں عورت کی شناخت
اور زندگی کے دوسرے پیچیدہ مسائل سے جھوجھ رہی ہیں غور کریں تو عصمت کی کمزور سے کمزور تحریر کی بھی
ایک اہمیت ہے ۔ لکھنا ایک ناقابل برداشت سماج میں اپنی صورت حال ، اپنی تحمید سے رہائی سے عبارت ہے ۔
خواتین کیلئے لکھنا کبھی ایک ناگزیر ضرورت بن جاتا ہے ۔ عصمت چغتائی کی تحریر میں اس اعتبار سے انقلابی تھیں
وہ پہلی ادیبہ تھیں جنہوں نے خواتین کیلئے اظہار رائے ، جذبات و احساسات کے کتھارسسی ، اور سماج میں ان
کے وجود کے اثبات کے نئے دریچے وا کئے۔ اردو فکشن میں ان کا مقام منفرد ہے ۔ بیدی، منٹو ، کرشن چندر اور
قرة العین حیدر کے ساتھ ان کا نام ہمیشہ لیا جائے گا کہ ان کے ذکر کے بغیر اردو افسانے کی تاریخ مرتب نہیں
ہو سکتی 00",4155
P4_1993_064,Naya Safar,1993,Magazine,"دسمبر کو ہونے والا بابری مسجد کے انہدام کا واقعہ ہم نرم سے نرم الفاظ
استعمال کریں تو بھی بڑی سنگین نوعیت کا ہے۔ یہ ایک ایسا واقعہ ہے جو ہمارے ملک
کی سیکولر سیاست کے دامن پر بد نما داغ ہے اور اس کے لیے بی جے پی وی ، اپنے پی۔
بجرنگ دل وغیرہ تو ذمے دار ہے ہی، ملک کی حکمراں پارٹی کا نگر میں بھی ذمے دار ہے ۔ یہ
محض یا بری مسجد کا انہدام نہیں ہمارے تمام آدرشوں اور خوابوں کا انہدام ہے۔ مہاتما گاندھی،
نہرو ، مولانا حسین احمد مدنی اور ابوالکلام آزاد کے اصولوں کا انہدام ہے۔
اگر بابری مسجد کا انہدام سیکولر سیاست کے نام پر بد نما داغ ہے تو اس کے فوراً بعد
ہونے والے فسادات اور مسلمانوں کا قتل عام ، اس کے منہ پر زور دار تھپڑ نہ صرف یہ کہ
نرسمہا راؤ حکومت بابری مسجد کی حفاظت کرنے میں ناکام رہی بلکہ یہ ہندستان کے شہریوں کی
بھی حفاظت نہ کر سکی ۔ اتنا ہی نہیں زیادہ تر یہ قتل عام بھی پولیس کے ہاتھوں عمل میں آیا ۔ ایسا
لگتا تھا کہ فرقہ پرست ہندوؤں کا کام پولیس خود کر رہی ہے ۔ اور وہ بھی بڑی صلاحیت کے ساتھ ۔
بمبئی میں ہی پولیس کے ہاتھوں کم از کم ۱۵۰ سے زیادہ لوگ مارے گئے ، ہزاروں مارے گئے اور
کروڑوں کی مالیت کا سامان نذر آتش ہوا یا لوٹ لیا گیا۔ (یہ مضمون آخر دسمبر میں لکھا گیا ۔ ادارہ )
سورت جو جنوبی گجرات کا صنعتی شہر ہے، پہلے کبھی فسادات سے آشنا نہ تھا لیکن اس
مرتبہ اس شہر میں بھی یہ بریت کی انتہا ہوگئی ۔ ہم افراد کوزندہ نذر آتش کر دیا گیا ، ۲۲ افراد کو
ٹرین سے اتار کر قتل کر دیا گیا اور کئی عورتوں سے زنا کر کے اس کی فلم بنانے کی کوشش کی گئی۔
لاکھوں لوگ بے گھر ہو کہ ہجرت پر مجبور ہوئے وہ الگ، اس کے علاوہ مہاراشٹر ، گجرات ،
یوپی ، بہار ، مغربی بنگال ، راجستھان، مدھیہ پردیش، کرناٹک، آندھرا پردیش ، آسام ،
اڑیسہ وغیرہ میں بھی جگہ جگہ فسادات ہوئے اور کل مرنے والوں کی تعداد ۱۲۰۰ سے زائد ہوگئی۔
اور یہ تو سرکاری اعداد و شمار ہیں ۔
اور ہمیں یہ سبھی ذہن نشین کرنا ہے کہ نہ تو یہ پہلا ملک گیر فساد ہے نہ آخری یہ تو ہمارے
ملک کا دستور ہی بن گیا ہے ۔ پہلے تو ہم اسے باقاعدہ فرقہ وارانہ فسادات کہہ سکتے تھے ۔ اب
اس
کی نوعیت بتدریج بدلتی جارہی ہے ۔ ان فسادات میں اب ہندوؤں کا کم اور پولیس
کا ہاتھ زیادہ ہوتا ہے ۔ بلکہ عام طور پر اب اموات قانون کے رکھوالوں کے ہاتھ ہی ہوتی
ہیں۔ میرٹھ کے ۱۹۸۷ء کے فسادات کے بعد یہ رحجان ۔ جو پہلے سے موجو د تھا۔ زیادہ زور
پکڑ چکا ہے۔ میرٹھ کے فسادات میں یہ رجحان اتنا شدید ہوا کہ ایمنیسٹی انٹر
نیشنل ۔ جو کہ انہی
واقعات
کی تحقیقی رپورٹ شائع کرتی ہے جس میں حکومت اور اس کی ایجنسیاں شامل ہیں ۔ نے
بھی میرٹھ کے واقعات پر رپورٹ شائع کی۔
اب سوال یہ پیدا ہوتا ہے کہ ان حالات کا کیسے مقابلہ کیا جائے اور ہندستانی مسلمانوں
ان کے لیڈروں اور دانشوروں کا کیا رویہ ہو ؟ کیا حالات اتنے خراب ہو چکے ہیں کہ اب
مایوسی کے سوا کچھ نہیں ؟ یا یہ کہ مسلم نوجوان مسلح ہو کر میدان میں آجائیں اور ملک کے ہر کونے
کو پنجاب اور کشمیر بنا دیں ؟ ہمارے خیال میں یہ انتہا پسندانہ اور شدید رد عمل ہے۔ جس کے
اثرات نہ صرف ملک کے لیے بلکہ خود مسلمانوں کے لیے بے بعد سنگین ثابت ہوں گے۔ محض
مایوسی انھیں بے عملی کی طرف اور سپردگی کی طرف لے جائے گی اور ہتھیار اٹھانے والی بات
ان کے لیے خود کشی کے مترادف ہوگی ۔ جو نوجوان ہتھیار اٹھانے کی بات کرتے ہیں وہ خود نہیں
جانتے کہ وہ کیا کہہ رہے ہیں اور یہ بات قابل عمل ہے بھی یا نہیں۔
ہم اس بات پر کچھ اور روشنی ڈالنا چاہیں گے ۔ ہماری جنگ آزادی کے دوران بھی یہ
رجحان پایا جاتا تھا۔ کچھ نوجوانوں جنیں ہم آزادی کی تاریخ میں دہشت پسند یا انتہا پسند
کے نام سے یاد کرتے ہیں۔ کا یہ خیال تھا کہ انگریزوں سے مسلح جنگ کرکے ہی ہم آزادی
حاصل کر سکتے ہیں۔ دوسری طرف مہاتما گاندھی اور ان کے ساتھیوں نے عدم تشدد کا فلسفہ
اپنایا اور کہا کہ عوام میں بیداری پیدا کر کے اور عوامی تحریک چلا کر ہی ہم انگریزوں کو آزادی
دینے پر مجبور کر سکتے ہیں اور مہاتما گاندھی نے عوام میں زبردست بیداری کی ہر پیدا کی اور
لاکھوں کی تعداد میں لوگ جنگ آزادی میں شریک ہوئے۔ عوامی بیداری کا آخر انگریزوں پر
اتنا دباؤ پڑا کہ ۱۹۴۷ء میں انگریز ملک کو آزاد کرنے پر مجبور ہو گئے ۔ مسلم نوجوانوں کا رول
آزادی ہند کی تحریک میں ہرگز مرکزی حیثیت نہیں رکھتا۔ مرکزی حیثیت عوامی تحریک کی ہی ہے
اس سوال کے علاوہ کہ تشدد ان معاملات میں کتنا کارگر ہوتا ہے، دوسرے اخلاقی
نوعیت کے کبھی سوال ہیں جو تشدد کے استعمال سے پیدا ہوتے ہیں۔ بندوق اٹھاتے وقت
اس کی سمت دشمن کی طرف ہوتی ہے لیکن بہت جلد اس کی سمت اپنوں کی طرف ہو جاتی ہے
پنجاب اور کشمیر کی شالیں ہمارے سامنے موجود ہیں۔ مسلح گروہ اختلاف رائے کو بالکل برداشت
نہیں کر پاتے اور بہت جلد ان افراد کو گولیوں کا نشانہ بنانا شروع کر دیتے ہیں جو ان سے ذرا سا
بھی اختلاف رکھتے ہوں۔ نفسیاتی طور پر بندوق اٹھانے والے کے ذہن پر ہمیشہ شک اور
خوف کی کیفیت طاری رہتی ہے اور اسے ہر مخالف ثمن یا دشمن کا ایجنٹ نظر آنے لگتا ہے.
مخالفت اور دشمنی میں فرق کرنے سے قاصر ہو جاتا ہے کشمیر اور پنجاب میں معمولی معمولی اختلافات
پر اپنوں ہی پر گولی چلا دینے کے واقعات آئے دن ہوتے رہتے ہیں ۔ یہی وجہ ہے کہ ان مسلح
انتہا پسندوں نے اپنوں ہی کو زیادہ نشانا بنایا ہے۔ چنانچہ پنجاب میں ہندؤوں کے مقابلے
میں سکھ اور کشمیر میں فوجیوں اور ہندوؤں کے مقابلے میں مسلمان ہی زیادہ مارے گئے ہیں ۔
اعداد و شمار اس کے شاہد ہیں ۔
پھر پنجاب اور کشمیر میں سکھ اور مسلمانوں کا جماؤ ہے، اکثریت ہے . ان علاقوں کی سرحدیں
پاکستان سے ملی ہوئی ہیں اور پاکستان انتہا پسندوں کو تربیت بھی دے رہا ہے اور اسلحہ بھی۔
یہ سب کچھ ملک کے دوسرے حصوں میں ناممکن ہے۔ دیگر کشمیریوں اور پنجابی سکھوں کی اپنی
نسلی، لسانی اور علاقائی شناخت بھی ہے جو ملک کے دیگر حصوں میں مسلمانوں کی نہیں ہے۔
پنجاب اور کشمیر میں یہ علاقائی شناخت مذہب سے زیادہ اہمیت رکھتی ہے۔ حالانکہ اس
سے انکار نہیں کہ اس میں مذہب کا بھی اپنا رول ہے ۔ ایسے حالات میں ملک کے دوسرے
حصوں میں اسلحہ اٹھانا اپنی موت کو دعوت دیتا ہے۔ ہم جانتے ہیں کہ پولیس بڑی حد تک ہندو
فرقہ واریت سے متاثر ہو چکی ہے۔ اگر مسلمان پھر پھینکتا ہے تو اس کا جواب گولیوں سے دیتی ہے۔
اور اس کا خمیازہ اکثر بے گناہ مسلمانوں کو بھگتنا پڑتا ہے۔ بعض وقت تو پر امن مسلمانوں پر وہ ظلم
ہوتا ہے کہ تو بہ ہی بھلی۔ پھر یہ سوچنے کی بات ہے کہ اگر مسلم نوجوان ہتھیار اٹھا لیں گے تو اس کا
نتیجہ کیا ہوگا۔ یہ معاملے کا ہر گز حل نہیں ہو سکتا ۔
ملک میں پڑھا لکھا ہندو فرقہ واریت کے اثر میں بڑھتی ہوئی تعداد میں آتا جا رہا ہے۔
یوں بھی کچھ بی جے پی کے پروپیگنڈہ کی وجہ سے اور کچھ خود اپنے ہی تعصبات کی وجہ سے
مسلمانوں کو مذہبی طور پر جنونی ، غیر روادار اور تشدد پسند سمجھتا ہے اور تمام تر فساد است کا
ذمے دار اُسے ہی قرار دیتا ہے۔ آج اس تاثر کو ختم کرنے اور اس کے خلاف جدو جہد کرنے کی
ضرورت ہے لیکن اگر خدا نہ کرے کچھ نوجوانوں نے ہتھیار اٹھا لیے تو مسلمانوں کے خلاف اس قسم کے
خیالات اور تاثرات میں انتہا درجے کی شدت پیدا ہوگی اور ہند و فرقہ پرستوں کے تشدد کو
ہر اعتبار سے جو از حاصل ہو جائے گا ۔ ہماری کوشش یہ ہونا چا ہیے کہ انھیں کسی طرح ایسا جواز
حاصل نہ ہو ۔
یہ بھی قطعاً غلط خیال ہے کہ اسلام مسلمانوں کو ہر معاملے میں ہتھیار اٹھانے کی اجازت
دیتا ہے۔ اسلام کی پہلی تعلیم رحم دردمندی، ہمدردی، عدل‘ احسان ، مسادات اور اخوت کی
ہے۔ ان تعلیمات پر بنیادی زور ہے۔ ہم مسلمان اپنا ہر کام اس اللہ کے نام سے شروع کرتے
میں جو رحیم اور رحمان ہے ۔ وہ عادل اور محسن ہے اور ہمیں حسن کلام ( موعظته الحسنہ ) اور حکمت
سے کام لینے کی ہدایت بار بار کرتا ہے۔ اسلحہ اٹھانے کا ہر مرحلہ آخری مرحلہ ہے اور اسلحہ اسلحہ
کے جواب میں ہی اٹھایا جاسکتا ہے۔ یہ کہتا کہ آج چونکہ کچھ پولیس والے مسلمانوں پر گولی چلا ہے
ہیں تو اب بندوق اٹھانے کا وقت آگیا ہے، حقائق پر دھول ڈالنا ہے ۔
اس بات کا ہم نے مضمون کے شروع میں ہی اقرار کیا ہے کہ کچھ پولیس والے مسلمانوں
کو گولیوں کا نشانہ بناتے ہیں لیکن اس کا مطلب ہر گز یہ نہیں ہوتا کہ ہر پولیس والا مسلمانوں
کا کھلا دشمن ہے ۔ یہ رحجان بے شک بڑھ رہا ہے لیکن اگر کچھ مسلم نوجوانوں نے بندوق اٹھالی
تو یہ رحجان بڑھے گا ، کم نہیں ہوگا۔ ہماری کوشش اس رحجان کو کم کرنے کی ہونی چاہیئے۔
ایسے سنگین حالات میں بھی بمبئی میں کئی مثالیں اور شہادتیں ایسی ملی میں کہ پولیس نے مسلمانوں
کی مدد کی اور فسادات کی آگ کو مستعدی سے سمجھایا خصوصا پولیس کے اعلیٰ افسروں میں
فرقہ واریت کا اثر نچلے افسروں اور کانسٹیلوں سے بہت کم ہے ۔ ہمیں پولیس کے اعلیٰ افسری
کی زیادہ سے زیادہ مدد لینے کی ضرورت ہے۔ انھیں بھی فرقہ پرستی کی گود میں دھکیلنا نہیں ہے۔
ایک سوال یہ بھی ہے کہ ہندستان مسلمانوں کے لیے دار الا من رہا ہے یا نہیں اور یہ
کہ ہونے اور نہ ہونے کی کسوٹی کیا ہو ؟ کیا ہم آج ہندستان کو دار الا من کہہ سکتے ہیں یا نہیں؟
اس کی اصل کسوئی یہ ہوگی کہ ہمارا سیاسی، سماجی اور مذہبی نظریہ کیا ہے۔ آج بھی دستور ہند کے
مطابق ہندستان ایک سیکیولر ملک ہے اور یہاں تمام مذاہب کو برابر کا تحفظ اور آزادی حاصل
ہے ۔ اس دستوری حیثیت میں کوئی فرق نہیں آیا نہ دستور ہند میں تبدیلی کی کوئی کہر پیدا ہوئی
ہے ۔ دراصل بی جے پی کے علاوہ تمام سیاسی جماعتیں دستور کی بنیادی حیثیت کو تسلیم کرتی ہیں
اور سیکیو رام کو بنیادی فلسفہ قرار دیتی ہیں ۔ آج بی جے پی ہی ایک واحد جماعت ہے جو سیکولرزم
کی مخالفت پر آمادہ ہے۔
ی صحیح ہے کہ آج سیکیولرزم کے آدرش پر عمل میں کمی آئی ہے اور ایک طبقہ اسے
محض اقلیتوں کی خوشنودی کا فلسفہ قرار دے رہا ہے لیکن محض اور جانوں میں ایک رحجان
ہے۔ اس رحجان کے خلاف لڑنے اور جدو جہد کرنے کی ضرورت ہے ۔ آج ہمیں کوئی ایسا رویہ
اختیار نہیں کرنا چاہیے جس سے یہ رجحان اور مضبوط ہو جائے ۔ نہ ہی ہمیں اس سے یہ نتیجہ اخذ
کرنا چاہیے کہ اب ہندوستان مسلمانوں کے لیے دارالامن نہیں رہا ۔ اور ہتھیار اسی صورت میں
اٹھائے جاسکتے ہیں جب ہندستان دارالحرب میں تبدیل ہو جائے اور یہ دارالحرب میں اسی
وقت بدل سکتا ہے جب یہاں کے حکمراں سیکیولرزم کے نظریے کو ترک کر دیں اور مسلمانوں
کی آزادی سیاسی اعلامئے کے ذریعے سلب کر کے انھیں دشمن قرار دے دیں ۔ ایسا تو اب
تک کوئی رجحان بھی پیدا نہیں ہوا ہے۔ پولیس کا ایک طبقہ متعصبانہ رویہ اختیار کرتا ہے اس کا
ہرگز یہ مطلب نہیں کہ ہندستان مسلمانوں کے لیے دارالا من نہیں رہا۔ مسلح فوجیں اور سی ۔ آر۔
پی ۔ ایف وغیرہ آج بھی مسلمانوں کے جان و مال کی حفاظت کرتی ہیں اور مسلمان فسادات کے
دوران فوجی دستوں کا استقبال کرتے ہیں ۔ اسی طرح وہ سی آر پی ایف کے رویے سے بھی بہت
خوش نظر آتے ہیں ۔
دوسری طرف ہمیں مایوس ہونے کی سبھی ہرگز ضرورت نہیں ہے ۔ مایوسی انسان کو بے عمل
بناتی ہے اور حالات
کا مقابلہ کرنے کا حوصلہ ختم کر دیتی ہے ۔ ہر تحریک کا بانی مایوسی کی مذمت
کرتا ہے۔ قرآن مجید نے بھی مایوسی کو مذموم قرار دیا ہے ۔ قوموں کو اکثر بحرانی دور سے گذرنا
پڑتا ہے اور ہر سجرانی مرحلہ قوموں کے امتحان کا مرحلہ ہوتا ہے۔ مسلمان اپنی چودہ سو سالہ تاریخ
میں کئی سخت مراحل سے گزرے ہیں اور اکثر کامیابی سے گزرے ہیں استقلال سے مشکلات پر
قابو پایا ہے اس لیے آج کے تاریک حالات میں بھی ہمیں امید کے قمقمے روشن رکھتا ہوں
گے اور اپنے روشن مستقبل کے لیے جدو جہد جاری رکھنا ہوگی۔ جسمانی جد و جہد اور ذہنی اجتہادات
ہی زندگی کی ضمانت ہیں. ہندستان میں مسلمانوں کی تعداد تقریبا ۔ اکروڑ ہے۔ یہ تعداد کئی
ملکوں
کی آبادی سے بھی زیادہ ہے. کوئی ملک اتنی بڑی آبادی کو ظلم وستم کا نشانہ بناکر ہرگز ہرگز
آگے نہیں بڑھ سکتا ۔
اس ملک میں سیکیولر طاقتیں کچھ حد تک کمزور ضرور ہوئی ہیں لیکن نابود ہرگز نہیں
ہوئیں اور جمہوری ملک کی بقا کی ضمانت ہی سیکیولرزم کا آدرش ہے اور ہندستان جیسے کثیر
مذہبی اور کثیر تہذیبی ملک میں سیکیولرزم ہی جمہوریت کی بقا کی ضمانت ہے اور اقلیتوں کے
روشن مستقبل کی سبھی۔ بی جے پی ملک کو فاشزم کی جانب لے جانا چاہتی ہے ۔ جواہر لال نہرو نے
برسوں پہلے یہ کہا تھا کہ ہندستان میں فاشزم فرقہ واریت کی صورت میں ہی آئے گا اور انھوں
نے اپنے آخری دنوں میں یہ بھی کہا تھا کہ ملک کے اتحاد کا سب سے بڑا دشمن فرقہ واریت
ہے خارجی حملہ نہیں۔ پنڈت جی کی یہ باتیں آج حرف بہ حرف صحیح ثابت ہو رہی ہیں ۔
اس لیے آج اس بات کی ضرورت ہے کہ ہم سیکیولر طاقتوں کو مضبوط بنانے کی ہرممکن
کوشش کریں۔ اس کے لیے محض جذبات سے نہیں بڑے صبر و تحمل سے کام لینا ہو گا۔ حق اور صبر
کا چولی دامن کا ساتھ ہے۔ صبر مایوسی اور بے عملی والا صبر نہیں بلکہ سچائی اور جدو جہد والا صبر
آج ضرورت اس بات کی ہے کہ ہم بہت دانش مندی سے اپنی بقا اور خوشحالی کے لیے صحیح حکمت
عملی تیار کریں۔ ہم اس ملک میں صدیوں سے رہتے چلے آتے ہیں اور اس ملک کے عوام رواداری
اور امن پرستی کے حامل رہے ہیں۔ آج بھی وہ امن چاہتے ہیں ۔ فسادات نہیں ۔ فسادات
مفاد پر ست کراتے ہیں اور وہی اس کا فائدہ بھی اٹھاتے ہیں۔ صوفیاء کرام کا ہندستانی عوام
نے ہمیشہ احترام کیا ہے اور آج بھی کرتے ہیں ۔ بابا فرید - خواجہ معین الدین چشتی ، حضرت
نظام الدین اولیاء اور کبیر آج بھی نہایت احترام کی نظروں سے دیکھے جاتے ہیں اور عوام بلا
تفریق مذہب و ملت آج بھی ان کی درگاہوں پر اپنا شیش جھکاتے ہیں۔ اسی طرح سنت
تکارام دیکھو با اور دیگر سنت جو ہندو ذات پات کے نظام سے اوپر اٹھ کر انسانی مساوات کے
گیت گاتے تھے عوام کے دلوں پر راج کرتے ہیں ۔ ہمیں ان روایتوں کو مضبوط بنانا ہے اور مشترکہ
تہذیب کو زندہ رکھتا ہے تاکہ عوام کا استحاد مضبوط ہو اور فرقہ وارانہ نفرت کا توڑ ہو ۔
آج جدید دور میں مذہب کا استحصال جتنا اہلِ سیاست کر رہے ہیں شاید خود مذہبی پیشواؤں
نے نہیں کیا ہوگا ۔ فرقہ واریت بھی مذہب کے اسی سیاسی استحصال کا نتیجہ ہے بی جے پی نے
ہندو مذہب کا استحصال کرنے میں تمام حدوں کو پار کر دیا ہے ۔ بی ۔ جے پی آج جدید ہندستان
میں مذہب کا اتنا جارحانہ استحصال اس لیے کر رہی ہے کہ اسے ایک طرف ذات پات کی تفریق
بھی قائم رکھنا ہے تاکہ اوپری ذاتوں کے ہاتھ میں اقتدار رہے اور دوسری طرف ذات پات کے
ماورا، جاکر تمام ہندؤوں میں اتحاد کا ڈھونگ بھی رچایا جا سکے اور ان کے ووٹ حاصل کیے جاسکیں۔
یہ کام نہایت مشکل ہے اور مذہبی جارحیت کے ذریعے یہ مقصد حاصل کرنے کی کوشش کی جارہی
ہے ۔ رام جنم بھومی کا مسئلہ مذہبی کم اور سیاسی زیادہ ہے۔
بعض لوگوں کو تعجب ہوتا ہے کہ جدید دور میں مذہبی بنیاد پرستی اپنی جارحانہ صورت کیوں
اختیار کر رہی ہے۔ ماہرین سماجیات کے لیے اس کا سمجھنا اتنا مشکل نہیں ہے۔ صارفیت اور
جدیدیت ایک جانب اور مغرب زدگی دوسری جانب انفرادی مذہبی اور تہذی روایتوں اور
تشخصوں کو ختم کر کے بڑے شہروں میں پوری شدت سے بیگانگی کا جذبہ پیدا کر رہی ہیں جس سے
آخر کار مذہبی اور تہذی بنیاد پرستی زور پکڑتی ہے جس کا استحصال اہل سیاست اپنے مفادات
کے لیے کرتے ہیں۔ بیگانگی کا احساس ) (FEELING OF ALIENATION) جتنا شدید ہوتا
ہے، مذہبی بنیاد پرستی بھی اتنی ہی شدت اختیار کرتی چلی جاتی ہے اور جسے اہل سیاست اپنے
مفادات کے لیے استعمال کرتے ہیں ۔ جدید ہندستان میں بی جے پی کی کامیابی کی بھی ایک وجہ
یہی ہے اور خصوصاً پڑھے لکھے متوسط شہری طبقوں میں۔
مسلم لیڈر بھی مسلم عوام کے مذہبی جذبات اور ساتھ ساتھ اقلیت میں ہونے کے احساس
کا پوری شدت کے ساتھ استحصال کر رہے ہیں مسلم دانشوروں کو خصوصا اس طرف توجہ دینا
بہت ضروری ہے ۔ آج کے موقع پرست مسلم لیڈروں کو نہ مذہبی اقدار کا پاس ہے نہ مسلم
عوام کے جان ومال کے تحفظ کا خیال ہے ۔ ورنہ وہ بابری مسجد کے مسئلے کو بہت محتاط اور حکیمانہ
طریقے سے استعمال کرتے۔ اس میں کوئی شک نہیں ہے کہ مسلم لیڈر شپ نے نہ تو کوئی سوچی بھی
حکمت عملی بنائی نہ کہیں سیاسی توازن کا ہی خیال رکھا بلکہ ان لیڈروں کے مختلف دھڑے
ایک دوسرے کے مقابلے میں مسلمانوں کے مذہبی جذبات کا بے رحمانہ استحصال کرتے رہتے
اور اب بھی یہی رویہ اختیار کیے ہوئے ہیں۔ اس سے ہندو فرقہ پرستی کو جارحانہ رویہ اختیار
کرنے کے لیے جواز مہیا ہو رہا ہے ۔ آج مسلمانوں کو مولانا حسین احمد مدنی ، مولانا ابوالکلام آزا
نے نہیں کیا ہوگا ۔ فرقہ واریت بھی مذہب کے اسی سیاسی استحصال کا نتیجہ ہے بی جے پی نے
ہندو مذہب کا استحصال کرنے میں تمام حدوں کو پار کر دیا ہے ۔ بی ۔ جے پی آج جدید ہندستان
میں مذہب کا اتنا جارحانہ استحصال اس لیے کر رہی ہے کہ اسے ایک طرف ذات پات کی تفریق
بھی قائم رکھنا ہے تاکہ اوپری ذاتوں کے ہاتھ میں اقتدار رہے اور دوسری طرف ذات پات کے
ماورا، جاکر تمام ہندؤوں میں اتحاد کا ڈھونگ بھی رچایا جا سکے اور ان کے ووٹ حاصل کیے جاسکیں۔
یہ کام نہایت مشکل ہے اور مذہبی جارحیت کے ذریعے یہ مقصد حاصل کرنے کی کوشش کی جارہی
ہے ۔ رام جنم بھومی کا مسئلہ مذہبی کم اور سیاسی زیادہ ہے۔
بعض لوگوں کو تعجب ہوتا ہے کہ جدید دور میں مذہبی بنیاد پرستی اپنی جارحانہ صورت کیوں
اختیار کر رہی ہے۔ ماہرین سماجیات کے لیے اس کا سمجھنا اتنا مشکل نہیں ہے۔ صارفیت اور
جدیدیت ایک جانب اور مغرب زدگی دوسری جانب انفرادی مذہبی اور تہذی روایتوں اور
تشخصوں کو ختم کر کے بڑے شہروں میں پوری شدت سے بیگانگی کا جذبہ پیدا کر رہی ہیں جس سے
آخر کار مذہبی اور تہذی بنیاد پرستی زور پکڑتی ہے جس کا استحصال اہل سیاست اپنے مفادات
کے لیے کرتے ہیں۔ بیگانگی کا احساس ) (FEELING OF ALIENATION) جتنا شدید ہوتا
ہے، مذہبی بنیاد پرستی بھی اتنی ہی شدت اختیار کرتی چلی جاتی ہے اور جسے اہل سیاست اپنے
مفادات کے لیے استعمال کرتے ہیں ۔ جدید ہندستان میں بی جے پی کی کامیابی کی بھی ایک وجہ
یہی ہے اور خصوصاً پڑھے لکھے متوسط شہری طبقوں میں۔
مسلم لیڈر بھی مسلم عوام کے مذہبی جذبات اور ساتھ ساتھ اقلیت میں ہونے کے احساس
کا پوری شدت کے ساتھ استحصال کر رہے ہیں مسلم دانشوروں کو خصوصا اس طرف توجہ دینا
بہت ضروری ہے ۔ آج کے موقع پرست مسلم لیڈروں کو نہ مذہبی اقدار کا پاس ہے نہ مسلم
عوام کے جان ومال کے تحفظ کا خیال ہے ۔ ورنہ وہ بابری مسجد کے مسئلے کو بہت محتاط اور حکیمانہ
طریقے سے استعمال کرتے۔ اس میں کوئی شک نہیں ہے کہ مسلم لیڈر شپ نے نہ تو کوئی سوچی بھی
حکمت عملی بنائی نہ کہیں سیاسی توازن کا ہی خیال رکھا بلکہ ان لیڈروں کے مختلف دھڑے
ایک دوسرے کے مقابلے میں مسلمانوں کے مذہبی جذبات کا بے رحمانہ استحصال کرتے رہتے
اور اب بھی یہی رویہ اختیار کیے ہوئے ہیں۔ اس سے ہندو فرقہ پرستی کو جارحانہ رویہ اختیار
کرنے کے لیے جواز مہیا ہو رہا ہے ۔ آج مسلمانوں کو مولانا حسین احمد مدنی ، مولانا ابوالکلام آزا
اور ذاکر حسین جیسی عالمانہ ، باوقار اور محتاط رویہ رکھنے والی لیڈر شپ کی سخت ضرورت ہے۔ اگر
آج ایسی باوقار اور محتاط لیڈرشپ ہوتی تو بابری مسجد کے انہدام پر مسلمانوں کا رویہ محتاط ہوتا ۔
احتجاج کرنے کے کئی طریقے ہوتے ہیں۔ بمبئی کی حد تک یقینی طور پر کہا جا سکتا ہے کہ مسلمانوں
کا احتجاج غیر محتاط تھا بلکہ یہ کہنا غلط نہ ہو گا کہ سماج دشمن عناصر اس کی اگوائی کر رہے تھے ورنہ نہ
ہندوؤں کی دکانیں لوٹی جاتیں نہ مندروں پر حملہ ہوتا۔ کچھ مندروں کو آگ لگانے کی بھی کوشش
کی گئی اور کہیں کہیں مورتیاں بھی تو ڑی گئیں ۔ اگر مولانا آزاد جیسے قدآور لوگ ہوتے تو مسلمانوں
کا احتجاج نہایت باوقار ہوتا اور ایسے احتجاج کا حکومت پر زیادہ اثر پڑتا اور پولیس کو اس طرح
جارحانہ رویہ اختیار کرنے کا بھی موقع نہ ملتا اور بے گناہ مسلمانوں کی جانیں بھی ضائع نہ ہوتیں ۔
اس نازک مرحلے سے گزرنے کے لیے مسلمانوں کا بھی فرض ہے کہ وہ سیکیولر اور
امن پسند طاقتوں کا ساتھ دیں اور اپنے لیڈروں کو جارحانہ رویہ اختیار کرنے سے باز رکھیں۔
ایک طرف بی جے پی کے زیر اثر کچھ نام نہاد ہندو سنت رام للہ کے درشن پر مصر ہیں جس کی
اجازت عدالت نے دے دی ہے تو دوسری طرف بابری مسجد ایکشن کمیٹی کے لیڈر وہاں جا کر نماز
ادا کرنے کی کوشش کر رہے ہیں ۔ اس سے تو دونوں طرف سے فرقہ وارانہ جارحیت کو ہوا ملے
گی اور ہندو فرقہ پرستی کو نیا جواز - زخموں کو مندمل کرنے کے لیے بابری مسجد کی تعمیر ضروری
لگتی ہے لیکن اس پر زور دینے سے پہلے نہیں نتایج پر بھی اچھی طرح غور کر لینا ہو گا ۔ یہ معاملہ
ہمیں ہندستان کی سیکیولر طاقتوں کے حوالے کرنا زیادہ مناسب ہوگا ۔ مسلمانوں کی زندگی کے تحفظ
اور بابری مسجد کی از سر نو تعمیر کی مانگ کے درمیان توازن پیدا کرنا بہت ضروری ہے ۔ ہمارے
محتاط رویے سے سیکولر طاقتیں بھی مضبوط ہوں گی اور ہندو فرقہ پرستی کو بھی وہ جواز نہ مل سکے
گا جس کی اُسے ہندو متوسط طبقے میں اپنی جارحانہ ہم کو مضبوط بنانے کے لیے تلاش ہے ۔ مسلم
عوام اپنے تشخص کے ساتھ ساتھ اپنی زندگی کا بھی تحفظ چاہتے ہیں ۔ سوال یہ ہے کہ کیا بابری مسجد
اکمیشن کمیٹی ان کے امن پسندانہ جذبات کی نمائندگی کرتی ہے یا محض اپنے مفاد کی ؟",3876
P4_1998_065,Naya Safar,1998,Magazine,"عبد الصمد کا ناول "" دو گز زمین “اردو ناول کی جمالیاتی روایت میں ایک قابل قدر اضافہ
ہے۔ یوں تو پچھلے چند برسوں میں کئی اہم ناول اور ناولٹ منصہ شہود پر جلوہ گر ہوئے ہیں جن میں
پیغام آفاقی کا ناول ""مکان حسین الحق کی تخلیق ” فرات اور شموئل احمد کا ناولٹ ” ندی“ خصوصی
طور پر قابل توجہ ہے ۔ عبد الصمد کا دوسرا ناول ”مہاتما بھی اپنی کیفیت و کمیت اپنے موضوع کے
اچھوتے پن اور ایک اہم عصری مسئلے کی حیثیت سے اردو ناول نگاری میں سنگ میل کا درجہ
رکھتا ہے۔ لیکن بحیثیت مجموعی فکروفن کی پختگی ، تخلیقی در مندی ، مفکرانہ سنجیدگی، اظہار و بیان کی
سادگی و پر کاری اور عصری مسائل و معاملات کی طرف حقیقت پسندی کا رویہ دو گز زمین کوار دو
ناول کی مستحکم روایتوں کا ایک ناگزیر حصہ بناتا ہے۔
اردو میں جاگیر دارانہ تہذیب کے زوال تحریکات آزادی کے پس منظر اور تقسیم کے
خون آشام ڈراموں پر کئی اچھے ناول لکھے گئے ہیں ۔ قرۃ العین حیدر کا ناول ” میرے صنم
خانے آگ کا دریا اور عبداللہ حسین کا اداس نسلیں اس جہت سے اردو ناول میں عظیم الشان
روایتوں کی تعمیر کرتے ہیں ۔ جاگیر دارانہ تہذیب کے زوال پر قاضی عبد الستار کا ناولٹ ”شب
گزیدہ بھی ایک ممتاز شاہکار ہے ۔ لیکن بیسوین صدی کے غیر منقسم ہندوستان اگر بنگلہ
دیش کی تاسیس تک کے عصری، سماجی، سیاسی، تہذیبی، اقتصادی اور نفسیاتی پس منظر میں کئے
ناول خصوصیت کے ساتھ اپنی طرف متوجہ کرتے ہیں۔ ظفر پیامی کا ناولٹ ”فرار “یقینا ایک ہے
مثل تخلیقی کارنامہ ہے جس کو ادبی دنیا نے تقریباً نظر انداز کر دیا ہے۔ مگر ""فرار اردو ناول نگاری کی
ایک ایسی روایت ہے جس کے بغیر پچھلی دہائی کی اردو ناول نگاری کا ذکر ہمیشہ ادھورا ہی رہے گا۔ ظفر
پیامی کی اس روایت کو عبد الصمد نے اپنے ناول دو گز زمین میں کلاسیکی رفعت و عظمت سے ہمکنار
کیا ہے ۔ دو گز زمین ایک ایسی تخلیق ہے جو اختراعی سطح پر نذیر احمد ، رتن ناتھ سرشار، مرزا ہادی
رسوا، پریم چند، عزیز احمد ، قرة العین حیدر، عبدالله حسین ، شوکت صدیقی ، قاضی عبد الستار اور
جو گندر پال وغیرہ کی روایتوں کو نہ صرف یہ کہ بے پناہ مضبوط و مستحکم کرتی ہے بلکہ جلیل القدر عصری
حیات و کیفیات کا ایک زندہ دھڑکتا ہوا استعارہ بھی بنادیتی ہے۔
دو گز زمین "" کی بنیادی خصوصیت و انفرادیت اس کے موضوع سے وابستہ
ہے۔ عبدالصمد کے اس ناول کا سماجی ماحول تہذ یہی فضا، عوامی احساس معاشرتی شعور نفسیاتی کشاکش
اور اقتصادی مسئلہ اور دوسرے تمام تخلیقی منظر و پس منظر بظاہر علاقائی تو عیت رکھتے ہیں۔ اس ناول
میں صوبہ بہار کے سماجی اور تہذ یہی پس منظر میں اجتماعی ہم عصر تحریکات و مسایل کا اس طرح احاطہ
کیا گیا ہے کہ یہ پورے بر صغیر کے مسلمانوں کی مجموعی کشمکش و کشاکش اور تصادم و آویزش کی
علامت بن گیا ہے جس کے المیہ انجام نے بیسویں صدی میں بر صغیر کی مٹتی ہوئی ایک عظیم تہذیب
اور منظم سطح پر بکھرے ہوئے ثقافتی کارواں کی بھر پور پر اثر اور حقیقت پسندانہ تصویر نگاہوں کے
سامنے متحرک سح پر پیش کر دی ہے۔ عبد الصمد کا کمال فن یہ ہے کہ انہوں نے بظاہر تو ایک خاندان
کی کہانی پیش کی ہے۔ لیکن انہوں نے اپنے فنکارانہ شعور اور تخلیقی رویے کی بنیاد پر اس ناول کو بر
صغیر کے کم و بیش ہر اس خاندان کی داستان بنا دیا ہے جو تقسیم وطن کی خونیں موبنوں کی زد میں آیا
۔ اس اعتبار سے اس ناول کو ایک علامتی حیثیت حاصل ہے۔
کوئی بھی تخلیقی فن اپنی منزل معراج سے اسی وقت ہمکنار ہوتا ہے جب بہ حیثیت
مجموعی اس کو ایک جمالیاتی استعارے کی حیثیت حاصل ہو جاتی ہے ۔ میرے نزدیک یہ رفعت فن
دو گز زمین کو حاصل ہے جس کا سب سے اہم پہلو ناول کے موضوع کی علامتی انفرادیت ہے
لیکن صرف موضوع کا انتخاب عبد الصمد کی اس تخلیق کو انفرادیت و عظمت کا حامل نہیں بناتا بلکہ
به حیثیت مجموعی مشاہدے کی نزاکت و باریکی مطالعے کی وسعت و نیرنگی واقعات کی منطقی توجیہہ و
ترتیب ماجر انگاری کی تاریخ میں دو گز زمین کو ایک ایسے سنگ میل کی حیثیت عطا کر دی ہے جس
کا اگلا سنگ میل ابھی مستقبل کی دھند میں گم ہے اور یہ تو ایک مسلمہ جمالیاتی روایت ہے کہ بڑے
تخلیقی کارنامے زمانی بعد کے حامل ضرور ہوتے ہیں ۔ ڈاکٹر محمد حسن کا یہ تاثر معروضیت کا حامل
ہے۔ اردو میں جو چند بڑے ناول لکھے گئے ہیں ان میں دو گز زمین نمایاں رہے گا۔ “
اسی طرح ڈاکٹر قمر رئیس کا یہ خیال بھی حقیقت کا آئینہ دار ہے۔۔
” میرا خیال ہے کہ اس دہے میں بر صغیر ہندو پاک میں جو چند اچھے ناول لکھے گئے ہیں ان
میں دو گز زمین اپنے نہایت سمجھے ہوئے TREATMENTاور گہری حقیقت نگاری کی وجہ
سے نمایاں رہے گا۔ اس کے کردار میرے وجود کا حصہ بن چکے ہیں۔۔ یہ صرف ایک کنبہ کی نہیں
بلکہ ہندوستان کے لاکھوں مسلمان خاندان کی المناک داستان ہے “۔ اردو کے ذمہ دار نقادوں کی یہ
آرا معروضی وزن و و قار رکھتی ہیں۔ موضوع سے قطع نظر دو گز زمین اپنے اچھوتے تخلیقی انداز
بیان کے اعتبار سے بھی مطالعے کے ایک اہم پہلو کی حیثیت رکھتا ہے ۔ ماجرا کا نظم و ضبط ، واقعہ
۔
طرازی کی منطقی تو جیہات و تشریحات اور انتخاب و توازن اس ناول کے تجزیاتی مطالعے کا دوسرا پہلو
ہے اس ناول کی متوازن متحرک موزوں اور بر محل منظر کشی مطالعے کا ایک الگ باب ہو سکتا ہے
۔ سب سے بڑھ کر اس ناول کی کردار نگاری فنکار کے پختہ جمالیاتی شعور اور سیرت نگاری پر اس کی
مکمل گرفت کا اظہار و آئینہ ہے جس نے تخلیقی اور اختراعی سطح پر نذیر احمد ،در تن ناتھ سرشار ، اور مرزا
بادی رسوا کی کردار نگاری کی راویت کو از سر نو زندہ کر دیا ہے۔ اردو میں ابن الوقت نصوح مرزا ظاہر
دار بیگ خوجی آزاد در امر او جان ادا جیسے غیر فانی کردار بعد کے ناول نگاروں کے یہاں شاذ و نادر ہی
نظر آئیں گے۔ ہوری کا کردار ہو کہ نعیم کا یا چمپا کا اس طرح ضرب المثل نہ بن سکا جس طرح ابن
الوقت ظاہر دار بیگ خوجی اور آزاد بن چکے ہیں۔ دو گز زمین“ کے متعدد کردار سیرت و شخصیت کی
ایسی بلندی اور انفرادیت رکھتے ہیں جن سے نظیر احمد اور سر شار وغیرہ کی تخلیقی روایت تازہ ہوتی ہے
۔ خود ، اس ناول کا نام دو گز زمین بے حد کم عرصے میں ضرب المثل کی حیثیت اختیار کر چکا ہے۔
دو گز زمین کا ہر کردار شخصیت وسیرت کے اعتبار سے زندگی کے کسی نہ کسی اہم پہلو کا
نمائندہ ہے خواہ وہ عورتوں کے کردار ہوں کہ مردوں کے ۔ اس کا ہر کردار اپنے عمل ورد عمل کے
اعتبار سے اپنی زندہ شخصیت اور سماجی حیثیت کا اظہار کرتا ہے۔ ناول نگار نے خاندانی سماجی اور تہذیبی
پس منظر میں اپنے کرداروں کو فطری سطح پر ارتقائی منزلیں طے کرنے کی آزادی کا حق دیا ہے کوئی
کردار ایسا نہیں جو مصنف کے ہاتھوں میں کٹھ پتلی کی حیثیت رکھتا ہو یا جسے خوامخواہ اس ناول میں برائے
زیب وزینت پیش کیا گیا ہو۔ ہر کردار اپنا مخصوص رول ادا کرتا ہے اور ناول کی واقعہ طرازی کو آگے
بڑھانے، ماجر انگاری کو مرتب و منظم رکھنے اور موضوع کی پر اثر تشریح و تفسیر میں اپنے حرکات و
سکنات سے اضافہ کرتا ہے اور اس طرح ناول کا ہر کردار سماجی اور معاشرتی سطح پر بے حد فطری انداز
میں کہانی کو ارتقائی منزل کی طرف لے جانے میں ممد و معاون ہے۔ یہ ناول نشیب و فراز کے متعدد
مرحلوں سے گزرا ہے۔ ایسی مثالیں اردو ناول نگاری میں خال خال ہی نظر آتی ہیں۔ اس کے باوجود
واقعہ طرازی اور کردار کی شخصیت و سیرت پر فن کار کی پختہ گرفت کہیں کمزور ہوتی نظر نہیں
آتی۔۔ ایسا لگتا ہے کہ ایک تخلیقی بہاؤ ہے کہ گنگناتے ہوئے پہاڑی چشموں کی طرح رواں دواں
ہے۔ دو گز زمین “ کی اس خصوصیت نے بھی اس کو ایک بھر پور ناول بنادیا ہے ۔ عام طور پر اردو
میں ناولٹ کو بھی ناول سمجھنے کا رجحان کوئی نیا نہیں۔ لیکن واقعتا دو گز زمین ایک مکمل اور بھر پور
ناول ہے اور اس لحاظ سے بھی اردو کے چند گنے چنے ناولوں میں اس کی اپنی اہمیت مسلم ہے۔
عام طور پر ہر ناول میں کچھ مرکزی کردار ہوتے ہیں۔ اور کچھ ضمنی بہ الفاظ دیگر کچھ
بڑے اور کچھ چھوٹے کردار ہوتے ہیں۔ چھوٹے یا ضمنی کردار در اصل بڑے اور مرکزی کرداروں کی
شخصیت و سیرت کو منور اور اجاگر کرنے کا وسیلہ بنتے ہیں یہی عام طور پر ضمنی کرداروں کا مقدر ہوتا
ہے ۔ اردو میں داستان سے ناول تک ایسے انگنت ضمنی کردار موجود ہیں جن کے لہو سے بڑے
کرداروں کی شخصیت و سیرت کی تزئین و آرائش ہوئی ہے۔ لیکن دو گز زمین اس اعتبار سے ایک
انو کھا ناول ہے کہ فن کار نے اپنے مرکزی کرداروں کا سیرت و شخصیت کو نمایاں اور منور کرنے
کے لئے اپنے چھوٹے کرداروں کو فن کی قربان گاہ پر بھینٹ چڑھانے کی کوشش نہیں کی ہے۔ اور
یہی وجہ ہے کہ اس میں کوئی ضمنی کردار نظر نہیں آتا۔ اس ناول کا چھوٹا سے چھوٹا کردار بھی اپنی
مستقل اور مستند زندہ سماجی اور معاشرتی اہمیت و حیثیت رکھتا ہے جس کے بغیر اس ناول کا ایک، شاہر کار
جمالیاتی استعارہ بنا شاید ممکن نہ ہو تا۔ اس جہت سے بھی دو گز زمین ایک لازوال فنی کارنامہ ہے۔
اس ناول میں شیخ امداد حسین کا کردار بے حد مختصر لفظوں میں پیش کیا گیا ہے اور وہ بھی
شیخ الطاف حسین کے خاندانی پس منظر کی وضاحت کے لئے اور اس اعتبار سے ان کا ذکر داستانی
نوعیت رکھتا ہے۔ لیکن شیخ امداد حسین کا کردار اپنے اختصار اور غیر موجودگی کے باوجود قاری کے
ذہن پر ایک غیر فانی نقش چھوڑ جاتا ہے جو ایک خاص تہذیب، سماج اور ماحول کا نمائندہ بن کر افق
ذہن پر شہاب ثاقب کی طرح ایک پل کے لئے چمکتا ہے لیکن جو تحصیل کے بے کراں آسمان پر
روشنی کی ایک لمبی لکیر کھینچ دیتا ہے۔ یہ بجائے خود فن کار کی غیر معمولی تخلیقی بے ساختگی کا ثبوت ہے۔
اسی طرح شیخ الطاف حسین کا کردار بھی بہت مختصر عرصے کے لئے عملی سطح پر ابھرتا
مگریہ کردار بھی اپنی انفرادی متحرک شخصیت کا بھر پور اظہار کرنے میں کامیاب ہے اور ایک
مخصوص طرز فکر طرز احساس اور طرز عمل کے کارواں کو اگلی نسل کے حوالے بطور امانت سونپ
دیتا ہے جس کو اگلی منزلوں کی طرف شیخ الطاف حسین کے داماد شیخ اختر حسین لے جاتے ہیں اور اس
طرح نشیب و فراز سے گزرتے ہوئے اختر حسین ہندوستانی مسلمانوں کے المناک انجام کا استعارہ
بن جاتے ہیں۔ اس ناول میں اختر حسین کو مرکزی کردار کی حیثیت حاصل ہے۔ یہ پوری اجتماعی
تہذیبی زندگی کی نمائندگی کرتے ہیں۔ ان کی حرکات و سکنات اور عمل و رد عمل کے نتیجے میں
ہندوستان کی مختلف سیاسی تحریکات اور آزادی کی جنگوں کے مختلف مناظر معروضی سطح پر ابھرے
ہیں اور تحریک آزادی کے عظیم مجاہدین مثلاً مولانا شوکت علی ، مولانا محمد علی ، بال گنگا دھر
تلک مدن موہن مالویہ ، گاندھی جی ، جواہر لال نہرو، مولانا ابوالکلم آزاد، محمد علی جناح ، پروفیسر
عبد الباری، شیخ احمد حسین مدنی، شری بابو، نو گره بابو اور راجندر پر شاد وغیرہ سے کبھی بالواسطہ اور کبھی
بلاواسطہ قاری کی ملاقات ہوتی ہے اور ہندوستان پر انگریزوں کی انتظامی گرفت اور اس کی شکست و
ریخت کا منظر بھی فطری انداز میں روشن ہوتا جاتا ہے۔ اور ان کی تہذیب و ثقافت کی نمایاں قدریں
بھی سامنے آتی ہیں ۔ عبدالصمد نے کانگریس ، مسلم لیگ، خلافت اور دوسری سیاسی اور سماجی
تحریکوں کی بے حد متوازن اور معروضی تصویر کشی کی ہے۔ اور جذبات پسندی سے اپنے آپ کو ہمیشہ
الگ رکھا ہے۔
عام طور پر ناول نگار اپنے کسی نہ کسی کردار کو اپنی ذاتی شخصیت و سیرت ، اصول و
نظریے، عقیدہ و مسلک کا نمائندہ ضرور بناتا ہے اور اس طرح ناول کا مرکزی کردار بالعموم فن کار کی
شخصیت وسوانح کا ترجمان بن جاتا ہے۔ عبدالصمد کی یہ بھی ایک انفرادیت اور کمال فن ہے کہ انہوں
نے تخلیقی سطح پر اپنی شخصیت کو کہیں کسی موقع پر یاکسی کردار میں بھی نمایاں نہیں ہونے دیا ہے۔ فن
میں شخصیت سے فرار یا گریز کو بڑی اہمیت دی گئی ہے ۔ یہ نظریہ بھی بڑی حد تک صداقت پر مبنی
ہے۔ لیکن میرا نقطہ نظر یہ ہے کہ بڑے فن کار کی شخصیت اس کے فن میں اس طرح جذب ہو جاتی
ہے کہ دونوں کے درمیان خط امتیاز قائم کرنا ممکن نہیں ہو تا۔ فنی معراج بنیادی طور پر اس امتزاج
و ہم آہنگی کی متقاضی ہوتی ہے جو مندرجہ ذیل شعر کی کیفیت سے عبارت ہے
من تو شدم تو من شدی ، من تن شدم تو جاں شدی
تاکس نہ گوید بعد ازیں من دیگرم تو دیگری
عبد الصمد اپنے ناول ""دو گز زمین "" میں تخلیقی رفعت کی اس منزل پر نظر آتے
ہیں۔ جہاں فن کار کی شخصیت اس کے موضوع اس کے فن اور اس کے ماحول سے اس طرح ہم
آهنگ و یکرنگ ہو گئی ہے کہ بیسویں صدی کے تقریبا تہائی حصے کی داستان زندگی قلم بند کرنے کے
باوجود اور مختلف سطحوں پر زندگی کے انگنت مسائل کی تصویر کشی کے باوصف کہیں بھی فن کار کی
شخصیت قاری اور فن کے درمیان حائل نہیں ہوتی۔ اردو ناول نگاری میں یہ تخصیص میرے
مطالعے کی حد تک نمایاں طور پر عبد الصمد کے حصے میں آئی ہے اور اس جہت سے وہ یقینا ہماری
تعریف و تحسین کے مستحق ہیں کردار نگاری کا یہ امتیاز فن کار کے غیر معمولی جمالیاتی شعور کا غماز
ہے۔ عبد الصمد کا یہ امتیاز فن دو گز زمین“ کے ہر کردار میں نمایاں ہے اور جس کا سب سے بہتر
اظہار اختر حسین کے کردار میں ہوا ہے۔
اختر حسین کی شخصیت متنوع پہلوؤں کا احاطہ کرتی ہے شیخ الطاف حسین کے انتقال کے
بعد وہ اس خانوادے کے سر براہ کی حیثیت سے اپنی تمام ذمہ داریوں سے بحسن و خوبی عہدہ بر آہوئے
ہیں۔ ان کی شخصیت کی پختگی کا سب سے بڑا ثبوت یہ ہے کہ ان کے مخالفین بھی ان کے خلوص اور
ان کے کردار کی صلابت و عظمت کے قابل نظر آتے ہیں۔ ان کی خوش دامن بی بی صاحبہ اپنے بیٹوں
سے زیادہ ان پر اعتبار کرتی ہیں اور ایک مہذب ، ذمہ دار اور وضعدار شخص کی حیثیت سے وہ ہمیشہ بی بی
صاحبہ کے اعتماد کو برقرار رکھتے ہیں ان کے برادر نسیتی اصغر حسین کی راہ ان سے مختلف ہے ۔ اختر
حسین کانگریس کی سیاست سے وابستہ ہیں۔ اصغر حسین مسلم لیگ کے کارکن ہیں۔ لیکن اس نظریاتی
اور عملی اختلاف کے باوجود دونوں ہی کردار اپنی اپنی وضعداری پر قائم ہیں۔ اور کسی کی طرف سے
کوئی دانستہ عمل ایسا سامنے نہیں آتا جس میں سطحیت کی کار فرمائی ہو ۔ اختر حسین الیکشن کے بعد عہ
- سیاست ان کے نزدیک عوام کی خدمت سے عبارت تھی زندگی بھر اپنے اس اصول پر سختی سے
عمل پیرار ہے ۔ حالاں کہ اپنے اصول ایمانداری اور خدمت گزاری کے نتیجے میں انہیں نوع بہ نوع
مشکلات و مصایب کا سامنا بھی کرنا پڑا اور مالی نقصان اور ذہنی انتشار سے بھی دو چار ہونا پڑا۔ یہاں
تک کہ خود انکا خاندان منتشر ہو گیا۔ لیکن ان کی زبان پر کبھی کلمہ شکایت نہیں ابھرا۔ وہ زندگی بھر
صبر تحمل اور خود ضبطی سے کام لیتے رہے ان کی پوری شخصیت کا بے حد مکمل اور جامع اظہار اپنے بیٹے
حامد کے نام ان کے خط مورخہ 14دسمبر 1991ء میں ہوا ہے۔ جس میں انہوں نے اپنی پوری زندگی کے
دکھ درد اور رنج و محسن کو بے حد پختہ اور منضبط انداز میں پیش کر دیا ہے۔ اس خط میں ان کے اصول و
نظریات ان کی قومی درد مندی ، حب الوطنی ۔ ان کا ایثار ، ان کی قربانی ، ان کی شفقت و محبت اور
وضعداری اور ان کا سیاسی اور سماجی کردار اور ان کا تہذیبی شعور مکمل طور پر اجاگر ہو گیا ہے۔ اختر
حسین کی سیرت و شخصیت تفصیلی تجزیے کی مستحق ہے۔ لیکن یہاں اس کی گنجائش نہیں۔ لیکن بغیر
کسی تامل کے یہ کہا جا سکتا ہے کہ اختر حسین کا کردار ایک ایسا کردار ہے جس کو فن کار نے دانستہ طور
پر اپنے آدرش کے روپ میں پیش کیا ہے۔ اس کے باوجود اپنے مثبت نفسیاتی رد عمل اور اپنے کردار
کے تحرک و انضباط کے اعتبار سے یہ ایک ایسا آدرش کردار ہے جو غیر فانی قدر و قیمت رکھتا
ہے۔ مذکورہ خط کے کچھ اقتباسات قابل توجہ ہیں۔
ها
”میاں، جینے کا ایک گر ہوتا ہے جو ہر کسی کو نہیں آتا۔ جینے سے زیادہ بڑا فن ابھی ایجاد
نہیں ہوا۔ بہاری، پہلے تقسیم ہند کے بعد مشرقی پاکستان گئے، یہ محض اتفاق تھا، وہ مغربی پاکستان بھی
جاسکتے تھے اور بہت سے لوگ وہاں گئے بھی۔ وہ گھر سے بے گھر ہوئے، پھر لوٹے مارے گئے اور اب
مغرب کی طرف گئے تو وہاں مصطفیٰ جتوئی صاحب کہتے ہیں کہ مہاجروں کو سمندر میں دھکیل دیا
چاہئے۔ بیٹے ،یادر کھنا جب کوئی اپنی زمین اپنا وطن چھوڑ کر ۔۔ ہمیشہ ہمیشہ کے لئے جاتا ہے تو اسے اپنی
کوئی کر۔ تو
زمین اپنے وطن کو بھول بھی جانا پڑتا ہے اور نئی زمین کو اپنانے کی سعی کرنی پڑتی ہے۔ بد قسمتی سے یہ
دونوں اہم کام وہاں سر انجام نہیں دیے جا سکے ، ورنہ تواریخ کے باب اتنے برہنہ صورت میں ، شاید
ہمارے پاس کھل کر نہیں آتے (تو بہ کرتا ہوں، میں تواریخ کے بارے میں کچھ بولنے سے۔ تواریخ
مجھ سے، تم سے
، بنگلہ دیش ، ہندوستان اور پاکستان سے بہت بلند ترشئے ہے اور وہ مجھ جیسے چھوٹے
آدمیوں کی خواہشوں اور مشوروں کو خاطر میں نہیں لاتی)
ادھر ۱۹۴۶ء پھر زندہ ہو گیا ہے۔ لیکن بہ انداز دیگر ۔ پہلے لوگ پاکستان بھاگتے تھے اب
دیہاتوں سے بھاگ کر شہر آتے ہیں۔ خطر ناک بات یہ ہے کہ اب آبادیاں فرقہ وارانہ بنیادوں پر
استوار ہونے لگی ہیں ہندوؤں کے محلے میں مسلمان بسنا پسند نہیں کرتا ، اور مسلمانوں کے محلے میں
ہندو رہنا نہیں چاہتا۔ مسلمان ہندو کے محلے سے بھاگ رہا ہے اور ہندو مسلمانوں کے محلے سے۔ اب
ذرا سوچو ( تم سے ہندوستان کا اتنارشتہ تو ہے ہی کہ اس کے بارے میں کچھ سوچو) کہ اگر یہی صورت
حال رہی تو ملک کتنے ٹکڑوں میں بے گا، آج تو ہم ایک ہی تقسیم کو لے کر رورہے ہیں۔ لیکن یہاں تو
انگنت تقسیم کے بیج بویے جارہے ہیں۔ کیا کیا خواب دیکھے تھے ہم لوگوں نے اور کیا تعبیر دیکھنے کومل
رہی ہے۔ ہاتھ مل مل کے رہ جاتے ہیں۔ لیکن کر ہی کیا سکتے ہیں اپنے بس میں تو کچھ ہے ہی نہیں۔ “
یہ ایک طویل خط ہے لیکن اپنی طوالت کے باوجود قاری کے ذہن پر بوجھ نہیں بنتا۔ اس
لئے کہ ناول میں عروج اور زوال کی جتنی منزلیں آتی ہیں ان کو تسبیح کے دانے کی طرح ایک لڑی
میں پرونے کا کام اس خط نے انجام دیا ہے جس سے ناول کا مجموعی تاثر حسن و خوبی کے ساتھ پردہ
ذہن پر منعکس ہو جاتا ہے۔ اختر حسین کا المیہ انجام زندگی کی بے زاری کا سبب نہیں بنتا بلکہ مثبت
انداز فکر کی طرف رہنمائی کرتا ہے اور یہی اس کردار کی عظمت و انفرادیت ہے۔
اس طرح بی بی صاحبہ اصغر حسین ، گماشتہ جی ، پٹواری جی، اجودھیا بابو محمد
یونس، چامو، بدر الاسلام، فیاض، ساجد، بی بی آمنہ ،ڈاکٹر چند یشور پر شاد و غیره غرض کہ ہر کردار اپنی
اپنی جگہ پر اپنے فرایض اپنی ذمہ داریوں اور اپنے رول کا بے ساختہ و برجستہ اظہار کرتا ہوا ناول کی
تعمیر ماجرا میں نا قابل فراموش حصہ لیتا ہے اور دو گز زمین کی کہانی کو بر صغیر کی اجتماعی زندگی کی
ایک رنگین جمالیاتی داستان بنانے میں اپنا خون جگر صرف کرتا ہے۔ اس ناول کے کم و بیش سارے
کردار اتنے متحرک با عمل زندہ اور بامعنی ہیں کہ یہ ناول ڈرامائی خصوصیات کا آئینہ دار بن گیا
ہے۔ حالاں کہ یہ ایک بیانیہ ناول ہے اور اس میں مکالمے نسبتا کم آئے ہیں ۔ لیکن بیانیہ اور مکالمہ
نگاری میں ایسا فطری اور گہرا نظم و ضبط ہے کہ ہر کردار ڈراما کے کرداروں کی طرح پردہ ذہن پر
متحرک صورت میں جلوہ گر نظر آتا ہے۔ کردار نگاری کی یہی تکنیک اور یہی حسن دو گز زمین کو
اردو ناول نگاری میں ایک عظیم الشان فن کارانہ بلندی کا حامل بناتا ہے۔
دو گز زمین کی کہانی بیسویں صدی کے تقریباً تین ربعوں پر پھیلی ہوئی ہے۔ اور اس
اعتبار سے ماضی قریب اور حال کی ہم آہنگی سے اس داستان کی تخلیق ہوئی ہے جس میں ناول نگاری
کے روایتی اجزائے ترکیبی کے حسن و انفرادیت کا پختہ احساس و شعور کار فرما ہے۔اس کے ساتھ ہی
ساتھ عصری حسیت کے بعض رجحانات و میلانات بھی اس ناول میں جا بجا اپنی پوری قوت و توانائی
کے ساتھ ابھرے ہیں اور یہاں بھی فن کار کارد عمل مثبت نظر آتا ہے۔ دراصل عبد الصمد نے
ابتدا سے انجام تک شکست و ریخت کے متعدد خون آشام مرحلوں کے باوجود مثبت نقطۂ نظر کو ترجیح و
اولیت دی ہے ان کا یہی مثبت فنی نقطہ نظر بعض جدید مستوں کی آئینہ داری میں بھی کارگزار نظر آتا
ہے۔ مثلا اس ناول کے متعدد کردار احتجاجی رویے کی عکاسی کرتے ہیں۔ احتجاج کا رویہ مغرب سے
مشرق تک کئی بڑے فن کاروں کے یہاں نمایاں رجحان کی حیثیت رکھتا ہے۔ اردو میں بھی یہ رجحان
فی زمانہ خاصامر : ج نظر آتا ہے ۔ پیغام آفاقی کے ناول "" مکان “ میں میرا کا کردار احتجاج اور عمل کا
ایک خوشگوار امتزاج ہے شمو کل احمد کے ناولٹ "" ندی کی ہیروئن احتجاجی رویہ کے ساتھ کہانی کے
انجام کی تکمیل کرتی ہے۔ عبد الصمد کے ناول دو گز زمین کا تقریبا ہر اہم کردار احتجاجی رویہ رکھتا
ہے ۔ بی بی صاحبہ ، اختر حسین ، اصغر حسین، سرور حسین، پٹواری جی ، چامو، حامد سرور حسین کی اہلیہ
وغیرہ ۔ غرض کہ ان تمام کرداروں کے یہاں احتجاج کا عصر بدرجہ اتم موجود ہے ۔ جس سے یہ
اندازہ ہوتا ہے کہ عہد حاضر کے ہمہ جہت تہذہبی، سیاسی ، تاجی اور اقتصادی انتشار و اختلال نے عام
انسانی نفسیات میں جس احتجاجی رویہ کو فروغ دیا ہے۔ عبد الصمد اس کا گہرا احساس و شعور رکھتے ہیں
۔ یہی وجہ ہے کہ ان کے تمام اہم کردار اس نفسیات اور رویے کی ترجمانی کرتے ہیں۔ اس اعتبار سے
بھی یہ ناول مطالعے کا ایک دلچسپ عصر رکھتا ہے اور تفصیلی تجزیے کا محتاج ہے۔ اور جو اس امر کا بین
ثبوت ہے کہ عبد الصمد اپنے ناول دو گز زمین میں ایک ذمہ دار باشعور اور فرض شناس فن کار کی
طرح اپنے ایک ایک لفظ اور کردارون کے ایک ایک عمل اور رد عمل اور واقعات کے مختلف نشیب
و فراز کے لئے ذمہ دار ہیں اور مجموعی طور پر دو گز زمین پر ان کی فن کارانہ گرفت ابتدا سے انجام
تک یکساں طور پر بر قرار رہتی ہے جس نے اس ناول کو اردو کا ایک غیر معمولی جمالیاتی کارنامہ بنادیا
ہے۔ بلاشبہ دو گز زمین اردو کے کلاسیکی ادب میں اپنی منفرد جگہ رکھتا ہے ۔ ڈاکٹر گوپی چند نارنگ
سے معروضی و منصفانہ آرائے اظہار کی توقع کم ہی کی جاتی ہے۔ لیکن دو گز زمین“ کے حوالے سے
ان کی مندرجہ ذیل رائے معروضیت و حقیقت پسندی پر مبنی ہے۔
آپ نے جس مسئلے کو لیا ہے اور اس کی معنویت کو کرداروں کی کشمکش اور حالات کے جبر
کے ذریعہ جس طرح ابھارا ہے اور خود کو لیکر افراط تفریط کا شکار نہیں بنے دیا یہ معمولی کارنامہ نہیں
ہے۔ ہندوستانی مسلمانوں کا یہ طور اقلیت جواب صرف ہندوستانی مسئلہ نہیں بلکہ ایک زبردست
جنوب ایشائی مسئلہ بھی ہے اس کے ساتھ ساتھ ناول میں علاقائیت کی پر بھی ہے آپ نے نہایت
خوش اسلوبی سے ان تقاضوں کو نبھایا ہے۔
ڈاکٹر گوپی چند نارنگ کی یہ رائے بجائے خود دو گز زمین کی جمالیاتی رفعت و عظمت اور
اس کی کلاسیکی قدر قیمت کی ایک معتبر سند ہے۔",4087
P4_1999_066,Naya Safar,1999,Magazine,"(ڈاکٹر علیم نے ملک کی زبان کے مسئلہ پر کئی مضامین لکھے تھے ، جن میں
سے صرف دوار دو میں شائع ہو سکے تھے۔ ان میں سے ایک کا عنوان ”ہماری قومی
زبان “ اور دوسری کا ”ہندی، اردو اور ہندستانی ""یا ""اردو، ہندی اور ہندستانی""
تھا۔ ثانی الذکر مضمون کی سجاد ظہیر نے ”روشنائی میں بہت تعریف کی ہے۔
زیر نظر مضمون غالبا الہ آباد کی اس کا نفرنس کے لیے لکھا گیا تھا جس میں
ہندی اور اردو کے ترقی پسند ادیبوں نے آمادگی ظاہر کی تھی کہ ہندی کو ہندوستانی
علاقہ کی سرکاری زبان بنانے کے مدعی سارے اردو ادب کو دیوناگری رسم الخط
میں منتقل کرنے اور اسے ہندی ادب کے ساتھ نصاب میں شامل کرنے پر تیار
ہوں تو اردو والے رسم الخط تبدیل کرنے کی تجویز پر غور کر سکتے ہیں۔ دونوں
زبانوں کے ادیبوں کی موجودگی کے خیال ہی سے شاید یہ مضمون انگریزی میں
لکھا گیا ہو گا۔
ڈاکٹر علیم معنوی طور سے رسم الخط کی تبدیلی کے خلاف تھے۔ وہ زبان
کے مسئلہ کو وسیع تر تناظر میں دیکھتے تھے اور اس کے قومی اور جمہوری حل کے
حامی تھے اس سلسلے میں انہوں نے اپنے ایک مقالہ میں لکھا ہے ”ہندوستان میں
اردو کا مستقبل جمہوریت کے مستقبل سے وابستہ ہے “۔ بد قسمتی سے ملک میں نہ
قومی شعور پروان چڑھانہ صحیح معنوں میں جمہوریت ۔ چنانچہ زبان کا سوال آج
بھی اسی جگہ ہے جہاں پچاس برس قبل تھا۔
ڈاکٹر علیم ”ہندوستان 'و' کے بغیر لکھتے تھے ہفت روزہ ہندستان میں
جو ان کی نگرانی میں پانچ سال تک شائع ہو تا رہا یہ لفظ اسی طرح لکھا جاتا تھا اور
قومی آواز بھی اس پر سختی سے کاربند رہا ۔ چنانچہ زیر نظر مضمون میں بھی
ہندستان اور ہندستانی ہی لکھا گیا ہے ""ہندوستان اور ہندوستانی“ نہیں۔
نام نہاد ہندستانی (زبان) کے علاقی کے لسانی مسائل بے حد پیچیدہ ہیں۔ ان کو بہت زیادہ
آسان بنا کر پیش کرنے کی کوششیں کی گئی ہیں۔ اکثر صورتوں میں ان کو ہندی اور اردو کے مسئلہ تک
محدود کر دیا گیا ہے ۔ اگر چہ ہندی اور اردو کا مسئلہ بذات خود بہت الجھا ہوا ہے لیکن یہ سارے مسئلہ کا
صرف ایک پہلو ہے۔ مسئلہ کا دوسرا پہلو اس علاقہ کی بولیاں ہیں اور اسے اب تک مناسب طور پر
پیش منظر میں نہیں لایا گیا ہے۔ اس سلسلے میں ہم کہہ سکتے ہیں کہ بولیوں کا مسئلہ عمودی اور ہندی۔
اردو کا افقی ہے۔
ہندستانی علاقہ "" سے ہم در حقیقت کیا مراد لیتے ہیں؟ کیا راجستھان اس علاقہ میں
شامل ہے ؟ میتھل دیش کے بارے میں کیا کہا جائے ؟ کیا اتر پردیش اور ہماچل پردیش کے پہاڑی خطے
اس علاقہ میں شامل ہیں ؟ کچھ لوگوں نے ہندستانی قوم کے بارے میں بے حد بلا تاخیر پیش قیاسی سے
کام لیا ہے۔ یہ تو ممکن ہے کہ ہندستانی قوم ارتقا کی منزلوں سے گذر رہی ہو لیکن اس کی خصوصیات
اور حدود قطعا، واضح نہیں ہیں۔ بہت ممکن ہے کہ مغرب میں گجرات اور پنجاب سے مشرق میں
بنگال اور اڈلیہ تک اور شمال میں تبت اور نیپال کی سرحدوں سے جنوب میں مہاراشٹر تک، آخر کار
متعدد قویتیں تشکیل پاجائیں ۔ یہ طویل اور عریض علاقہ کم و بیش چار لاکھ مربع میل اور
تقریبا ساڑھے پندرہ کروڑ افراد پر مشتمل ہے ۔ نظم و نسق کے اعتبار سے یہ علاقہ فی الوقت بارہ
ریاستوں میں منقسم ہے۔ حتمی طور سے کون کہہ سکتا ہے کہ یہ پہاڑ کا پہاڑ تجمع ایک متجانس قوم کی
شکل میں تشکیل پاسکے گا؟
شمالی اور جنوبی علاقوں سے صرف نظر کر لیا جائے تو بھی خود اتر پردیش اور بہار تک میں
بولیوں میں خاصا فرق پایا جاتا ہے۔ ہریانی اور کھڑی بولی سے مگدھی اور میقلی تک ہمیں نہ صرف الفاظ
کی ادائگی اور ان کے اتار چڑھاؤ بلکہ قواعد اور الفاظ کی ساخت میں بھی فرق نظر آتا ہے۔ ان فروق کا
اگر ہم غیر جذباتی طور سے تجزیہ کریں تو غالبا اس نتیجہ پر پہنچیں گے کہ (مثال کے طور پر ) کھڑی
بولی اور بھوجپوری میں نوعیت اور مقدار کے اعتبار سے کم و بیش اسی قدر فرق ہے جتنا کہ ادبی اظہار کی
صورت اختیار کرنے سے قبل فرانسیسی اور اطالوی زبانوں میں تھا۔ ہو سکتا ہے کہ ہم میں سے بہت
ہوں کو اس ضابطہ سازی سے ذہنی صدمہ پہنچے لیکن اس نظریہ کی صحت کی آزمائش آسانی سے کی جا
سکتی ہے۔
اس کے بعد سوال آتا ہے مشترکہ شعور کا۔ بہار ، اتر پردلیس، مدھیہ بھارت اور مدھیہ
پردیش کے ہندستانی بولنے والے عوام میں مشترکہ قومی شعور کو ڈھونڈھ نکالنا ان لوگوں کے لیے
بھی مشکل ہے جو اسکے جو یا ہیں۔ راجستھان تو جغرافیائی اور نفسیاتی اعتبار سے اور بھی دور ہے۔ ثقافتی
اور تبذ میں طور سے بھی کمایوں اور چھتیس گڑھ اور مالوہ اور میتھل دیش کے باشندوں کے درمیان
قابل لحاظ فرق ہے۔
لیکن ان ساری باتوں کے یہ معنی نہیں ہیں کہ جس علاقہ کی نشاندہی کی گئی ہے اس کے
ایک بڑے حصے کے زیادہ متجانس بن جانے اور اس کے باشندوں کے ایک قوم کی شکل اختیار کر لینے کا
کوئی امکان نہیں۔ تاہم فطری طور سے اس میں بہت وقت لگے گا اور ہم استخراجایہ نتیجہ نہیں نکال
سکتے کہ ایک متعین ہندستانی قوم جس کے حدود طے شدہ ہیں لازمی طور سے وجود میں آچکی ہے۔
اس معروضی صورت حال کو ذہن میں رکھتے ہوئے ہمیں لسانی مسئلہ کے عمودی اور افقی
پہلوؤں سے بیک وقت عہدہ بر آہونا ہے۔ جہان تک بولیوں کا تعلق ہے دو مختلف رجحانات نظر آتے
ہیں ۔ ایک جانب تو بعض علاقوں میں انہیں جلد از جلد ترقی دینے کی زبر دست خواہش پائی جاتی
ہے۔ راجستھانی ، بھوجپوری اور چھتیس گڑھی کے علاقوں میں یہ خواہش مقابلتا شدید ہے۔ خاص طور
سے بھوجپوری میں اخبارات اور جرائد بڑی تعداد میں شائع ہو رہے ہیں اور کھڑی بولی ہندی کی
مخالفت کا جذ بہ دھیرے دھیرے پروان چڑھ رہا ہے۔ دوسری طرف وسطی اتر پردیش کے دیہی
علاقوں میں عام طور سے اور شہری علاقوں میں خاص طور سے کھڑی بولی کی بنیاد پر ایک معیار بند بولی
جانے والی زبان کے حق میں واضح رجحان پایا جاتا ہے ۔ اس رجحان میں شہروں کے محل و قوع کی
مطابقت سے برج بھاشا اور اودھی کا امتزاج ملتا ہے۔ لیکن مغربی اور وسطی اتر پردیش میں نہ صرف
عام بول چال بلکہ تقریباً ساری ادبی کاوشیں بھی ہریانی، برج بھاشا اور اودھی میں ہی ہوتی ہیں۔
مغربی یوپی کے تین چار اضلاع سے قطع نظر ہندستانی کے نام سے پکارے جانے والے
سارے علاقہ میں ایک انوکھی صورت حال پائی جاتی ہے۔ اس بہت بڑے علاقہ کے اسکولوں میں
پڑھائی جانے والی زبان اس زبان سے مختلف ہے جو وہاں کے باشندے بولتے ہیں۔ دہلی اور میر ٹھ
کے علاقوں سے ہم جس قدر دور ہوتے جائیں اس فرق میں اضافہ ہوتا جاتا ہے۔ تعلیم کے اس عام
وسیلہ نے بلا شبہ کسی حد تک ایک اتحادی عنصر کا کام انجام دیا ہے لیکن شمالی اتر پردیش اور بہار اور اس
علاقہ کے انتہائی شمال اور انتہائی جنوب میں رہنے والوں کے لیے خصوصا یہ ایک بڑی رکاوٹ بھی
ثابت ہوا ہے ۔ دیہی علاقوں کے اسکولوں میں ذریعہ تعلیم اردو ہو یا ہندی، یہ طلبہ کی مادری زبانیں
نہیں ہیں۔ ان کی مادری زبانیں برج بھاشا، اودھی، بندیل کھنڈی، پہاڑی ، بھوجپوری اور مگدھی وغیرہ
ہیں۔
جنانچہ ان علاقوں کے باشندے جو کھڑی بولی کے مرکز سے خاصے فاصلے پر ہیں، بیسک
اسکولوں تک میں کھڑی بولی لا دے جانے سے کسی قدر آزردہ خاطر ہیں۔ مشرقی اتر پردیش اور بہار
میں یہ احساس عام ہے۔ امکان یہ ہے کہ عوام کا سیاسی شعور جوں جوں بیدار ہوگا، کئی علاقوں میں یہ
احساس زیادہ وا پنج شکل اختیار کرے گا۔ مسئلہ کے اس پہلو کی جانب ان سارے لوگوں کو جو اقتدار پر
قابض ہیں اور انہیں بھی جو عام لوگوں کے موقف کی پر جوش حمایت کرتے ہیں جلد ہی متوجہ
ہونے پر مجبور ہونا پڑے گا۔ بولی جانے والی زبانوں کو ترقی دینے کا مطالبہ اگر پر زور اور بڑے علاقہ کو
محیط ہوا تو اسے تسلیم نہ کرنے کی کوئی معقول وجہ نہیں ہو سکتی۔
ا بھی یہ کہنا تو بہت زیادہ قبل از وقت ہے کہ اس علاقہ کی کون سی بولیاں مکمل طور سے
ادبی اظہار کی صلاحیت کی مالک زبانوں کی حیثیت حاصل کر لیں ں اور کون کونسی غرقاب ہو جائیں گی
برج بھاشا اور اودھی شاندار ماضی کی ملک ہیں۔ کسی حد تک ان کی روایات اس ادبی اظہار کی صورت
کا حصہ بن گئی ہیں جسے عام طور سے ہندی کہا جاتا ہے۔ یہ بولیاں اپنے اعلیٰ ترین منصب سے محروم
ضرور ہو گئی ہیں لیکن یہ نہیں کہا جاسکتا کہ وہ معدوم ہونے کی راہ پر چل پڑی ہیں۔ ان لوگوں کو
جنہیں ان علاقوں کی دیہی زندگی کا تھوڑا سا بھی تجربہ ہے معلوم ہے کہ برج اور اودھی کے لوگ
شاعروں کی تخلیقات کس قدر کس بل کی مالک اور شیریں ہیں۔ دوسری بولیوں کو ابھی یہ مقام
حاصل نہیں ہو سکا ہے۔ بھوجپوری جو مشرقی یوپی اور بہار کے ایک بڑے خطہ میں بولی جاتی ہے اظہار
کا خام لیکن توانا وسیلہ ہے۔ زیادہ امکان یہی ہے کہ یہ بولی بھی ادبی زبان کی شکل اختیار کرے گی
۔ مسئلہ کے اس پہلو پر وسیع القلمی اور کھلے ذہن سے غور کیا جانا چاہیے۔
آئیے اب مسئلہ کے افقی پہلو پر غور کریں۔ ہندی اور اردو ایک ہی بنیادی زبان جسے
کھڑی بولی کہیے یا ہندستانی، کی دو شکلیں ہیں۔ ان کے قواعد اور بنیادی ذخیر ہ الفاظ مشترک ہے لیکن
مخصوص سیاسی حالات کے تحت ان دونوں کے ارتقا کا میلان ایک دوسرے سے جدا رہا ہے ، اگر چہ
متعدد محل و مقام پر دونوں نے ایک دوسرے کو خاصی حد تک متاثر بھی کیا ہے۔ لیکن یہ بات ذہن
میں واضح ہونی چاہیے کہ یہ دونوں شکلیں اصلا شہری ہیں۔ تجارت اور تعلیم کے سبب یہ دونوں دیہی
علاقوں میں کسی حد تک داخل ضرور ہو گئی ہیں لیکن دیہات کے عام لوگوں نے اپنے اظہار کے وسیلے
کے طور پر انہیں اب تک قبول نہیں کیا ہے۔ ہندی اپنے ذخیر ہ الفاظ کا ارفع حصہ سنسکرت سے اخذ
کرتی ہے جب کہ اردو فارسی اور عربی سے۔ ان دونوں زبانوں کے ادبی طریق اظہار نے عوام کے
سیاسی اور سماجی شعور کے ارتقا میں معاونت کی ہے اور دونوں ہی قومی ثقافتی ورثہ کا حصہ ہیں۔ ان
زبانوں کے علاقہ میں جس قدر بھی مشترکہ شعور پایا جاتا ہے دونوں ہی کے ادب نے اس کی عکاسی کی
ہے۔ لیکن ان زبانوں کے ادب کا داخلی منظر نامہ ان علیحدگی پسند رجحانات کی عکاسی بھی کرتا ہے جو
اس علاقہ کے لوگوں میں ایک طویل عرصہ سے پائے جاتے ہیں۔
کچھ لوگ جو سارے ہندستان کے لیے ایک قوم اور ایک ٹیچر پر بہت زیادہ اصرار کرتے
میں بلند آہنگی سے یہ اعلان کرتے رہے ہیں کہ اردو غیر قومی (Un-national) زبان ہے کیوں
کہ اس کے بعض الفاظ کا ماخذ عربی فارسی اور ترکی ہے اور یہ کہ اس کی بہت سی ادبی روایات بھی غیر
ممالک سے بر آمد کی گئی ہیں۔ اس مطابقت کو تاریخ میں اور پیچھے لے جائیں تو معلوم ہو گا کہ خود
سنسکرت اور اس کی ادبی روایت کا ایک خاصا بڑا حصہ اس ملک میں در آمد کیا ہوا ہے ۔ کچھ لوگ اس
غلط فہمی کا شکار ہیں کہ اس علاقہ کے عوام پر اردو مسلم حکمرانوں نے لاد دی تھی۔ تاریخی طور پر یہ
بات غلط ہے۔ کسی مغل بادشاہ نے اردو کو سرکاری زبان کی حیثیت کبھی نہیں دی۔ اس زبان کے
وجود میں آنے اور فروغ پانے کا سبب یہ تھا کہ اس نے مشتر کہ وسیلہ اظہار کا فریضہ انجام دے
کر ایک تاریخی ضرورت کو پورا کیا۔ یہ زبان ان تمام لوگوں کے کام آئی جن کا اپنے مذہبی عقائد یا
سماجی مرتبہ سے قطع نظر، نظم و نسق کے نئے نظام سے رابطہ قائم ہوا۔ اور جو نئے جاگیر داری۔ شہری
نوعیت کے کلچر کے فروغ میں معاون بنے۔ اردو کسی حد تک فوج کے نقل و حمل کے سایہ میں اور
کہیں زیادہ ان تاجروں کے ذریعہ جو دہلی اور آگرہ کے بازاروں میں (تجارت کی غرض سے ) آتے
تھے ، ملک کے مختلف حصوں میں پھیل گئی۔
کھڑی بولی نے اردو کا قالب ہندی سے کہیں پہلے اختیار کیا۔ اردو نے نہ صرف مسلمانوں
بلکہ ہندؤں، سکھوں اور عیسائیوں کے لیے بھی وسیلہ اظہار کا کام انجام دیا۔ بلاشبہ اس دور کے اردو
ادب پر مسلم روایات کی مہر مقابلتا کہیں زیادہ نظر آتی ہے۔ لیکن یہ صورت صرف ادب کی حد تک
نہیں ہے ۔ فن کے دوسرے مظاہر مثلاً موسیقی ، مصوری اور اور طرز عمارت سازی بھی، مسلم
اثرات سے اس قدر یا اس سے زیادہ ہی متاثر ہوئے۔ متشد د وطن پرستوں (Chauvinists) اور
رجعت پرستوں کے علاوہ کوئی بھی اس صورت حال کو المناک نہیں تصور کرے گا۔ شمالی ہندستان کا
کلچر ہند و مسلم روایات کے آمیزہ سے خصوصا بہت زیادہ مستفید ہوا ہے۔ ہندی ادب میں اس آمیزہ
کے کئی رخوں کا عکس نظر آتا ہے۔ لیکن بہت سے ایسے بھی تھے جو اس مشترکہ کلچر سے براہ راست
متاثر نہیں ہوئے اور ان کے لیے ادبی اظہار کا وسیلہ برج بھاشا تھی یا اودھی۔ تاہم انیسویں صدی کے
وسط کے بعد برج بھاشا اور اودھی کی روایات کو شامل کر کے ہندی نے ترقی کے زینے تیزی سے طے
کرنے شروع کیے۔ ہندی اب اس سارے علاقہ میں ادبی اظہار کا ایک بڑا وسیلہ بن گئی ہے اور اس نے
نہ صرف برج بھاشا اور کھڑی بولی بلکہ اردو کو بھی پس منظر میں ڈال دیا ہے۔
اب حقیقی صورت حال یہ ہے کہ اس علاقہ کی تعلیم یافتہ آبادی کی بڑی اکثریت دیوناگری
رسم خط میں ہندی میں ہندی کا استعمال کرتی ہے لیکن ایک قابل لحاظ اقلیت ، جو مختلف مذاہب سے
تعلق رکھتی ہے ، اب بھی اردو کو اپنی زبان مانتی ہے اور اسے اردو رسم الخط میں بھتی
ہے۔ مثلا اتر پردیش کی تعلیم یافتہ آبادی کا پچیس سے تمہیں فی صد حصہ اردو اور ، اس کا رسم الخط
استعمال کرتا ہے بہار میں آبادی کا یہ پندرہ سے بیس فی صد ہو گا اور ”ہند ستانی علاقہ “ کے باقی حصوں
میں مقابلتا کم۔
لیکن ان علاقوں کی ریاستی حکومتوں نے ایسی لسانی پالیسی اختیار کی ہے جو معروضی
صورت حال کی ان دیکھی کرتی ہے۔ ان ریاستوں نے صرف دیوناگری رسم الخط میں لکھی جانے والی
ہندی کو ریاست کی زبان قرار دے دیا ہے ۔ اسمبلیوں، عدالتوں، سرکاری دفاتر اور حد یہ ہے کہ
اسکولوں تک سے اردو کو خارج کر دیا گیا ہے اور بہت سے وزراء اور افسروں نے اردو کی جانب
معاندانہ رویہ اختیار کر لیا ہے۔ ہندی کے کچھ ادیب بھی اس لسانی عتباب کی مہم میں شریک ہو گئے
ہیں۔ دوسری جانب اردو کے حامی احساس شکست اور محرومی سے دو چار ہیں۔ ان میں سے زیادہ تر بے
حسی کے شکار ہیں لیکن ان لوگوں میں سے جو اردو کے لیے سرگرم ہیں ، ایک بڑی اکثریت ہندی کی
جانب خصومت کا رویہ نہیں رکھتی۔ وہ دیوناگری رسم الخط میں ہندی کو ریاست کی سرکاری زبان
تسلیم کرتی ہے لیکن ان کا مطالبہ ہے کہ اردو کو بھی اس کا جائز حق ملنا چاہئے۔ بلاشبہ اردو کے چند
حامیوں پر علیحدگی پسندی اور ظلمت پسندی کے رجحانات اب بھی حاوی ہیں۔ انہوں نے اس سلسلہ
میں مسلمانوں میں فرقہ پرستانہ فکر کو از سر نو ابھارنے کی بھی کبھی کبھی کوشش کی ہے لیکن اب تک
انہیں ذرا بھی کامیابی حاصل نہیں ہو سکی ہے۔ برخلاف اس کے متشد دوطن پرست ہندو زبان کے
مسئلہ پر فرقہ وارانہ سخی پیدا کرنے میں خاصی بڑی حد تک کامیاب ہو گئے ہیں۔
اس صورت حال میں ہندستانی"" کے علاقہ اور ملک کے دوسرے حصوں کے
جمہوریت پسند عناصر کا فرض ہے کہ وہ اس مسئلہ پر معروضی اور غیر جذباتی انداز میں غور کریں اور
اس کو جمہوری انداز میں حل کرنے کا مطالبہ کریں۔ جب تک ایک قابل لحاظ آباد کی اردو کو اپنی
مادری زبان سمجھتی ہے کسی ریاستی اقتدار کے لیے ان کے جذبات کو کچلناز یب نہیں دیتا۔ اگر آبادی
کے اس حصہ کی خواہش ہے کہ اس کے بچے اسکولوں میں اردو کے ذریعہ تعلیم حاصل کریں تو انہیں
ضروری سہولتیں فراہم کرنا عوامی حکومت کی ذمہ داری ہے ۔ وہ عدالتوں اور سرکاری دفاتر میں در
خواستیں اردو میں دیں تو انہیں نہ صرف قبول کیا جانا چاہیے بلکہ ان پر مناسب کارروائی بھی کی جانی
چاہیے ۔ حکومت کی ساری اہم مطبوعات کے اردو ایڈیشن بھی شائع ہونے چاہیے۔ اس علاقہ میں
ایک مشترکہ قومی شعور کے ارتقا کو فروغ دینے کے لیے ضروری ہے کہ سارے انفرادی امتیازات
اور فروق سے گریز کیا جائے۔
اس علاقہ کے قومی اتحاد کے عمل میں ہندی اور اردو جو الگ الگ طور پر پروان چڑھتی
رہی ہیں لازمی طور پر ایک دوسرے کے قریب آئیں گی لیکن یہ ایک طویل مدتی اور پیچیدہ عمل
ہو گا۔ ایسے عناصر جو اس قربت کی رفتار کو تیز کرنے کے لیے ان زبانوں کی کسی ایک شکل کو نظر انداز
کرنے کی کوشش کریں گے وقتی طور پر تو کامیاب ہو سکتے ہیں لیکن ایسا کر کے وہ بنیادی اتحاد کے
حقیقی عمل میں رکاوٹ کا سبب ہی بنیں گے ۔ ہو سکتا ہے یہ بات متناقص نظر آئے لیکن یہ ایں ہمہ
صحیح یہی ہے کہ ہندی، اردو اور مختلف بولیوں کی آزادانہ اور بے روک ٹوک (Unattered) ترقی
میں ہی اس علاقہ کا ختم اتحاد اور ترقی مضمر ہے۔
کھڑی بولی ہندی کو برج بھاشا کی شیرینی اور رس ، اودھی کی نغمگی اور دلکشی اور اردو کی۔
روانی اور ہموار بنوٹ ابھی حاصل کرنی ہے۔ بولی جانے والی زبان کی صوتیات (phonology)اور
الفاظ کی ساخت (morphology) کو نظر انداز کر کے ہندی کو سنسکرت کے تت سم الفاظ سے زیر
بار کرنے کا حالیہ رجحان پیچھے کی جانب لے جانے والا قدم ہے ۔ یہ کوشش آخر کار ہندی کو غیر
جذباتی اور عوام کے نقطہ نظر کو حقارت سے دیکھنے والے (high brow) ادبی محاورہ میں تبدیل
کر دے گی جو عوام کی پہنچ سے بالا تر ہو گی۔ ہندی کے سارے جمہوریت پسند ادیبوں کو اس کی مخالفت
کرنا چاہیے ۔ ہندی کو ایسے الفاظ سے جو اصلا تو غیر ملکی ہیں لیکن جنہیں عام لوگوں نے قبول کر لیا ہوا
جتناب نہیں برتنا چاہیے۔ ہندی کو سنسکرت سے صرف ایسے الفاظ لینے چاہیے جو عام طور پر بولی
جانے والی زبان کی صوتی قدر میں کھپ سکیں۔ ہندستانی علاقہ کے عام لوگوں نے صدیوں کے
دوران سنسکرت کے تت سم الفاظ کی تت بھو صورتوں کو قبول عام بخش دیا ہے۔ اب ان الفاظ کو
بازاری قرار دینے انہیں ترک کرنے اور لفظ کی اصل سنسکرت صورت کو رواج دینے کی کوشش کی
جارہی ہے۔ ان کوششوں کو کامیاب نہیں ہونا چاہیے۔ سنسکرت زبان اور ادب ہمارے ثقافتی ورثہ کا
عظیم اثاثہ ہیں۔ ان کی قدر و منزلت کی جانی چاہیے اور انہیں محفوظ رکھنا چاہیے لیکن اس کی اجازت
نہیں دینی چاہیے کہ وہ عام طور سے مستعمل اور اثر آفریں زبان کو اونچے طبقہ کی ایک تنگ نظر اور بے
لوچ اصطلاحات زدہ زبان میں تبدیل کر دیں۔
اسی طرح وہ لوگ جو اردو کو عربی، فارسی کے غیر مانوس پر دیسی الفاظ سے بو جھل بنانے
کی کوشش کرتے ہیں، مشترکہ ثقافتی روشہ کے دشمن ہیں۔ ماضی میں ایسے بہت سے ادیب ہوئے ہیں
اور اب بھی ان کی تعداد خاصی ہے۔ اردو کے ادبیوں کو ہندستان کے کلاسیکی اور جدید ادب کے
معاشرتی ماحول کو پوری طرح جذب کرنا چاہیے۔ ان کی تشبیہیں اور استعارے، ان کے تلمیحات اور
مجازیے ( allegories) ہندستانی منظر نامہ سے کہیں زیادہ اخذ ہونے چاہئیے۔ اردو شاعری اگر چہ
الفاظ کے ذریعہ تشکیل دی جانے والی ہندستانی تصویروں سے خالی نہیں، تاہم اس سلسلے میں شعوری
کوشش کی مزید ضرورت ہے۔
وقت کے ساتھ ساتھ اردو اور ہندی کے ادبی طریق اظہار کا مرکب تیار ہو سکتا ہے اور
ایسا ہونا بھی چاہیے لیکن ہندی اور اردو الفاظ کو ایک دوسرے کے آمنے سامنے رکھنے
(juxtapose) کی میکانکی اور مصنوعی کوشش پورے طور سے وقت کا زیاں ہو گی۔ سلسلے میں سب
سے بڑی رکاوٹ ایک زبان (اصل مضمون میں لفظ ""گروپ“ استعمال ہوا ہے ) کے ادیبوں کی
دوسری زبان کے ادیبوں کی تخلیقات سے بے خبری ہے۔ بد قسمتی سے ماضی قریب میں اس خلیج کو
وسیع ہی کیا گیا ہے۔ ہندی اور اردو سے واقعتا محبت کرنے والے ہر شخص کی کوشش ہونی چاہیے کہ
اس خلیج کو جلد از جلد پاٹ دیا جائے۔ شروع میں یہ کام ہندی اور اردو کے بہترین ادب کو دونوں رسم
الخط میں شائع کر کے کیا جاسکتا ہے۔ ہندی اور اردو کی درسی کتابوں میں ، ہندی ، اردو ، اودھی اور برج
بھاشا کے انتخابات شامل کیے جانے چاہیے تاکہ نئی نسل ادبی اظہار کی ان مختلف اہم صورتوں سے
واقف ہو سکے جو اس علاقہ میں پروان چڑھی ہیں۔
آخر میں، لیکن موخر نہیں رسم الخط کا بے حد اہم سوال آتا ہے۔ ہندی اور اردو میں
اختلاف کا اصل سبب رسم الخط کا فرق ہے۔ دونوں صورتیں ایک ہی رسم الخط میں ہو تیں تو ان کا
مرکب اب تک تیار ہو چکا ہو تا۔ بلاشبہ یہ ایک بڑی رکاوٹ ہے لیکن یہ صورت صرف اردو ہندی
تک مختص نہیں ہے۔ ایک خاصے عرصے تک گجراتی دو رسم الخط میں لکھی جاتی رہی ہے ، پنجابی آج
بھی تین رسم الخط میں لکھی جاتی ہے۔ وقت گذرنے کے ساتھ ساتھ اور جیسے جیسے مشترکہ شعور کو
فروغ حاصل ہو گا، زندگی کے مختلف شعبوں میں علیحدگی پسند رجحانات پر قابو پالیا جائے گا اور ایک
مشتر کہ رسم الخط کی ضرورت کا احساس بھی پیدا ہو گا۔ اس علاقہ کی ساری ریاستوں کی سرکاری زبان
چوں کہ ہندی ہے، اس لیے قدرتی طور سے تعلیم یافتہ لوگوں کی ایک بڑی اکثریت دیوناگری رسم
الخط کا استعمال کرے گی۔ عبوری دور میں کچھ عرصہ تک بہت سے لوگ دور سم الخط استعمال کریں
گے لیکن آخر کار ترمیم شدہ اور نقائص سے پاک کی ہوئی دیوناگری کو سب ہی قبول کر لیں گے۔ تاہم
اس عبوری دور میں کسی طرح کے جبر سے کام نہیں لیا جانا چاہیے ۔ جو لوگ صرف اردو رسم الخط
استعمال کرنا چاہتے ہوں انہیں کسی قسم کے احساس کمتری کا شکار نہیں ہونے دینا چاہیے اور ایک رسم
الخط کو ترک کرنے اور دوسرے کو قبول کرنے کا عمل اختیاری اور رضا کارانہ ہونا چاہیے ۔ ہو سکتا ہے
کہ اس عمل میں طویل عرصہ لگے اور بہت سی انتطامی دقتیں پیش آئیں لیکن آخر کار یہی طریقہ سب
سے زیادہ دانشمندانہ ثابت ہو گا۔",3767
P4_1999_067,Naya Safar,1999,Magazine,"ترقی پسند طرز فکر و نظر کار زمیہ زمانہ ۱۹۳۶ء سے ۱۹۵۳ء تک کا ہے۔ اس زمانے میں
تنظیمی اور تحریکاتی دونوں حوالوں سے جنوب مشرقی ایشیا کے سماجی و سیاسی، ثقافتی و فکری اور صحافتی
شعبوں پر ترقی پسندیت حاوی تھی اور اس کے رابطے عالمی ترقی پسند دھارے سے جڑے ہوئے تھے۔
۱۹۵۳ء میں سانحہ یہ ہوا کہ امریکی حکمرانوں کی خفیہ پالیسی کی پیروی کرتے ہوئے ہمارے حکمرانوں
نے ریاستی طاقت اور اپنے وضع کئے گئے قوانین کا اطلاق کر کے اس کو یوں کچل ڈالا جس طرح کسی
خوبصورت کھلے ہوئے پھول کو پیروں سے روند ڈالا گیا ہو ۔ ۱۹۵۳ء میں اس سانحے کے بعد ہماری
ترقی پسند قلمرو کا فاتحہ ہو گیا اور اس کے جنوب مشرقی ایشیائی اور بیرونی ملکوں کی ترقی پسند دنیا سے کوئی
رابطے باقی نہیں رہے۔ اس کے نتیجے میں جو بڑا خلا پیدا ہوا اسے امریکی جدیدیت کے مختلف رجحانات
نے پر کیا۔ اس جدیدیت کو ایک آہنی دیوار کھڑی کر کے یک طرفہ طور پر در آمد کیا گیا اور اس طرح
پھیلایا گیا جس طرح بیو پاری اپنے بکاؤ مال کو منڈی میں بھر دیتے ہیں۔ باہر کی دنیا میں ترقی پسندیدیت
اور لیفٹ کی فکر نشو و نما کے جن مراحل سے گزر رہی تھی وہ اس آہنی دیوار کی وجہ سے یہاں پہنچ ہی
نہیں سکی۔ جدیدیت کو موزوں فضا اس لئے مل گئی کی سماج ناخواندہ پسماندہ اور بے شعور تھا جو آج
اکیسویں صدی کی دہلیز پر بھی اتناہی ناخواندہ پسماندہ اور بے شعور ہے۔ اس حقیقت کو بھی جدیدیت
پسندوں نے سنسر کر دیا کہ امریکی جدیدیت اپنی آزادی خود مختاری اور نری انفرادیت کے باجود ترقی
پسند دشمن نہیں تھی۔ اکثر معروف مغربی جدیدیت پسندوں نے بھی ترقی پسند شعور کا اظہار کیا اور
اسی طرح اکثر ترقی پسندوں نے جدیدیت کے ان پہلوؤں سے استفادہ کیا جو ترقی پسند فکر اور تجزیاتی
طریقہ کار کے راستے میں رکاوٹ نہیں بنتے تھے ۔ ابہام سے بچنے کے لئے یہاں یہ وضاحت کرنا
ضروری ہوگا کہ غیر ترقی پسند جدیدیت امریکی برطانوی سر مایہ دارانہ نظام اور اس کی خارجہ دفاعی
پالیسیوں کے لئے تقویت حاصل کرنے کا وسیلہ ضرر بنی یہی وجہ ہے کہ امریکی انتظامیہ اور خفیہ
اداروں کے منصوبوں میں جدیدیت پسند رجحانات کو بھی جگہ دی گئی تھی۔ سویت یونین اور اس کے
اتحادیوں کے خلاف بین العالمی سطح پر جتنے بھی منصوبے وضع کئے گئے ان میں جدیدیت پسند
رجحانات سے بھی خوب کام لیا گیا۔ 1991ء میں جب امریکی حکمرانوں نے اپنے خفیہ منصوبوں کی
وساطت سے سویت یونین کا دھڑام تختہ کر دیا اور چین نے سرمایہ دارانہ اقتصادیات سے گٹھ جوڑ کرلی
تواب علمی و ادبی اور فکری مشاغل کی کوئی ضرورت باقی نہیں رہی چنانچہ امریکہ اور برطانیہ دونوں
ملکوں کی پالیسی ساز اداروں نے اپنے حکمرانوں کی خواہش کو پورا کرتے ہوئے علم وادب اور تعلیم کے
شعبوں ہی کو الٹ پلیٹ ڈالا۔ اس کا یا پلٹ کے نتیجے میں جدیدیت پسندی کے مختلف رجحانات کو بھی
نالائق اولاد سمجھ کر گھر سے نکال باہر کیا گیا اور وہ جو بنے تھے شہہ کے مصاحب پھرے تھے اتراتے
یوسف بے کارواں ہو کر رہ گئے۔ مرتا کیا نہ کر تا جدیدیت پسندوں نے بھی اپنے وجود کو بچانے کے
لئے ترقی پسندیت کی طرف دوستی اور مفاہمت کے ہاتھ بڑھائے کیونکہ فکر و نظر کا وہی ایک دھارا
ہے جو دربار و سر کار کی سر پرستی سے محرومی کے باوجود عالمی سطح پر اپنا موثر کردار ادا کر رہا ہے کیونکہ
اسے عام طبقے کی آشیر واد ہمیشہ ہی حاصل رہی اور اس کے پڑھنے والوں کا بھی حلقہ نہ صرف قائم رہا
بلکہ اس میں بڑھوتی ہی ہوتی رہی۔ ۱۹۹۰ء کے بعد سے اب تک کے اردو شعر و ادب ہی کو لے لیجئے،
ترقی پسندیدیت پر پابندی لگ جانے اور ترقی پسندیدیت دشمنی کی تحریک کے باوجود بازار میں سب
سے زیادہ ترقی پسند شعور ادب ہی بکتا رہا اور ماضی کے تمام شعری و ادبی مجموعے ہی بار بار شائع ہوتے
رہے۔ جدیدیت پسند شعر وادب کو خریدار اور قاری کبھی ملے ہی نہیں۔ ترقی پسند ادب کی پیداوار اور
اس کی منڈی کا توازن دنیا میں ہر جگہ اس طرح پلتا بڑھتارہا ہے کہ ترقی پسند و شمنوں کو بھی مال کمانے
کے لئے ترقی پسند طرز اظہار سے مفاہمت کرنا ہی پڑی کیونکہ گھاٹے کا سودا بہت دیر تک کرنا ممکن ہی
نہیں تھا۔ مفاہمت کا یہ رجحان ترقی پسندیت کے لئے نیک فال نہیں ہے بلکہ خطرے کی گھنٹی ہے
کیونکہ اس مفاہمت کے بطن سے لبرل ترقی پسندیت نے جنم لیا ہے جو موجودہ امریکی لبرل جمہوریت
کے مفادات کے عین مطابق ہے۔
حقائق کے اس عالمی منظر نامے سے قطع نظر اور پل کے اوپر سے پانی کا ریلا گزر جانے
کے باوجو دزیر نظر موضوع ہمارے یہاں کے حالات کے تناظر میں اب بھی اتنا ہی نازک ہے جتنا کہ
۱۹۴۷ء کے بعد تھا اور متقاضی ہے کہ لے سانس بھی آہستہ کہ نازک ہے بہت کام ، مگر مشکل یہ
ہے کہ ہمارا سماج تباہی اور ہلاکت کے اس پل صراط پر شہر اہوا ہے جہاں جنوئین ، عوام دوست اور اپنی
سر زمین سے کچی محبت رکھنے والا کوئی حساس اہل نظر تیز سانس لینا گوارا نہیں کرے گا اور نہ اس پکار پر
کان دھرے گا جس کے لئے میر ہی نے کہا ہے کہ بے مژگاں تو کھول شہر کو سیلاب لے گیا۔ اردو کی
ادبی تاریخ بڑی خوش قسمت تھی کہ اسے میر ۔ غالب اقبال۔ جوش۔ پروفیسر شور علیگ اور مصطفے
زیدگی جیسے قد آور اور ان کے علاوہ ترقی پسند شاعر وادیب اور نقاد ملے ہیں جنہوں نے اپنے اپنے
زمانوں میں لوگوں کو آنے والے وقت کی زہرناکی سے آگاہ کیا اور آج جب ہم اپنے سماج اور عالمی
قلمرو کی طرف نظر شاکر دیکھتے ہیں تو ان قد آور دانشوروں کی تجزیاتی آرامستند نظر آتی ہے۔ ہوں
نے جن تخریبی امکانات کی نشاندہی کی تھی وہ سارے ہمارے سامنے آگئے ہیں اور انسانیت ایک ایسی
اکیسویں صدی میں پہنچنے کو ہے جو بیسویں صدی سے کہیں زیادہ ہلاکت آفریں ہو گی اور اس کی ابتدا
تباہ حال عراق اور سر بیا سے ہو گی۔ ان کو آپ اکیسویں صدی کے ہیرو شیما اور ناگا ساکی کہہ سکیں
گے۔ جدیدیت پسند اہل الرائے تو خیر یہی کہیں گے کہ عالمی سطح پر انسان کشی کے یہ مظاہر ہوں گے
ہمیں ان سے کیا لینا دینا ہے کیونکہ یہ شعر وادب کے موضوع نہیں ہیں البتہ موت ہلاکت اور فنا کے
اس منظر میں جمالیات کا جو تناظر ہے اسے یقینا موضوع بنا ئیں گے۔ اس اذیت ناک صورت حال کو
زندہ رکھنے اور حساس ذہنوں کو اس سمت سے ہٹانے کے لئے جدیدیت پسند جواب بعد جدیدیت کے
دائرے میں ہیں صوفیانہ قسم کے انداز نظر کی وکالت کریں گے یا ساختیات اور پس ساختیات جیسے
پے چیدہ اور بے سمت فلسفوں میں الجھا دیں گے۔ اردو کی ادبی قلمرو میں تو یہ کام شروع بھی ہو چکا ہے
اور اس مقصد کو پورا کرنے کے لئے ادبی رسالے بھی نکل رہے ہیں کیونکہ اردو کی ادبی و فکری قلمرو
میں ان کے خلاف کو ئی مزاحمتی تحریک ہی نہیں ہے۔ اس کے برعکس ان کی مدلل مداحی کر نے
والوں کی اکثریت ہے۔ لبرل قسم کے ترقی پسندوں کو بھی ساختیات اور پس ساختیات سے خاصی
دلچسپی ہے۔
حالات کی نزاکت کی بنا پر یہ گوش گزار کر دینا مناسب ہو گا کہ کسی بھی فکری رجحان یا
نظریے کا اطلاق بشرط کہ اس نتیجے میں پورا سماج خوش حالی اور امین و شانتی کا نمونہ بن جائے اور
طبقاتی اونچ سے پیدا ہونے والا طبقاتی پھر باقی نہ رہے تو اس کی داد و تحسین کے یہ معنی ہر گز نہیں ہو
سکتے ہیں کہ داد و تحسین کرنے والوں کو مذہب دشمن ، دہریے ، غدار اور فکری نظام یا نظریے کا حاشیہ
بردار قرار دے دیا جائے۔ ہمارے اپنے تاج پر ۱۹۴۷ء کے بعد سے اب تک مغرب ہی کا سرمایہ
دارانہ اور اقتصادی نظام حکمراں ہے۔ تمام انتظامی، سیاسی، جمہوری، بلدیاتی اور اقتصادی و تعلیمی
ادارے اس نظام کے تحت کام کر رہے ہیں حتی کہ انگریزی زبان اور سرمایہ دارانہ کلچر ہم پر مسلط ہو گیا
ہے مگر آج تک اس کے خلاف کوئی مزاحمتی تحریک نہیں چلائی گئی۔ اس کی زبانی طور پر مخالفت
کرنے والے اس سسٹم کی پیروی کرتے ہیں مگر ان کو نہ کوئی غدار کہتا ہے نہ مذہب دشمن اور نہ
دہریہ ۔ اول الذکر نظام کی بات کرنے والوں کے ساتھ وہی سلوک ہوا جو بھی حضرت منصور حلاج
کے ساتھ ہوا تھا۔ وہ بہر حال خدا ترس اور سچا مومن تھا چنانچہ اس کے خلاف کفر و ارتداد کا فتویٰ
جاری کرنے والے اور اسے فورا عمل در آمد کرنے والے غیر نمایندہ اور مطلق العنان بادشاہ یقینا گناہ
کے مر تکب ہوئے ہیں۔ اصل تاریخ حقیقت یہ تھی کہ بادشاہ اس کے چاپلوس وز ر او امرا جن میں
ایک با اثر وز یر حامد سر فہرست تھا اور دربار سر کار کے حاشیہ بردار عالاعلاج کی ملوکیت د شمنی اور زیر
پر
زمین اس کے خلاف اجتماعی تحریک بنانے کی بنا پر اسے ملوکیت کے نظام کے لئے خطرہ سمجھتے تھے اس
وقت سے لے کر اب تک اس خطرے سے نمٹنے کے لئے غداری مذہب دشمنی اور دہریت کے الزام
میں جتنے لوگ مارے گئے وہ سب ہی اپنے اپنے عہد کے ظالمانہ نظام کو ڈھا دینے کے لئے مزاحمتی
شعور پیدا کرتے تھے۔ ان کو ختم کرنے کے لئے بھی حکمرانوں نے ملاؤں، برہمنوں، اور پادریوں کو
استعمال کیا۔
اس مقدمے سے بحث کرتے ہوئے ہم یہاں سوشلسٹ قبیلے کے دانشوروں کے ماہرانہ
تجزیات سے قطعی استفادہ نہیں کریں گے ورنہ جانبداری کا اعتراض ہو گا۔ ان کے خلاف تو دائیں
بازو کے اہل الرائے نے ہمیشہ ہی یہ دعویٰ کیا کہ ان کو سوائے عوام ، مزدور، سامراجیت، طبقاتی جدو
جہد اور استحصال وغیرہ کے علاوہ کوئی موضوع ہی نظر نہیں آتا ہے اس لئے ہم اپنی دلیلوں اور سند
کے لئے دائیں بازو کے مستند اور معروف امریکی و برطانوی دانشوروں ہی کی آرا پر اکتفاکریں گے اور
اب تو دنیا کے تمام ملکوں میں بلا شرکت غیرے دائیں بازو والوں کامر غوب سامراجی نظام ہی راج کر
رہا ہے اور اس نے اپنے ہی و ناطر دائیں بازو کے دانشوروں پر ہاتھ صاف کر دیا ہے ۔ اس مرغوب
غلطی سامراجیت نے صرف آٹھ سالوں کے دوران جو ستم ڈھائے ہیں، جس درندگی کا بازار گرم کر
رکھا ہے اور کھلے عام انسان کشی کا جو کھیل شروع کر رکھا ہے قیامت کا منظر پیش کر رہا ہے۔ مگر ہر سُو
خاموشی ہے۔ وہ تمام قوتیں جن میں دانشوروں اور علمائے سو کا خاصا بڑا طبقہ بھی شامل ہے ۱۹۹۱ء میں
سرمایه دارانه اقتصادی و جمہوری اور کاروباری نظام کی کامیابی کا جشن منارہی تھیں اب چپ سادھے
بیٹھی ہوئی ہیں اس لئے کی غرور کی آگ ان کے دامن تک پہونچ گئی اور گلے میں اس طرح پھنس گئی
ہے کہ نہ اگلتے بن رہا ہے اور نہ نکلتے۔ یہ تو میں اب کھسیانی بلی کی طرح کھمبا نوچ رہی ہیں یا پھر اول
فول بکتی ہیں۔ بعد جدیدیت بھی ان کو اسی کی ترغیب دے رہی ہے ۔ آپ نے شائد یہ بھی محسوس کیا
ہو کہ جب نمرود کی آگ نے دنیا کو چاروں طرف سے اپنی لپیٹ میں لے لیا تو ایک بار پھر دائیں بازو
کی قوتوں اور ان کے ہمنوا میڈیا نے سابق زمانے کے سوشلسٹ حکمرانوں کی ظالمانہ کارروائیوں کی
پرانی کہانیوں کو دہرانا شروع کر دیا ہے اور انسانی کھوپڑیوں کے ڈھیر کو مرتب کر کے اس کی فلمیں
اسکرین پر دکھانا شروع کر دیا تا کہ اپنے جرائم اور گناہوں کی پردہ پوشی کر سکیں۔ ان حالات کے رد
عمل میں نوبت یہاں تک پہونچ گئی کہ امریکہ و برطانیہ اور پوربی ملکوں کے غیر سوشلسٹ مگر انسان
دوست دانشور بھی چیخ اٹھے۔ وہ تمام حقائق جن کو اختلاف کرنے والے ہمیشہ سوشلسٹوں کی شرارت
کہا کرتے تھے ننگے ہو کر سر بازار ناچ رہے ہیں۔ ماضی کی چھپی ہوئی تاریخ کے پول بھی ۱۹۹۱ء سے
کھلنا شروع ہوئے ہیں حتی کہ سامراجی قوتیں بر سر عام کہہ رہی ہیں کہ یہ سب کچھ انہوں نے کیا تھا
اور اب بھی کریں گے اگر کسی ملک نے اس کے خلاف کوئی قدم اٹھانے کی جرآت کی تو اس کی ہڈیاں
اور پسلیاں توڑ دی جائیں گی۔ عراق، سربیا، بوسنیا، اور افریقی ملکوں میں سامراجی قوتوں نے یہ کام
۱۹۷۰ء میں ایک بڑی جنگ بنگلہ دیش کے مسئلے پر لڑی گئی تھی اس کے بارے میں جتنے
بھی تجزیات اب تک منظر عام پر آئے ہیں ان میں اصل حقیقت کو پردوں میں رکھا گیا ہے۔ امریکہ
اور ۱۹۷۰ء کے روسی حکمرانوں کا جو اپنی نظریاتی سمت سے منحرف ہو چکے تھے اس بات پر اتفاق رائے
تھا کہ بنگال میں فکسل باڑی تحریک کو جلد سے جلد ٹھکانے لگا دیا جائے۔ نکسل باڑیوں کی خاصی بڑی
تعداد بہروپ دھار کر عوامی لیگ کے مسلح دھڑوں میں آگئی تھی اور یہ امکان واضح ہو تا جارہا تھا کہ
قوم پرستوں کی اس مزاحمت کے نتیجے میں مشرقی بنگال چینی کمیونسٹوں کے ہاتھوں میں آجائے گا اور
بر صغیر میں چینی قسم کی کمیونسٹ حکومت بن جائے گا۔ یہ صورت حال در اصل امریکی اور روسی
حکمرانوں کے مفادات کو چیلنج کر رہی تھی۔ یہ وہ دور تھا جب چین میں نظریاتی انحراف کھل کر سامنے
نہیں آیا تھا اور چینی حکمراں روس کو سوشل سامراج کہتے تھے۔ ہندوستان کے حکمراں بھی نکسل
باڑیوں کی مسلح قوت اور ان کے اثرات سے اتنے ہی خوف زدہ تھے۔ یہی وجہ ہے کہ روسی ، امریکی اور
ہندوستانی حکمرانوں نے بنگلہ دیش کے قوم پرستوں کو ہوادی اور ان کو ہر قسم کی مادی مدد بھی فراہم
کی۔ پاکستانی فوجوں کو بھی ہتھیار ڈالنے اور ذلت و رسوائی سمیٹنے پر ان ہی عالمی قوتوں نے مجبور کیا تھا
ور نہ جنگ کا میدان آخری وقت تک پاکستانی فوج ہی کے ہاتھ میں تھا۔ اس تاریخی تناظر کا بیانیہ مہا
شوتیا کی بنگالی ناول دروپدی کے علاوہ اشاروں و کنایوں میں ارون دھتی رائے ، انگریزی ناول ” دی گاڈ
آف اسمال ٹھنکس“ میں ملتا ہے۔ رواں دھارے (Main Stream) کے اردو ہندی اور انگریزی
ادب اور تاریخ میں ان حقائق کا ذکر کہیں نہیں ہوا ہے۔ مباشوتیا کا ناول چونکہ بنگالی میں لکھا گیا تھا اس
لئے ناول نگار کا نقطہ نظر اردو اور ہندی پڑھنے والوں تک نہیں پہنچا۔ اس ناول
کا انگریزی ترجمہ بہت
بعد میں ہوا۔ گیاتری چکرورتی نے انگریزی ترجمہ کر کے شہرے ہوئے تالاب کے پانی پر پہلا پتھر
پھینکا جس کا نتیجہ یہ ہوا کہ جرنل آف کامن ویلتھ لٹریچر نے مہاشو تیا کا انٹرویو شائع کیا اور اس طرح
بلی تھیلے کے باہر آگئی۔ یہ تو ایک واقعہ ہے جو بر سبیل تذکرہ آگیا اس طرح کے بہت سے اور بھی
تاریخی حقائق اب پردے سے باہر آئے ہیں اور تاریخ میں شامل ہوئے ہیں تاہم اس قسم کی تاریخی
کتابیں اور دستاویزات امریکہ اور برطانیہ میں ہی دستیاب ہیں۔ یہاں وہ نہ پہنچیں ہیں اور نہ پہنچیں
گی۔ نیوز و یک ، ہفت روزہ ٹائم، سی این این، بی بی سی ، اور امریکی میڈیا پر اعتبار کرنے والے ایسی
کتابوں اور دستاویزات کو یہاں کیوں آنے دیں گے۔
ترقی پسند دشمنوں نے ہمیشہ ہی یہ دعویٰ کیا کہ شعر وادب اور علوم افکار کا عالمی سامراجی
قوتوں سے سنجیدہ پروپگنڈا ترقی پسندوں کی اڑائی ہوئی ہوائی ہے حالانکہ امریکہ اور برطانیہ کے بہت
سے نامور دانشوروں نے اپنی کتابوں میں ثبوت کے ساتھ اس قسم کے بہت سے واقعات قلمبند کئے
ہیں۔ نو آبادیاتی اور بعد نو آبادیاتی سامراجیت زبان و ثقافت اور ادب
و تعلیم کے وسیلوں سے جو کام
لیتی ہے اس کا تجزیاتی اور تحقیقی مطالعہ پوسٹ کالونیل مکتبہ فکر کے سارے ہی دانشوروں نے قلمبند
کیا ہے۔ انہوں نے انگریزی زبان کے سامراجی کردار جیسے عنوان پر مستند سر مایہ مہیا کیا ہے۔ تاریخی
حقائق کے اتنے مستند بیانیوں کے ہوتے ہوئے بھی ترقی پسند دشمنوں کے دعوے آنکھوں میں
دھول جھونکنے کے مترادف ہیں اور جیسا کہ شہرہ آفاق دریدا نے کہا ہے کہ سامراج کلچر کی میڈیا
ٹیکنیک نے آنکھوں میں دھول جھونکنے کے ایک سے ایک موثر اور جادوئی طریقے کھوج لئے ہیں۔
سامراجی قوتوں نے شعر وادب، علوم و ثقافت ۔ تعلیم و ذرائع ابلاغ کی اہمیت کو کبھی نظر انداز نہیں کیا
بلکہ ان کو اپنے سیاسی و اقتصادی اور دفاعی مفادات کو پورا کرنے کے لئے بطور موثر ذریعہ استعمال کیا۔
امریکہ برطانیہ اور پوربی ملکوں میں اس موضوع پر مستند بیانیوں کی کوئی کمی نہیں ہے اور یہ بیانئے
زیادہ تر ان اہل نظر نے لکھے ہیں جن کا ترقی پسندیت سے کوئی تعلق نہیں رہا ہے ان سب سے قطع نظر
جن کی تعداد اتنی زیادہ ہے کہ ان کا پڑھنا محال ہو گا اگر صرف استیفن ہاؤ(Stephen
How)ہی
کی کتاب ”اینٹی کالونیلزم ان برٹش پالنکس "" مطبوعہ بلیک ویل آکسفورڈ ۱۹۹۳ء ہی کا مطالعہ کر لیا
جائے تو سارا منظر سامنے آجائے گا اور یہ بات پہلی بار معلوم ہوگی کہ حکمراں بر طانوی لیبر پارٹی اور
بر صغیر میں جنگ آزادی کی اجارہ دار قوم پرست قیادت کا کیسا گٹھ جوڑ تھا اور ان قوم پرست جماعتوں
کا سامراج نواز اور عوام دشمن کردار کھل کر سامنے آجائے گا جسے انہوں نے سیکولرزم، سوشلزم ، اور
اسلام ازم کے لباس سے ڈھانپ رکھا تھا، اس قبیل کے تقریباً سارے ہی تاریخی حقائق جو ۱۹۷۰ء
تک خفیہ خانوں میں بند رکھے گئے تھے اب کھل کر منظر عام پر آگئے ہیں۔ امریکی صدر ٹرومین کی خفیہ
ڈائریاں، خصوصی فائیلیں اور ہا تھ سے لکھے ہوئے تبصرے اب پلک کے استفادے کے لئے کھول
دی گئی ہیں۔ ماضی میں ہمارے یہاں دائیں بازو کے سینئر دانشوروں اور کٹر چنتی مولویوں و برہمنوں
نے ترقی پسندیت دشمنی کا جو بخار پیدا کیا تھا ان کے حوالے سے صحیح حقائق ان کا غذات سے ظاہر ہو
گئے ہیں اور پس پردہ دور دراز سے ڈوریاں ہلانے وہ ہاتھ جو ہمارے سینئیر دانشوروں اور مولویوں کو
نے
استعمال کر رہے تھے سامنے آگئے ہیں۔ رابرٹ میکنمانا جیسے آدمی نے بھی اپنی خود نوشت میں اپنی
غلطیوں کا اعتراف کرتے ہوئے معذرت کی ہے یہی نہیں ماضی میں جن مستند حقائق کو پیش کرنے کا
فرض ترقی پسندوں نے ادا کیا تھا اور جن کو مخالفین ترقی پسندوں کی شہرت کہا کرتے تھے موجودہ دور
میں خود امریکی سی آئی اے نے ان کی تفصیلات ظاہر کر دی ہیں اور اس موضوع پر کتابیں شائع کی گئی
ہیں۔ سی آئی اے نے تو بڑی ڈھٹائی سے یہ بتایا ہے کہ اس نے سوہار تو کے ذریعہ انڈو نیشیا کی آزادی
کے ہیرو اور عوامی صدر ڈاکٹر سوئیکارنو کا تختہ الٹوایا تھا جس کے نتیجے میں سوہار تو نے کم و بیش دس
لاکھ مخالفوں کے مروا دیا تھا۔ مارے تو سوئی کار نو بھی جاتے مگر ان کی جان بخشی بھی امریکی حکمرانوں
کے حکم سے سی آئی اے نے ہی کرائی تھی کیونکہ ان کی سر پرستی کرنے والے سویت یونین کے
حکمران ان دنوں امریکہ سے پینگیں بڑھا رہے تھے اس لئے امریکی حکمراں سویت حکمرانوں کو فنا
نہیں کرنا چاہتے تھے۔ سویت حکمراں بھی انڈونیشیا کے واقعات کے بعد کسی اقدام سے گریز کر رہے
تھے۔ ان کتابوں کے منظر نامے میں ہمیں وہ چہرے بہت صاف نہ دکھائی دیتے ہیں جو اس زمانے میں
”سوشلسٹوں کا قبرستان، انڈونیشیا کے فلک شگاف نعرے لگارہے تھے ، پورے ملک میں جابجاد یواروں
پر یہ نعرے لکھے نظر آتے تھے ، اور سوہار تو کو مر د اسلام کی حیثیت سے ہیر و بنایا گیا تھا۔ پھر اسی مرد
اسلام نے کیا کچھ کیا اب کسی بھی ڈھکی چھپی باتیں نہیں ہیں۔
ترقی پسندییت ہر گز کوئی آسمانی صحیفہ نہیں ہے جس پر تنقید نہ کی جائے مگر تنقید کرنے
والوں کو اپنا مقدمہ دستیاب تاریخی حقائق اور فکری بنیادوں پر تیار کرنا چاہئے وہ کوئی ساختیات یا پس
ساختیات کی مکڑیوں کا جال نہیں ہے کہ تنقید کرنے والے جو چاہیں اول فول بکتے رہیں اور ان کو صحیح
سمجھا جائے۔ اس کے بر عکس اب تک اس پر جتنی ہی تنقید ہوئی اس میں ذاتی تعصبات ، اختلاف
برائے اختلاف، اور نفرت کی کار فرمائی ہے اور یہ انداز نظر جاری ہے حتی کی خود بعض ترقی پسند اپنے
اندر بھی تعصبات کا ملغوبہ رکھتے ہیں مثلا یہ لکھنا کہ ، ترقی پسند تحریک کے اولین علم برداروں کا لہجہ
رومانوی تھا۔ یہ لوگ عموما یوپی کے چھوٹے بڑے زمینداروں کے ناز و نعم میں پلے ہوئے شاعر بیٹے
تھے جو ایک بڑے باپ کے ولایت پلٹ بیر سٹری پاس بیٹے سجاد ظہیر کی من موہنی شخصیت کے سحر
میں گرفتار ہو کر ترقی پسند بن گئے تھے۔ ان جملوں میں جو سطحیت اور ذہن کے اندر چھپا ہوا علاقائی
تعصب ہے خود بول رہا ہے ہمیں نہیں معلوم کہ اعتراض کرنے والے کی زندگی کس غریب خاندان
میں گذری البتہ یہ معلوم ہے کہ میاں افتخار الدین پنجاب کے بڑے جاگیر داروں میں تھے اور فیض
بھی اعلیٰ اور دولتمند خاندان کے چشم و چراغ تھے جوتے رگڑنے والوں میں ندیم قاسمی اور فارغ
بخاری ضرور ہیں۔ یوپی در اصل غیر یوپی والوں پر بری طرح سوار ہو گیا ہے۔ ایک مشہور اور مستند
ترقی پسند نے اس موضوع پر انتہائی جامع اور فکری اعتبار سے قابل ذکر رائے ظاہر کی ہے حالانکہ وہ
بھی یوپی کے نہیں پنجاب کے ہیں۔ "" سجاد ظہیر اور فیض اگر چہ بڑی سوسائیٹی کے لوگ تھے لیکن
انہوں نے اپنی ذات کو آخری حد تک ڈی کلاس کیا اور نظریاتی اعتبار سے عوامی صفوں میں شامل ہو
گئے۔ اپنے نظریات کی خاطر یہ ان کی بہت بڑی قربانی تھی۔ ایک بچے کھڑے اور انسانی مرتبے پر فائیز
عالم کا فکری رویہ یہی ہوتا ہے۔ وہ علاقائی اور جغرافیائی تعصب سے آزاد ہو کر حقیقت کو کھوج لیتا
ہے۔ اردو کی ادبی تاریخ میں ترقی پسندیت پر اب تک تنقید کے نام سے جو اعتراضات کئے گئے ہیں وہ
خود ایک پروپگنڈا اور نعرہ نہیں تو اور کیا ہیں؟ موجودہ زمانے میں خصوصا پچھلے دو سالوں سے ایک بار
پھر ترقی پسند دشمن قوتوں نے کروٹ لی ہے اور ان ہی سکہ بند قسم کے لچر الزامات کو کھود کھود کر
دوباره بر سر عام لا رہی ہیں جن کی فہرست ماضی میں سامراجی قوتوں کے اداروں نے مرتب کی
تھیں اور پھر مخالف اہل نظر اور کٹر پنتی فرقہ پرستوں کو مہیا کی تھیں۔ ہندوستان جیسے سیکیولر ملک
میں بھی ان مقاصد کو پورا کرنے کے لئے راشٹریہ سیوک سنگھ ، بھارتیہ جنتا پارٹی اور شیو سینا بنائی
گئیں جو اپنے فرائض سلیقے سے انجام دے رہی ہیں۔
عالمی سطح پر سویٹ یونین کے ٹوٹ جانے کے بعد صورت حالات توقع کے برعکس
بالکل ہی بدل گئی۔ ترقی پسند دشمن قوتوں نے اس کا یا پلٹ کو محسوس کر لیا انہوں نے سوچا کیا تھا اور
ہوا کیا۔ ان کے ادبی و فکر می غباروں سے ہوا نکل گئی اور سوائے اس کے اور کوئی راستہ بھی نہیں رہا کہ
ترقی پسندیت کی طرف ہی واپس لوٹیں تا کہ ادبی و فکری تاریخ میں اپنی پہچان ، اپنے وجود اور اپنی ساکھ
کو بچالیں اور وہ قارئین جو ان کو چھوڑ گئے ہیں انہیں مل جائیں۔ آزاد منڈی معشیت میں بھی ترقی
پسند قسم کی تحریروں ہی کی مانگ زیادہ ہوتی چلی گئی جبکہ غیر ترقی پسند تحریروں کی کوئی مارکٹ نہیں
ہے۔ کاروباری مفاد بھی ان کو ترقی پسندیت سے رجوع کرنے پر مجبور کر رہے ہیں۔ یہی وجہ ہے کہ
دائیں بازو کے اس طبقے نے حقیقی ترقی پسندیت پر شب خون
مارا اور ایک نئی لبرل قسم کی ترقی پسندیت
کا نعرہ لگایا وہ موجودہ عالمی سامراجیت پر بھی اسی طرح تنقید کرتے ہیں جس طرح کبھی ترقی پسند کیا
کرتے تھے مگر ترقی پسند یقینا سامراج دشمن اور عوام دوست تھے جبکہ لبرل ترقی پسند سامراجیت اور
سرمایہ دارانہ نظام کے اتحادی نقاد ہیں اور جمہوری پارلیمان کی حزب اختلاف کا کردار ادا کرتے ہیں۔
اسی لئے آج کی نئی ترقی پسندیت کو سامراجی جمہوریت، آزاد منڈی معیشت، حقوق انسانی اور روشن
خیالی سے جوڑا جا رہا ہے جہاں بھونکنے کی آزادی ہے۔ بھونکنے والے بھونکتے ہیں سامراجیت کا
کارواں چلتا رہتا ہے یہی نہیں بلکہ سرمایہ دارانہ نظام ان بھونکنے والوں سے بڑے فوائد حاصل کرتا
ہے ۔ البتہ اگر بھونکنے والے جھپٹ کے بھنجوڑ کھانے کو دوڑیں تو پھر بہی لبرل جمہوریت جان
کورے (John Corey) کی طرح اس کے فوطے کچل کر میں ڈالتی ہے۔ سامراجیت ترقی پذیر
اور پسماندہ ملکوں کو اپنے احکامات کی خلاف ورزی پر سبق سکھانے اور سزادینے کے لئے اپنے ساتھ
ہتھیار بند ہو کر ان پر پل پڑتی ہے اور وہاں کے بے گناہ انسانوں کو بے دریغ قتل عام کرتی ہے۔ اس
سامراجی کیمپ کے حکمراں بر ملا یہ بیانات جاری کرتے ہیں کہ چونکہ وہ طاقتور اور دولت مند ہیں اس
لئے ان کو دوسرے ملکوں کے ہر معاملے میں ٹانگ اڑانے کا حق ہے۔ ۱۹۹۰ء کے بعد سے تو ان کے
اس حق کو اقوام متحدہ نے بھی مان لیا ہے چنانچہ نوام چو مستکی (Noam Chomsky) نے لکھا کہ
اقوام متحدہ امریکہ (UN (US) لبرل ترقی پسندیت اور اقدامات کی مذمت تو کرتی ہے مگر عالمی
سامراجی نظام کی عمارت ذھا کر نئے نظام کو عمارت اٹھانے کی مخالفت کرتی ہے۔ وہ در اصل گلا
سنوں اور پر استر ایکا کی پیداوار ہے جس نے روس اور چین میں سرمایہ دارانہ نظام کے لئے فضا ہموار
کی اور ترقی یافتہ شان دار ماضی کو ایک ہی جھٹکے میں ختم کر دیا۔ اس کو نشس کے باوجود یہ سامراج نواز
روس میں اب تک نہ تو امریکی طرز کی جمہوریت قائم کر سکے نہ ہی سرمایہ دارانہ نظام کو اور نہ ہی سابق
دور کے نظریے کی قوت کا خاتمہ کر پائے حتی کہ ان میں اتنی بھی جرات نہیں ہے کہ وہ لیٹن کے
مقبرے کو بند کریں۔ اس تجربے کی ناکامی کے نتیجے میں سامراجی قوتوں نے چین کے لئے اپنا طریقہ
کار بدل دیا اور وہاں کمیونسٹ نظریے کے سائے میں سرمایہ دارانہ نظام اور آزاد منڈی معیشت کو
بروئے کار لائے ۔ ان کا یہ فیصلہ زیادہ معقول ثابت ہوا کیونکہ نام سے کیا فرق پڑتا ہے اگر سرماید
دارانہ نظام اور آزاد منڈی معیشت خود کو کمیونسٹ کہے تو بھی کیا فرق پڑتا ہے۔
نئے اور لبرل ترقی پسندوں نے جدیدیت ، ساختیات، پس ساختیات، بعد جدید ، اور اس
قبیل کے دوسرے رجحانات میں مارکسزم کے بعض غیر نظریاتی اجزا کو بھی پیوند کر لیا جو یورپی ماکرم
نے جمالیات کے حوالے سے پیدا کئے تھے۔ اس لئے یہ حلقے ” منشور “ کی گردن ناپتے ہیں، اور
نظریے کی موت کے نعرے کو اچھالتے ہیں۔ لبرل ترقی پسندیت نے خود کو انسان، دستی، مساوات،
حریت، آزادی فکر و نظر ، اور انسانی اقدار تک محدود کر لیا ہے۔ یہ وہ اصول ہیں جو سرمایہ دارانہ
جمہوریت کے آئین میں بھی موجود ہیں اور ساری دنیا میں انسانی حقوق کا ٹھیکہ بھی اسی جمہوریت
نے لے رکھا ہے۔ امریکہ کی لبرل ہیومنزم کا بھی یہی نصب العین ہے۔ جہاں تک آئینی تقاضوں
کے اطلاق کا معاملہ ہے تو ان پر عمل تو امریکہ و برطانیہ اور پوربی ملکوں میں بھی نہیں ہوتا ہے۔ انسانی
حقوق اور لبرل جمہوریت کے تحفظ کا مسئلہ صرف ان ملکوں کے لئے ہی پیدا ہوتا ہے جو سرمایہ دارانہ
مالیاتی و کاروباری مفادات اور آزاد منڈی معیشت کا راستہ روکتے ہوں۔ برما۔ انڈونیشیا۔ مشرق وسطی
کے عرب شیوخ اور بادشاہوں کو اس حوالے سے کبھی موضوع نہیں بنایا جاتا ہے۔ نظام خواہ مثبت،
جامع اور عوام دوست ہو یا انسان دشمن سامراجی اپنا کوئی نہ کوئی منشور اور نظم و ضبط تو رکھنا ہی ہے۔
آئین منشور نہیں تو اور کیا ہے؟ جمہوریت میں انتخابات لڑنے والی پارٹیاں جنھوں نے تاریخ میں
اپنے منشور پر کبھی عمل نہیں کیا اپنا منشور پیش ضرور کرتی ہیں۔ سرمایہ دارانہ نظام کے منشور میں نجی
ملکیت اور نرمی انفرادیت کو عقیدے کا مقام حاصل ہے اور اسی عقیدے کو بچانے کے لئے سامراجی
قوتوں نے سویت یونین کے خلاف جہاد کیا تھا۔ اہل نظر طبقے کی پرورش اور تعلیم و تربیت چونکہ اسی
سرمایہ دارانہ نظام کی فضا میں ہوتی ہے اور وہ اپنے طبقے سے جڑا ہوتا ہے اس لئے منشور تنظیم اور
ڈسپلن کے جبر سے وہ بغاوت کرتا ہے۔ یہ نظام چونکہ مادر پدر آزادی مہیا کرتا ہے اس لئے اہل نظر
اسی کے گن گاتے ہیں۔ یہ دعوئی کہ ترقی پسندیت منشور کی پیروی، نظریے پر یقین ، اور ڈسپلن کی
پابندی کوئی ضروری گردانتا ہے غلط نہیں ہے۔ سرمایہ دارانہ نظام اور منڈی معشیت بھی اس قسم کی
پابندیوں کو منواتی ہیں۔ بین العالمی مالیاتی ادارے اور ورلڈ ٹریڈ آرگنائیز نیش (WTO) بھی اپنے
ماتحت ملکوں کی حکومتوں سے اپنی سخت اور ٹیڑھی شرائط منواتے ہیں۔ انھوں نے تو چینی حکمرانوں کو
گھٹنے ٹیکنے پر مجبور کر دیا اس نے راتوں رات مشرقی ایشیاء میں اقتصادی و مالیاتی دھماکہ کر دیا۔ اسٹر
کچرل ایڈ جسٹمنٹ، بجٹ خسارے کو کم کرنے، سر کاری و انتظامی اخراجات میں تخفیف، سر کاری و نیم
سرکاری اداروں میں ملازمین کی چھانٹی، عوام کو دی جانے والی غیر منافع بخش مراعات کا خاتمہ،
ٹیکسوں کی شرح میں اضافہ ، اور ضروریات پوری کرنے والی اشیا کی قیمتوں میں اضافہ جیسی شرائط
منشور نہیں تو اور کیا ہیں اور دنیا کا ہر وہ ملک جو ہر سال ان اداروں سے اربوں ڈالرز کا قرض لیتا ہے
ان شرائط کو مانے پر مجبور ہے۔ معلوم نہیں کہ ترقی پسندیت کے منشور میں کون سے سرخاب کے پر
لگے ہوئے ہیں کہ اس پر لعنت بھیجنا نیک کام سمجھا جاتا ہے ، اقوام متحدہ اور کامن ویلتھ کے بھی اپنے
اپنے منشور ہیں اور جب وہ کہیں ان کا اطلاق کرنا چاہتے ہیں تو دنیا کی کوئی طاقت ان کو روک نہیں
سکتی ہے۔ منشور صرف ترقی پسندوں ہی کا نہیں ہے، سر ریلزم، فیوچر زم، اور ایذرا پاؤنڈ کی امیجزم کے
بھی منشور ہیں۔ ترقی پسندیت کے ساتھ لبرل کا سابقہ لا کر دراصل اسے سرمایہ دارانہ نظام سے
نتھی کر دیا گیا ہے کیونکہ یہ اصطلاح سویت یو نین ختم ہونے کے بعد امریکی حکمرانوں نے اپنی
جمہوریت کے ساتھ جوڑی تھی اور پھر ذرائع ابلاغ کی وساطت سے لبرل جمہوریت کا واویلا مچانا
شروع کر دیا تھا۔ لبرل جمہوریت نے سیاست کا دفاع، اور خارجی تعلقات کو اقتصادی و مالیاتی اور
کاروباری و منڈی معشیت کا ہتھیار بنا دیا۔ اس جمہوری و اقتصادی شعبے کا تعلق ایک چھوٹے سے
دولتمند اجاره دار گولے سے ہے جس نے پوری ٹیکنالوجی ، پیداوار و دولت کے وسائل اور مہلک
اسلحہ کے انبار پر قبضہ جمارکھا ہے ان میں کوئی بھی چیز عوام کی اکثریت کے پاس نہیں ہے گویا لبرل
جمہوریت اسی اقلیتی ٹولے کی آمریت ہو کر رہ گئی ہے آپ چاہیں تو اسے جمہوری آمریت کہہ سکتے
ہیں۔ فردین دور میں اس آمریت کا کھلے عام مظاہرہ ہوا تھا اور حکمراں ٹولے نے اپنے ہی آئین کی جی
بھر کر دہجیاں اڑائی تھیں۔ ” ان امریکن ایکٹیویٹرز کے عنوان سے بنائی جانے والی کمیٹی
Committee for UN American Activities کو امریکی صدر نے فیڈرل عدالت
کے اختیارات سونپ دیئے تھے ۔ ملک میں اعلیٰ ترین انصاف کے ادارے ہوتے ہوئے ایک کمیٹی کو
عدالتی اختیارات دینے کا کیا جواز ہو سکتا ہے ؟ تمام سامراجی حکومتیں اور ان کے حاشیہ بردار حکمراں
خواہ وہ دنیا کے کسی بھی ملک کے ہوں اس قسم کی کمیٹیاں اور خصوصی عدالتیں ضرور بناتے ہیں۔
امریکہ و برطانیہ اور یورپی ملکوں کی حکمراں سرمایہ داری کے اس سیاہ کردار کو دیکھنے اور ان الزامات
سے جو وہ اپنی مخالفت کرنے والے بائیں بازو پر لگاتی ہے موازانہ کرنے کے بعد میر کا یہ شعر یاد آتا
ہے۔",5247
P4_2006_068,Aiwan-e-Urdu,2006,Magazine,"جمہوریت کی توضیح ، تشریح ، تصریح اور توجیہ کے مختلف انداز اور
معیار اپنائے جارہے ہیں ۔ ابراہم لنکن نے اسے عوام کے لیے عوام
کے ذریعہ اور عوام کی حکومت بتایا ہے بالفاظ دیگر یہ ایک ایسا نظام ہے
جس میں سرمایہ داروں، جاگیرداروں ، امیروں اور سلطانوں کا تسلط
عوام پر نہیں رہتا ہے، جس میں جبر و تشدد کا دخل نہ ہو ۔ یہ طرز یونان
اور اتھینز کی حکومت میں بھی ارباب سیاست تلاش کر لیتے ہیں۔
گو کہ ان کے تضادات کا بھی اقرار کرتے ہوئے نظر آتے ہیں۔
اسپارٹا کی طرز حکومت پر عسکری نظام کا غلبہ تھا جس کے نتیجے میں
فاشزم کی جھلکیاں دکھائی پڑتی ہیں۔ روم میں بھی نام نہاد جمہوریت کا
ذکر ملتا ہے جہاں عوامی امتیازات کی بنا پر قانون ساز مجلس میں دولتمند
اور اہلِ ثروت خاندانوں نے اکثریت حاصل کر لی اور شہنشاہیت و
آمریت کا عمل دخل شروع ہو گیا۔
اقبال اسلامی طرز جمہوریت کے حامی ہیں اور اصل میں اسلام
کسی نظام حکومت کا نام نہیں بلکہ نظام زندگی کا نام ہے اور یہ نظام
زندگی جمہوری مزاج کا امانت دار ہے اس کی ترتیب عوامی احکامات،
آراء اور مشوروں پر نہیں ہوتی ہے۔ بلکہ اس میں صرف احکامات
الہیہ اور سیرت سرور کائنات کو بنیاد بنایا جاتا رہا ہے، لہذا احکامات
خداوندی اور طریق عمل محمدی کو ہی اسلامی جمہوریت کا نام دیا جا سکتا
ہے جس میں جبر و تشدد، سفاکیت اور بربریت کو دخل نہیں ۔ برتری کا
معیار چوں کہ دولت و حکومت ، تخت و تاج نہیں بلکہ کردار کی بلندی
اور تقویٰ ہے جس سے مساوات اور اخوت کا اہم پہلو بروئے کار آیا
اس کے نتیجے میں شہنشاہیت، آمریت اور مادی حکومت کا خاتمہ
ہو گیا۔ اسلامی نظام زندگی نے جو اخوت و مساوات کا درس دیا ، اس کو
اسلامی جمہوری نظام بجا طور پر قرار دیا جا سکتا ہے۔ چنانچہ تفریق
مذہب و ملت ، امتیاز رنگ ونسل باطل ٹھہرائے گئے ۔ مغربی جمہوریت
میں بہر طور جاگیردارانہ نظام حکومت کا اثر تھا، وہاں کی شہنشاہیت کو
عوامی بیداری نے اکھاڑ پھینکا۔ لیکن اس کا فائدہ وہاں کے تاجروں
نے اٹھایا۔ سرمایہ داروں نے حکومت پر قبضہ کر لیا ۔ صنعتی انقلاب کا
دور دورہ رہا اور سرمایہ داروں نے دولت کو جمع کرانے میں انتہا
کر دی۔ یورپ میں پارلیمانی حکومت کا قیام عمل میں آیا مگر اس میں
جنگ چلتی رہی ۔ عوامی زندگی کے مالک افراد کو منتخب ہو کر ان ایوانوں
میں پہنچنا دشوار ہو گیا۔ علمی استعداد اخلاقی بلندی کا کوئی مقام نہیں
رہا۔ گھوم پھر کر سرمایہ داری ہی کا بول بالا رہا کیوں کہ سارے ترسیل و
ابلاغ کے ذرائع زر د دولت والوں کے پاس ہی محفوظ تھے اسی وجہ
سے علامہ اقبال اس طرح کے انداز جمہوریت کے شدید مخالف
تھے۔ ان کے نزدیک وہ جمہوریت ایک فریب ہے جس میں ملوکیت
ا
کی شمولیت ہو۔
در اصل علامہ اقبال اسلامی جمہوریت میں یقین رکھتے تھے
اور مغرب کی جمہوریت کو فریب تصور کرتے ہیں۔ جزوی طور پر وہ
اشتراکیت کے بھی حامی ہیں لیکن لادینیت کو پسند نہیں کرتے وہ
دینی زندگی اور حیات مذہبی کو برتری دیتے ہیں ۔ ملحدانہ نقطہ نظر اور
مادہ پرستی کے شدید مخالف ہیں ۔ اقبال اسلامی جمہوریت کے
بنیادی اصولوں پر زور دیتے ہیں اور فرد پر فرد کی حکومت کو نا جائز
سمجھتے ہیں۔ یہ سچ ہے کہ اگر غور سے دیکھا جائے تو چاہے آمریت
ہو یا مطلق العنانیت کی کوئی شکل یا شخصی حکومت کا کوئی روپ ہو یا
جمہوری انداز کی کوئی بھی حکومت ۔ دراصل یہ سب کے سب انداز
جہاں بانی اور امور حکمرانی کے بدلے ہوئے نام ہیں ۔ تاریخ میں
ایسا بھی ہوا ہے جب اشتراکیت اور سماج واد میں یقین رکھنے
والوں نے جمہوریت کے خلاف تحریک چلائی ہے اور غریب عوام
اس تحریک کے فریب کا شکار ہوئے ہیں۔ مسولینی اور ہٹلر اس کی
واضح مثالیں ہیں ان لوگوں نے عوام میں یہ بات پہنچائی کہ
جمہوریت ایک پر فریب طرز حکومت ہے اس بات کو تیزی کے
ساتھ پھیلایا گیا ۔ ان لوگوں نے اپنے نقطۂ نظر کو عام کرنے کے
لیے زبر دست کوششیں کیں اور نتیجے کے طور پر مجلس قانون ساز میں
ایک بحران نمودار ہوا اور فاشزم کو فروغ حاصل ہوا۔ مسولینی اور
ہٹلر فاشزم کے علمبردار بنے اور اپنی آمریت کو جمہوریت کا نام
دینے لگے ۔ اقبال نے اس طرز کے حکمرانوں کو ” جمہور کا ابلیس
کہا ہے:
جمہور کے ابلیس ہیں ارباب سیاست
باقی نہیں اب میری ضرورت نہ افلاک
اقبال نے اپنی شاعری میں اس جمہوریت کی مخالفت کی ہے جو
حکومت کے جذبے کو فروغ دیتی ہے۔ کیوں کہ اسلام میں حکومت کا
تصور ہی نہیں ہے۔ حکومت کے لیے فوج اور خزانے کی ضرورت ہوتی
ہے لیکن حیات طیبہ سرور کائنات میں کوئی فوج اور لشکر نہیں تھا ہاں!
جب ضرورت پڑتی تھی تو گلدستہ اذان سے اعلان ہو جاتا تھا لوگ
گھروں سے تلواریں لے کر جہاد کے لیے آجاتے تھے ، ان کو جنگ
کے میدان میں بھی یہ حکم تھا کہ جو میدان کارزار سے بھاگ رہا ہو اس
کا تعاقب نہ کیا جائے کیوں کہ جو میدان کارزار سے راہ فرار اختیار
کر رہا ہے وہ تو خود ہی حیات کی بھیک مانگ رہا ہے لہذا اس کے
سوال
کو رد کرنا اسلامی نظام زندگی نہیں۔ میدان جنگ میں اگر مخالف
کے پاس ہتھیار نہیں ہے تو جب تک اس کو اسی معیار کا اسلحہ نہ فراہم کیا
جائے جنگ نہیں ہو سکتی۔ یہ جمہوری انداز فکر وعمل ہے۔ حکومت کے
قیام کے لیے خزانہ ضروری ہے مگر حیات سرور کائنات میں کوئی
خزانے کا تصور نہیں ۔ ہاں ! بیت المال ہے مگر اس کی نوعیت یہ ہے کہ
چراغ جلنے سے پہلے اس میں جھاڑو پھیر دی جاتی ہے۔ ایک دانہ بھی
باقی نہ رہے۔ اکثر ایسا بھی ہوتا ہے کہ مال غنیمت کچھ بچ جاتا تو اس کو
کسی امین کے پاس بطور امانت رکھ دیا جاتا۔ تا کہ ذخیرہ اندوزی اور
سرمایہ داری کا رجحان نہ پیدا ہو سکے۔ لہذا اس سے ثابت ہو جاتا ہے
کہ سرور کائنات کی حیات مبارکہ میں حکومت کا تصور ہی نہیں تھا ، لہذا
اقبال جمہوری نظام زندگی میں تو یقین رکھتے ہیں مگر حکومت کے لفظ
اور تصور سے متنفر ہیں اور اپنی شاعری میں متعدد مقامات پر مختلف
انداز میں اس پر تبصرہ فرماتے ہیں۔
جمهوری انداز حکومت اور طرز حکمرانی کو اقبال نے کبھی بھی
پسندیدگی کی نظر سے نہیں دیکھا، اس لیے کہ اس طرز حکومت میں بھی
عوام کی نمائندگی نہیں ہو پاتی۔ لیاقت ، صلاحیت ، اخلاقی رفعت علمی
استعداد کو اس میں کوئی اہمیت ہی نہیں ہے۔ بلکہ کثرت جو طے
کر دے وہی معیار مقبولیت اور لیاقت ٹھہرایا جاتا ہے۔ سو آدمیوں
میں ننانوے آدمی جس کو منتخب کر لیں وہی حاکم بن جاتا ہے مگر ایک
آدمی جو اس کے انتخاب میں شریک نہیں ہے وہ بہر حال ان کے
فیصلے میں شریک نہیں ۔ یہ ممکن ہے کہ اس ایک شخص کی رائے ان
نانوے آدمیوں سے زیادہ وزنی اور مدلل ہو، لیکن اس کی رائے
کثرت سے ٹھکرا دی جاتی ہے۔ علامہ اقبال نے اس بات کو اپنی
فارسی شاعری میں ایک شعر میں کہا ہے کہ دوسو گدھوں کے مغز کو جمع
کر دینے سے فکر انسانی نہیں پیدا کی جاسکتی، اس طرح کے طرز
حکومت سے گریز بہتر ہے:
گریز از طرز جمهوری، غلام پخته کارشو
که از مغز دو صد خر فکر انسانی نمی آید
جمہوریت اک طرز حکومت ہے کہ جس میں
بندوں کو گنا کرتے ہیں ، تولا نہیں کرتے
اقبال نے ملکی اور غیر ملکی حکومتوں
کا یہ نظر غائر مطالعہ کیا تھا اور یہ
محسوس کر لیا تھا کہ جمہوری انداز حکومت میں نا اہلوں کا منتخب ہو جانا
یقینی ہو جاتا ہے اس لیے کہ اخلاقی اور عملی معیار رو به انحطاط ہوتے
جارہے ہیں لہذا جمہوریت نظام زندگی نہ بن کر حکومت بنتی جارہی
ہے اور ہر حکومت آمریت کے بطن سے پیدا ہوتی ہے اور اس
میں پرورش پاتی رہتی ہے خضر راہ میں اقبال نے فرمایا ہے کہ :
ہے وہی ساز کہن مغرب کا جمہوری نظام
جس کے پردوں میں نہیں غیر از نوائے قیصری
دیو استبداد جمہوری قبا میں پائے کوب
تو سمجھتا ہے یہ آزادی کی ہے نیلم پری
مجلس آئین و اصلاح و رعایات و حقوق
طب مغرب میں مزے میٹھے خواب آوری
اقبال انسان دوستی، برادرانہ ہمدردی اور مساوات کے حامی
ہیں ۔ حکمرانی اور انداز جہاں بانی کے منکر ہیں۔ وہ جمہوریت کے
انتخابی انداز اور معیار سے باخبر ہیں ۔ ہر سماج اپنے جیسا نمائندہ منتخب
کرتا ہے آج جس کے سر پر عوام تاج اقتدار رکھ دیتے ہیں تو کل تخت
و تاج چھین کر سر بازار رسوا کر دیتے ہیں۔ جب سماج کا شعور نا پختہ
ہوگا تو اس کا منتخب کردہ راہبر بھی نا پختہ ہوگا ، اس لیے اقبال اس
نمائندگی اور ترجمانی میں یقین رکھتے ہیں جو مامور من اللہ اور منصوص
من اللہ ہو ۔ نہ تو خداوند بزرگ و برتر جمہور کی رائے سے منتخب ہوتا
ہے اور نہ نبی و رسول عوام کے مشوروں اور انتخاب سے راہ بر اور
راہنما بنائے جاتے ہیں۔ نہ اسلامی شعار اور اصول پنچایت کے
ذریعہ طے ہوتے ہیں ۔ کیوں کہ جیسے پہنچ ہوں گے ، ویسے ہی پنچایت
ہوگی۔ اسلامی اخوت و مساوات کے زریں اصول بادیان دین کے
وضع کردہ اور پیش کردہ ہیں اور علامہ اقبال اسی اسلامی جمہوری نظام
حیات کے پیرو ہیں ۔ جہاں آقا اور غلام میں کوئی تفریق نہیں۔",1579
P4_1992_069,Aiwan-e-Urdu,1992,Magazine,"دنیائے صحافت میں یہ موضوع مورد
بحث رہا ہے کہ خبر کی اہمیت کا تعین کن اصولوں
پر کیا جائے ہے کون سے عوامل خبر کی قدر و قیمت
معین کرتے ہیں ہے خبروں کے کن اجزا کو نشریات
میں شامل کیا جاسکتا ہے ؟ اور کون سی خبریں
رد کر دینے کے قابل ہیں ہم ان سوالوں کے
جواب میں اہل قلم نے خبروں کے متعدد اجزا
بیان کیے ہیں ۔ جن میں کچھ اساسی حیثیت
رکھتے ہیں اور کچھ ضمنی و ذیلی نوعیت کے ہیں۔
خبروں کو پرکھنے کے لیے خبروں کے جن
اجزا کو بیان کیا جاتا ہے اُن کا مرکز و محور قاری
کی پسند ہے ۔ اس اساسی نکتے کو دو بنیادوں
پرتقسیم کیا گیا ہے ۔ (۱) نتائج (۲) دلچسپی۔
ان دونوں کے ذیل میں دیگر نکات آتے ہیں ۔
انھیں اجزائے خبر بھی کہا جاتا ہے ۔ اگر خبران
اجزا میں سے کسی پرمشتمل ہو تو اُنسے عمومی نشریات
میں شامل کر ہی لیا جاتا ہے ۔ ان اجزا کی تفصیل
مندرجہ ذیل ہے :
ار نتائجی خبریں
جب ہم نتائجی نقطہ نظر سے، خبروں
کا تجزیہ کرتے ہیں تو یہ دیکھتے ہیں کہ نشریات
کے وسیلے سے اس خبر کو پڑھ کر پاسن کر ہمارے
قارئین و سامعین پر کیا کوئی اثر پڑے گا ؟
مثلا"" شہر سے چند کلومیٹر کے فاصلے پر سیلاب
آچکا ہے، ممکن ہے وہ اس شہر میں بھی داخل
ہو جائے "" کیا یہ خبر نشریات میں شامل
کیے جانے کے قابل ہے ہے جی ہاں اکیونکہ نشریات
کا مخاطب براہ راست اس سے متاثر ہوگا۔
براہ راست متاثر ہونے کے علاوہ قربت
بھی ایک پیمانہ ہے۔ اسے مثال کے طور پر اس
طرح بیان کیا جا سکتا ہے کہ سیلاب زدہ شہر میں
کچھ ایسے لوگ بھی رہتے ہوں گے جن کے اعزہ و
اقر با ایسے دیگر شہروں میں رہتے ہوں جہاں
سیلاب نہیں پہنچ سکتا۔ وہ تمام لوگ سیلان بنده
شہر کے لوگوں سے قربت کی بنا پر سیلاب کی
تفصیلات جاننے کے متمنی ہوں گے ۔
ایسے سانحے یا حادثے ملکی مسئلے تسلیم کیسے
جاتے ہیں، چنا نچہ سرکاری ذرائع ابلاغ میں تو
شامل کر ہی لیے جاتے ہیں ، غیر ملکی خبر رساں
ادارے بھی انسان دوستی کی بنیاد پر اس کو
جز و خبر بنا کر اپنی نشریات میں جگہ دیتے ہیں۔
نتائج کے لحاظ سے خبروں کے اجزا
مندرجہ ذیل ہیں :
آفات و سانحات مندرجہ بالا سطور
میں اس کی مثال دی
جا چکی ہے ۔ سانحے اور المیے، انسانی زندگی میں
وقوع پذیر ہوتے ہی رہتے ہیں۔ ان کی زد میں
آکر اکثر بے خطا لوگ لقمہ اجل بن جاتے یا خانماں
بر باد یا مجروح ہو جاتے ہیں ۔ جب بھی کوئی ارضی
یا سماوی سانحہ ظہور پذیر ہوتا ہے تو وہ عام طور
سے لوگوں کی توجہ اپنی طرف کھینچ لیتا ہے۔ کچھ لوگ
اُس سے متاثر ہوتے ہیں باقی اس کی تفصیلات
جاننے کے خواہش مند ہوتے ہیں۔ لہذا آفات و
سانحات سے مربوط خبریں ہمیشہ جز و نشریات
بن جاتی ہیں۔
دنیا میں امیری اور غریبی کے
استحصال : درمیان ہمیشہ فاصلہ رہا ہے۔
مستضعفين
ثروت مند اپنی دولت کے سہارے سعد
کا ہمیشہ استحصال کرتے رہے ہیں۔ چنانچہ اکثر
یتیم بیوہ بے سہارا عاجز بے بس محروم
معذور، مقہور و غمگین لوگوں کا جسمانی، اقتصادی
رو
سماجی یا کسی دیگر طریقے سے استحصال کیا جاتا ہے۔
اگر اس پر قابو نہ پایا جائے تو ظالموں کا دائر کا کار
بڑھتا ہی رہتا ہے۔ اگر خبرنگار امیر لوگوں کے
استحصالی ہتھکنڈوں اور اُن کے شکار لوگوں کا
سراغ لگانے میں کامیاب ہو جائے تو ایسی خبر
جز و نشریات ہوگی ۔
اقتصادی مسائل اقتصادی فلاح و بهبود
سے متعلق معلومات
حاصل کرنے کی خواہش ہر دور کے انسان کو
رہی ہے۔ ہماری ہمعصر دنیا میں بھی اس سے
دلچسپی ناگزیر ہے ۔ اس زمرے میں بیچت
اسکیمیں اور نئے کاروبار کے ذرائع اور وسائل
سے متعلق خبریں آتی ہیں تنخواہوں میں اضافہ
اشیا کی قیمتوں میں ارزانی یا گرانی ، بجٹ میں
نے ٹیکس لگنا یا ٹیکس سے راحت ملنا ... ایسے
نکات ہیں، جن کا لوگوں کی روز مرہ زندگی پر اثر
پڑتا ہے ۔ لہذا یہ نکات جز وخبر ہیں۔
ذاتی مسائل عموماً ہر قاری ایسی باتیں
جاننے کا طالب ہوتا ہے،
جن سے اس کی یومیہ زندگی کا قریبی تعلق ہو ،
جن سے اُس کی ضروریات وابستہ ہوں ۔ مثلاً
نتے اسکول، اسپتال، ریلیوں کی آمد و رفت سے
متعلق اطلاعات دیگر وسائل نقل و حمل سیاحتی
مراکز اور ایسی تمام چیزیں جن سے لوگوں کو
فیض پہنچتا ہے، یا آرام و آسائش میں مدد ملتی
ہے، یا مصیبت و پریشانی رفع کرنے کا ذریعہ
ہیں۔
صحت و تندرستی کہا گیا ہے کہ تندرستی
ہزار نعمت ہے
اس کے تحفظ کے لیے ہر انسان کوشاں رہتا ہے۔
میڈیکل سائنس
کی تحقیقات نے بہت سے لاعلاج
امراض پر قابو پا لیا ہے ۔ تاہم کینسر اور ایڈس
جیسی بیماریاں ہنوز لا علاج بنی ہوئی ہیں بیماریوں
سے بچنے کی تدابیر اور اُن کے علاج سے متعلق
معلومات حاصل کرنے کے لیے صرف متاثرہ
لوگ ہی متوجہ نہیں ہوتے بلکہ سرپرست
صاحبان بچوں کو بیماریوں سے محفوظ رکھنے کے
لیے بھی، مذکورہ خبروں کو شوق سے پڑھتے ہیں۔
انگریزی دواؤں کے متعلق ایک طبقے کا خیال ہے
کہ یہ بہت مہنگی ہوتی ہیں، مرض کو دبادیتی ہیں
جو پھر کسی وقت بھی ابھر سکتا ہے، اکثر دواؤں
کے رد عمل میں دیگر امراض پیدا ہونے کا خدشہ
رہتا ہے، اکثر کم فہم ڈاکٹر مرض کی صحیح تشخیص
نہیں کر پاتے ہیں۔ غرض دیسی دواؤں اتر کاریوں
اور پھلوں سے علاج کی طرف عام رجحان ہے۔
لہذا صحت و تندرستی سے متعلق چیزوں میں
خبری عنصر غالب رہتا ہے اور وہ جز و نشریات
بن جاتی ہیں ۔
سائنسی تحقیقات نے
سائنسی ایجادات محیر العقول ایجادات
کی ہیں ۔ اُن کے ذریعے انسان اگر ایک طرف چاند
پر کمند پھینک چکا ہے تو دوسری طرف اُس نے
دنیا کو بارود کے ڈھیر پر لاکر کھڑا کر دیا ہے۔
ان خطرناک اسلحوں کے مالکوں کا کوئی بھی مجنونانہ
قدم دُنیا کے بیشتر حصے کو فنا کر سکتا ہے۔ لہذا
یہ تباہ کن اسلحے جز وخبر ہوتے ہیں۔ ان موضوعات
پر شائع کی گئی گزارشات کو قاری بہت ہی جنس
اور انہماک کے ساتھ پڑھتے ہیں۔
موسم دنیا کے ایسے خط جہاں موسم تقریب
یکساں رہتا ہے، وہاں موسم کو خبری
اہمیت حاصل نہیں ہوتی ۔ البتہ ہندستان جیسے
ملک میں موسم سے عوامی زندگی متاثر ہوتی ہے۔
مانسون، بارش، ژالہ باری، برف باری سیلاب
طوفان، سردی گرمی کا تعلق صرف کسانوں سے
ہی نہیں ہوتا بلکہ عوام بھی موسم کے لحاظ سے اپنے
لباس اور غذا کی تیاریوں میں لگ جاتے ہیں۔
لہذا موسم سے متعلق اطلاعات بھی نشریات میں
جز و خبر ہوتی ہیں ۔
تقریبا ہر ایک
اقلیتیں اور فرقہ بندی ملک میں ج
فرقہ بندی پائی جاتی ہے۔ اُن میں اقلیتیں بھی ہے
ہوتی ہیں ۔ اس فرقہ بندی کا طرز و انداز جدا گانہ آے
ہو سکتا ہے۔ مثلاً مذہبی، سماجی سیاسی اقتصادی
یا رنگ و نسل کی بنیاد پر ۔ اقلیتوں کے مسائل
اکثریت سے مختلف ہوتے ہیں ۔ اُن کے تئیں حکومت
کی حکمت عملی میں بھی تضاد دیکھا جا سکتا ہے۔ ٹکراؤ
کی صورت میں یہ تضاد زیادہ واضح ہو جاتا ہے۔
غرض اقلیتوں کے مسائل اور اُن کی کشمکش
جز و خبر ہوتی ہے۔
دلچسپی کی خبریں
غالباً ہر نشریاتی وسیلے ہیں، سب سے
زیادہ تعداد، ان خبری داستانوں کی ہوتی ہے،
جن کا تعلق انسانی دلچسپی سے ہو ۔ ایسی خبریں
جن میں غیر معمولی حرکات
کی تفصیل ہوا جو قار میں
کے جذبات میں ہیجان پیدا کر دیں، جنھیں پڑھ کر
قاری حیرت و استعجاب میں غرق ہو جاتے ،
بہت خوشی کا احساس کرے، یا آہیں بھرے،
واہ وا کرے، یا تھو تھو کرے۔ مثلاً مردہ زندہ
ہو گیا۔ ۸۰ سالہ بوڑھے نے ۱۸ سالہ لڑکی سے
شادی کرلی، عورت نے ایک ساتھ ۸ بچوں کو
جنم دیا۔ وزیر کا لڑکا اسمگلنگ کرتے پکڑا گیا۔
اعلیٰ افسر کا بیٹا نشیلی دواؤں کے دھندے میں
گرفتار ۔ 4 بچوں کی ماں جوان عاشق کے ساتھ
یہ وہ خبریں ہوتی ہیں، جنھیں پڑھ کر
قارئین اپنے ساتھیوں میں ان کا چرچا کرتے ہیں۔
اس زمرے میں ایسی خبریں آتی ہیں، جن سے
انسانی جذبات عقائد اور توقعات میں ہلچل
چھتی ہے۔ اسی میں عشق و محبت کی غیر معمولی
داستانیں، شجاعت کے کارنامے، خطرناک و
خوفناک معر کے اور جرائم پر مشتمل خبریں بھی
آتی ہیں۔ ان کا دائرہ کار صرف انسانی حرکات
تک ہی محدود نہیں بلکہ جانوروں کی غیر معمولی
حرکات بھی اس ذیل میں آتی ہیں۔
یہ وہ خبریں ہیں جن سے قاری یا سامع
کا براہ راست تعلق نہیں ہوتا ، نہ ہی نتیجے کے
لحاظ سے وہ اسے متاثر کرتی ہیں مگر کبھی حقیقت
ہے کہ ابھی دلچسپ خبروں کی وجہ سے اخبارات
کی فروخت اور مقبولیت میں اضافہ ہوتا ہے
ریڈیو اور ٹیلی ویژن کی خبریں بھی اسی دلچسپ
مواد کی بنا پر قابل التفات بنتی ہیں ۔ مگر یہ
واضح رہے
کہ نتائجی خبروں کے زمرے میں بیان
کردہ نکات میں ایسا مواد بھی آسکتا ہے، جس
کا تعلق انسانی دلچسپی کی خبروں سے ہے۔ اور
اسی طرح انسانی دلچسپی کے تحت آنے والے نکتوں
میں ایسا مواد مل سکتا ہے جو جزوی طور پر
مخاطب
کو نتائجی لحاظ سے متاثر کرتا ہو۔
انسانی دلچسپی کے دائرے میں بہت سے
عنوانات آسکتے ہیں، اُن میں سے بعض چنیدہ
نکات کا تذکرہ نیچے کیا جا رہا ہے ۔
کسی بھی خبر کے تعلق سے انسانی دلچسپی
بچے کو جھنجوڑنے کے لیے بچے "" موثر وسیلہ
ہیں۔ مثلاً کالونی کے درمیان سے گزرنے والی
سڑک پر ٹریفک کی تو بھر مار ہے لیکن نہ کوئی
لال بنتی ہے اور نہ کوئی ٹریفک گارڈ ۔ کچھ اسکولی
بچے سڑک پار کرتے ہوئے ، بس کی زد میں آگئے۔
پھر لال بتی بھی لگ گئی ، اسپیڈ بریکر بن گیا اور
ٹریفک گارڈ بھی متعین کر دیا گیا ۔ اس خبر میں
اُن لوگوں کے لیے نتایجی اجزا شامل ہیں، جن
کے بچے اس سڑک کو پار کرتے ہیں لیکن وہ غیر
محفوظ سٹرک اور انتظامیہ کی عدم توجہی تو پہلے
سے موجود تھی خبر نگار کی تیز نظر ، حادثے سے قبل
اس پر پڑ جانی چاہیے تھی۔
بچوں کے مسائل و مشکلات، ان کا فطری
میلان، ان میلانات کی تسکین کے لیے کمیاب
وسائل، جن کے تحت اکثر بچے استحصال اور
بداخلاقی کا شکار ہو جاتے ہیں یا خطرناک
حالات سے دو چار ہو جاتے ہیں انسانی
دلچپسی کے زمرے میں آنے والی خبروں کے اجزاء
عناصر ہیں۔ تقریباً ایسے سبھی واقعات جن میں
کوئی بچہ ملوث ہوا خبر کا جز بن جاتے ہیں۔
ایسی خبروں کو قاری اپنے بچوں پر یا ایسے
بچوں پر منطبق کر کے سوچتا ہے، جن سے وہ
واقف ہے، یا پھر اپنے بچپن کی یادوں سے
ملا کر دیکھتا ہے۔
انسانی دلچسپی کی خبروں میں
جنسیات جنسیات
کو اہم عنصر سلیم کیا گیا
ہے۔ اکثر اشتہارات میں جنسیات سے متعلق مواد
پیش کرنے کے بعد اپنے مطلب کی بات کہہ
دی جاتی ہے اور قاری سمجھتا ہے کہ پورا اشتہار
صرف جنسیات سے متعلق ہوگا۔ بعض جراند
تو صرف جنسیات کی تشہیر کو ہی اپنی فروخت
کا وسیلہ بناتے ہوتے ہیں۔ خبروں کے زمرے
میں جنسیات کے وہ پہلو تو جہ گیر ہوتے ہیں جن
میں اہانت آمیز معاملات کی نشاندہی ہوتی ہے،
خواہ اُن کا تعلق نازیبا اور ناروا روابط سے ہو
یا طلاق کے مقدمات سے ہو۔
مغربی تبلیغات کے اثر سے، مشرقی
شرم و حیا کی قدریں کافی حد تک شکستہ ہو چکی
ہیں ۔ جنسیات کی خبریں ہر نوجوان کے لیے
دلچسپی رکھتی ہیں لیکن خبر نگار کا اپنے مشرقی
اقدار کی طرف متوجہ رہنا بھی ضروری ہے۔
بہر صورت جنسی معاملات جز و خبر ہوتے
ہیں۔
مجھے اس ذیل میں ایسی خبریں آتی ہیں،
اس
جن میں جدت و ندرت ہو۔ ایسی
بات جو عام معمولات کے خلاف ہو۔ مثلاً پانچ
ٹانگوں والا جانور دو سر والا بچہ ، موسیقی من کر
دودھ دینے والی بھینس ، شیر کے منہ میں زندہ
آدمی، شیشہ کھانے والا بازیگر ، غیر طبعی طویل العمر
شخص، انتہائی دراز قامت یا پستہ قدآدمی بھیری
کا پروردہ لڑکا، جانداروں کی محیر العقول حرکات
یہ وہ خبریں ہیں، جن میں انوکھا پین ہے۔ مثلاً
اگر کتا آدمی کے کاٹ لے تو یہ کوئی خبر نہیں لیکن
اگر آدمی کتے کو کاٹ لے تو یہ خبر ہے یہ
شخصیات بالخصوص
اہم شخصیات
شخصیات سے متعلق خبریں انسانی دلچسپی
کا باعث ہوتی ہیں۔ بعض شخصیتیں اتنی اہم ہوتی
ہیں کہ انھیں خبر ساز“ کہنا درست ہے۔ اُن
سے وابستہ باتیں جز و خبر ہوتی ہیں۔ شخصیات
سیاست، مذهب، فلم، رقص و سرود، کھیل
اور ورزش، ڈکیتی ، دہشت گردی اور سماج
کے دیگر بہت سے میدانوں میں سرگرم ہوتی ہیں۔
ان کا تعلق کسی فن یا ہنر سے ہو یا تخریب و
تباہی سے، بہر صورت خبری دنیا میں اُن کی
اہمیت برقرار رہتی ہے ۔ اگر ایسی شخصیتوں کے
زوال یا عروج سے متعلق کوئی عمل سرزد ہو جائے
تو اُن کی خبری اہمیت میں اضافہ ہو جاتا ہے۔
قاری کی زندگی شریفانہ ہو یا غیر
شریفانہ ، مگر جرائم سے متعلق خبروں
میں اس کی دلچسپی ہوتی ہے۔ تقریباً ہر جرم میں
خبری عنصر جاندار ہوتا ہے جو لوگ جرائم کی
داستانیں پڑھنا پسند نہیں کرتے، وہ بھی
قتل و اغوا کی خبروں کو پڑھ لیتے ہیں۔ جرم
میں جتنی زیادہ قساوت و سنگینی ہوگی تو اس
جرائم
میں اُتنا ہی خبری عنصر غالب ہوگا۔
عام قاری ہر قسم کے تصادم اور
کشمکش مقابلوں کی خبروں کو دلچسپی
سے پڑھتا ہے۔ چنانچہ جنگ و جدال ، شورش
تصادم ، ٹکراؤ ، بغاوت حریت پسندی
دہشت گردی، فسادات، انتخابات اور انقلابات
جیسے موقعوں پر قارئین میں اخبار بینی بہت زیادہ
ہو جاتی ہے کشمکش ملکوں کے درمیان ہو یا اندرون
ملک یا دو طبقوں یا ٹیموں کے درمیان آن
میں خبری عنصر موجود رہتا ہے۔
سر اخبار کا قاری اپنے
مقامی خبریں گرد و نواح کی خبروں کو
دلچسپی سے پڑھتا ہے ۔ مثال کے طور پر اگر دہلی
میں کسی بس حادثے میں پانچ آدمی ہلاک ہو جائیں
اور اسی دن امریکہ میں ویسے ہی حادثے میں
پچاس آدمی ہلاک ہوں، تو دہلی کے قارئین کے
لیے ۵ آدمیوں کے مرنے کی خبر زیادہ مورد توجیہ
ہوگی۔ لہذا اخبار میں مقامی اہم خبروں کو فوقیت
دی جاتی ہے۔
دور حاضر میں سیاست کی بنیاد
سماج پر ہے اور سماج سے مذہب
کو جدا نہیں کہا جا سکتا۔ آج کے دور میں جو
لوگ مذہب میں دلچسپی نہیں رکھتے ، وہ بھی
مذہب اور اس کی رسومات سے متعلق خبریں
پڑھتے ہیں۔ کیوں کہ یہ خبریں مروجہ سمت
سیاست کی نشاندہی کر دیتی ہیں ۔ یہ تو عام
مشاہدے کی چیز ہے کہ سیاسی کھلاڑی مذہب
کے نام پر حریت پسندوں کارسیوکوں، دہشت
گردوں، شورش پسندوں اور باغیوں کو
بڑے پیمانے پر وجود میں لاتے ہیں۔ اور ان
تمام طبقات میں خبری عناصر کی بہتات ہوتی ہے۔
لہذا مذ ہب جزو خبر ہے۔
غذا
غذا ہر ذی روح کی لازمی ضروریات
میں سے ہے ۔ اس کی دستیابی میں کمی
یا اس کے حصول میں مزید سہولت ذخیرہ
اندوزی کالا بازاری ارزانی و گرانی ملاوٹ
سے متعلق خبریں قاری کی دلچسپی کا باعث اور
جزء و نشریات ہوتی ہیں۔
بہت سے ایسے واقعے اور
راز و رمز سیانے ہوتے ہیں، جن سے
متعلق بعض پہلو، پردہ راز میں رہ جاتے ہیں؟
بہت سے رموز تشنہ وضاحت ہوتے ہیں اور
فوری طور پر افشا نہیں ہو پاتے ۔ مثلاً لاش
کہاں چھپائی گئی تھی ہے کون لوگ قتل میں شریک
تھے ہے یہ سانحہ کیسے ہوا ہے کن حالات میں یہ انجام
پذیر ہوا ہے ... یہ صرف قتل کے واقعات ہیں
ہی نہیں ہوتا بلکہ کسی بھی سیاسی یا سماجی مسئلے
میں پیدا ہو سکتا ہے۔ یہ نکات کسی بھی واقعے
کو طویل مدت تک خبری دنیا میں زندہ رکھتے
ہیں۔
تفریح طبع قارئین کی تفریح طبع کے لیے
اُن کے ذوق کے مطابق اکستی
فن یا ہنر سے مربوط خبریں، اس زمرے میں
آتی ہیں ۔ کچھ اخبارات رقص و سرود، فلم اور کھیل
تماشوں سے متعلق خبروں کو اور کچھ طنز ومزاح
لطائف اور کارٹون وغیرہ کو اس ذیل میں شائع
کرتے ہیں ۔ بہر صورت قارئین کی تفریح طبع کا
مواد قارئین کی دلچسپی کا باعث ہونے کی وجہ
سے جزو خبر ہوتا ہے۔
یہ وہ چند نکات ہیں جو عام طور سے
جز و نشریات رہتے ہیں۔ ان کے علاوہ بھی خصوصی
قاری کے لیے مخصوص صحافتی مواد ہو سکتا ہے۔ یہ
نکات اُن نشریات کی حکمت عملی پر مبنی ہیں جن کے
قارئین و سامعین کا دائرہ مخصوص و محدود نہیں ہے۔
اگر گزارش مذکورہ بالا نکات پر مبنی ہے،
ادارے کی حکمت عملی کو مد نظر رکھ کر تیارکی گئی ہے
گزارش نویسی کی خوبیوں سے مرصع ہے، اتنی طویل
نہیں ہے کہ اخبار کی ضخامت یا دیگر خبروں کے
توازن کو متاثر کرے، توخبرنگار کو یقین رکھنا چاہیے کہ
اُس کی گزارش شامل نشریات کرلی جائے گی ۔ اگرکسی سبب
سے شائع نہ ہو تو اس اصول کو ذہن میں رکھ کر آگے
بڑھنا چاہیے کہ ناکامی کامیابی کا زینہ ہے، بینا کامی
اُس کو ایک دن گرامی قدر خبر نگار بنادے گی۔",2834
P4_1991_070,Aiwan-e-Urdu,1991,Magazine,"آدی باسیوں کے متعدد قبائل چھوٹا
ناگپور کے دیہی اور جنگلی علاقے میں آباد ہیں
لیکن اُن میں اکثریت اراؤں نامی قبیلے کی ہے
یہ قبیلہ دیگر ادی باسی قبائل سے زیادہ ترقی
یافتہ بھی ہے ۔ یہ لوگ چھوٹا ناگپور کے قدیم
ترین باشندے ہیں۔ تاریخ و سماجیات کے
ماہرین کا خیال ہے کہ یہ لوگ جنوبی ہندستان
سے سون
ندی کی ترائی اور روہتاس کی پہاڑیوں
سے ہوتے ہوئے چھوٹا ناگپورمیں اگر سکونت
پذیر ہوئے۔
وکروڑوں کی نسل سے تعلق رکھنے وال یہ
قبیلہ خود کو گڑ کھ (KURUKH) کہتا ہے۔
وکروڑوں کی زبان میں اس کے معنی میں آدم
اس لفظ سے آراؤں قبیلے کا رشتہ کہاں جاکر
منتہی ہوتا ہے یا اظہر من القمس ہے۔ فی الحال
ان کی اکثریت ریاست بہار میں رابینی، لوہر د گا
اور غلاموں ضلعے میں آباد ہے۔ اسی ریاست
کے ہزاری باغ ، دھنباد، جانبا سا، سنگھ بھجوم
سنتال پرگنہ پر نیہ، سہر سا ، بھاگل پور دربھنگا
چمپارن اور بھوجپور وغیرہ ضلعوں میں بھی یہاں
وہاں تھوڑی بہت آبادی ان کی ملتی ہے۔ دوسری
ریاستوں میں اگر نیسہ اور مدھیہ پردیش میں بھی
ان
کی قابل ذکر آبادی ہے۔
اراؤں کٹھلے بدن کشادہ اور مضبوط
سینے کالے موٹے اور گھنگھرالے بالوں ...
قدرے لمبے سٹر چوڑی ناک اور ناٹے قد کے
چست اور تندرست ہوتے ہیں رنگ سیاہ
اور سیاہی مائل سانولا ہوتا ہے۔
اراؤں بچے زیادہ ترنگے یا ادھ ننگے
رہتے ہیں۔ مردوں کی روایتی پوشاک کریا
اور عورتوں کی گھر یا “ کہلاتی ہے۔ روزمرہ
کی زندگی میں مرد عموما ایک چھوٹی دھوتی اور
عور میں ایک ساڑی سے تن ڈھانک لیتی ہیں۔
عمر رسیدہ عورت میں سینہ ڈھانکنے کی زیادہ پر واہ
نہیں کرتیں کو ردہ علاقوں میں جوان عورتیں
زیادہ سے زیادہ یہ کرتی ہیں کہ ساری ہی کے تو
سے سینہ چھپاتی ہیں لیکن اُن علاقوں میں جہاں
علم کی روشنی پھیلی ہے، دوسرے لوگوں
سے میل جول کا اثر ہوا ہے جدید تہذیب و
تمدن کے اثر سے یہ بھی اچھوتے نہیں، اور
تعلیم یافتہ نوجوان، دھوتی، قمیص، پینٹ
شرٹ اور جوتے موزے پہنے لگے ہیں۔ نیز
عورتیں رنگ بزی قیمتی ساڑیاں اور درزی کے
سلے ہوئے بلاؤز زیب تن کرتی ہیں۔
سنوار بناؤ بھی اُراؤں کو خوب مرغوب
ہے کئی علاقوں میں آج بھی روایتی طور پر مرد
لوگ بھی عورتوں کی طرح لمبے لمبے بال رکھتے ہیں
اور انھیں سجاتے سنوارتے ہیں عورت میں زیورات
کی بہت شوقین ہوتی ہیں۔ روایتی طور پر نگی پھولوں
سے آرائش تو کرتی ہی ہیں :
گلارے جوڑی او ند و را پیارے
کور کو ٹو پوپن مے بھیرے رون رے
ڈکور کوٹ کے پھول کو پہن کر دیکھوں گی
زمانہ ماضی میں ان کے زیورات اکثر
پتیل کانسے اور تانبے کے بنے ہوتے تھے نبئی
تہذیب سے آشنائی کے ساتھ ساتھ زیورات
اب عام طور پر چاندی سونے کے ہوتے ہیں۔
ایک اراؤں لوک گیت میں ایک اراؤں دو سیزه
ستی آرائش کی جھلک یوں لیتی ہے :
کھنڈ نو سونا گہی پیپر و بلیچی
(پاؤں میں سونے کا نپیر چمکتا ہے)
کھنے نو پا نینجار ئی مید نوپو کول کرچی رتی
ریاؤں میں پازیب ہے تن پر ریشم کی ساڑی)
کھو پانوں بیکل اٹیا لگنوں گلا پچی پر پند کرتی
اجوڑے میں بنگلے کے پر اور سر پر گل چین ہے ۔
ادی باسیوں نے عموما اور ان میں اراؤں
قبیلے نے خصوصاً تعلیم و تعلیم کے لحاظ سے کافی
ترقی کی ہے۔ مثلاً بہار میں راپنی مضلع تعلیمی ترقی
کے لحاظ سے آج سر فہرست ہے ان میں
دوسری ذاتوں، فرقوں کے ساتھ اراؤں بھی
شامل ہیں۔ یہ تعلیمی ترقی عیسائی مشنریوں کی
رہین منت ہے چھوٹا ناگپور میں پہلے پہل
۱۸۴۵ء یا اس کے آس پاس عیسائی مشنری
پہنچی اور دیکھتے دیکھتے ضلعے کے دشوار گزار
علاقوں میں بھی مشنریاں پھیل
گئیں۔ بے شک
ان کا اولین مقصد عیسائیت کی تبلیغ ہی تھا
اور ہے لیکن تعلیم کے فروغ کے سلسلے میں ان
کی خدمات کو بھلایا نہیں جا سکتا۔ ایک اراؤں
گیت کے بول میں اس امر کا عقیدت مندانہ
اظہار ملتا ہے :
ایکا میں برے چائے پندار و صاحبائے
کسی طرف سے گورے صاحب آئے)
ناگپورن"" کی ری سو“ نبجائے
ناگپور کو عیسائی بنایا)
تعلیم کے فروغ
و ترقی کا استان آدی
باسیوں کی معاشی زندگی پر بھی بہت نمایاں
ہے۔ چنا نچہ شعبہ تعلیم سے لے
کر ایڈ منسٹریشن
تیک تمام شعبوں میں چھوٹے بڑے تمام عہدوں
پر دوسری ذات اور فرقے کے دوش بدوش
آپ کو یہ آدی باسی بھی فائز نظر آئیں تھے لیکن
یہ صورت حال ہر جگہ یکساں نہیں ہے خصوصاً
ان علاقوں میں جہاں پسا ہو گی آج بھی برقرار ہے
روایتی طور پر جنگلی جانوروں کا شکار، جنگل سے
جلاون کے لیے لکڑیاں لا کر فروخت کرنا، گھاس
بیچنا گھاس اور بانس کی مصنوعات مثلاً ترسی
ٹوگری وغیرہ بناکر بیچنا توان کا ذریعہ معاش
ہے ہی لیکن خاص طور سے زراعت ان کا دھندا
ہے ۔ دوسرے آدمی باسی قبائل کے مقابلے
میں کھیتی کے لیے آب پاشی اور کیمیائی کھاد
وغیرہ کے ترقی یافتہ طریقوں سے یہ واقف ہیں
اور ان
کا استعمال بھی کرتے ہیں کھیتی باڑی
کے علاوہ مویشی پالنا بھی ان کا دھندا ہے متفرق
لوک گیتوں میں اس طرف بھی اشارہ کیا گیا ہے۔
مثلاً ایک نوجوان سے جو جاڑے میں ہل چلانے
کی بجائے دھوپ سینک رہا تھا اس طرح
مخاطبت ملتی ہے:
کلا با بوکلا اوئیا
(جاؤ بابو جاؤ کھیت جو تو)
ڈھکاری امبا سے کرا
(دھوپ مت سینگو)
اور ایک نوجوان
لبرو جو بھینس کی پشت پر بیٹھا
بانسری بجا رہا ہے، کی تعریف میں یہ لوک گیت
ہے :
ایا جو کہ اس بلیکھا کھا کیس
رکون عاشق نوجوان بھینس چراتا ہے)
جوڑی تر یو کھکھی
ہمجولی کی منی بجتی ہے)
ویسے یہ آدی باسی بے حد ایمان دار
جفاکش اور محنتی ہوتے ہیں کسی بھی قسم کی محنت و
مشقت سے جان نہیں چراتے ایک جوڑے
کی شادی غالبا افلاس کی وجہ سے نہیں ہو رہی
تھی ۔ عام طور پر اس اندیشے کا اظہار کیا جا تارا
ہوگا کہ آئندہ زندگی کیسے کٹے گی چنانچہ محنت
میں راحت کے تئیں عزم مصمم کی تصویر اس
لوک گیت میں دیکھیے :
ہے کرے ! کچاکے پہلو کالوت رے
رہائے رے، آو دوشیزہ چلیں دے)
مین ایس کوڈا را جی کالوت
(ہم اور تم پردیس چلیں )
نین دھر اُوے ڈوکو
(تو پکڑے گی ٹوکری)
این دھرا دے پھڑوا
میں پڑوں گا کدال)
ایکا سے الا ملا کا لو ہو
(زندگی) کیسے نہیں کئے گی)
ایکا سے الا ملا کالو
کیسے نہیں کئے گی)
آراؤں جنگل میں رہتے بستے ضرور ہیں
لیکن جنگلی زندگی بسر نہیں کرتے بلکہ ان کا اپنا
اصول وضابطہ ہے۔ بہر آبادی میں ان کی سنجی
پنچایت ہے جوان کے آپسی معاملات کا
نمٹارا کرتی ہے اور اس کے فیصلوں سے سرمو
انحراف نہیں کیا جاتا۔ اگر معاملات اس
پہنچایت کی گرفت سے باہر ہوئے تو پھر
پہٹا پنچایت“ بلائی جاتی ہے۔ یہ کئی گاؤں
ملا کر بنائی جاتی ہے اور بڑے معالموں اور
جھگڑوں کا تصفیہ کرتی ہے ۔
ہر گاؤں میں عموما دو سردار ہوتے ہیں
ایک کو روایتی طور پر مہتوں“ کہتے ہیں اور یہ
تمام سماجی اور سیاسی معاملات میں اپنے قبیلے
کی رہ نمائی کرتا ہے. دوسرا ہوتا ہے، پاہن""
یہ گو یا ہر مہین ہوا اور تمام مذہبی معاملات، پوجا
پاتھ ، بھوت پریت سے متعلق فرائض انجام
دیتا ہے۔ اس قبیلے کے اپنے معتقدات ہیں
جن کا کسی دوسرے مذہب سے کوئی واسطہ
نہیں بھوت پریت، جادو ٹونا منتر منتر پر
ان کا راسخ عقیدہ ہے ۔ پر میت پوجا بھی گرتے
ہیں کئی دیوی دیوتاؤں کو بھی پوجتے اور اپنے
مُردہ بزرگوں (اسلاف کو بھی پوجتے ہیں۔ اس
کے علاوہ باگھ سیار، سور، جنگلی کتا، بندر
گدھے کو ا ، ا بابیل، کٹھ پچھڑوا، بٹیر، کچھوا
منج دایک طرح کی مچھلی اور خبر دایک قسم ک است)
کو بھی مقدس و متبرک مانتے ہیں۔
اُگاؤں آبادی میں خصوصی دلچسپی کا مرکز ہے
اٹر پا ۔ یہ ایک طرح سے
کنواروں کا گھر ہے۔
دس برس سے بیس برس کے تمام کنوارے
کنواریاں اسی گھڑی رہتے سوتے ہیں۔ اس کی
دیکھ ریچھ بہتوں کے ذمے ہوتی ہے۔ یہاں
رقص و سرود کی تعلیم دی جاتی ہے۔ ان کی اپنی
مخصوص مذہبی اور اخلاقی تعلیم بھی یہیں دی جاتی
اس گھر کے لڑکے دھا نگرہ
ہے۔
اور لڑکیاں پیلو ہی جاتی ہیں۔
اسی گھر کے اس پاس رقص گاہ بھی ہوتی
ہے جسے وہ اپنی زبان میں اکھڑا "" کہتے ہیں جو
غالبا اکھاڑے کا ان
کا مخصوص تلفظ ہے . رقص
گاہ میں ما ندر، نگاڈا د نقارہ تربی، نرسنگھا
گھنگھرو جھانجھہ کرتال و غیره رقص و سرود
میں کام آنے والے تمام ضروری باجے گاجے
ہوتے ہیں۔ روز رات کے وقت یہاں ناچ
گانے کی محفل جمتی ہے۔ یہ صرف ان کے دل
پہلاوے کا ذریعہ نہیں بلکہ ان کے عقیدے
میں ناچ گانے سے گاؤں بیماریوں سے محفوظ
رہتا ہے ، شکار میں کامیابی ہوتی ہے ۔ بارش
ایسی ہوتی ہے اور نتیجے کے طور پر فصلیں اچھی ہوئی
ہیں اور سب سے بڑھ کر یہ کہ دیوی دیوتا بھی
خوش ہوتے ہیں۔ ان کا رقص بڑا منجھا ہوا اور
دل موہ لینے والا ہوتا ہے ، گیت مختلف اوقات
اور مواقع کے مختلف ہوتے ہیں اور پھر یہ کہ
گیت کے لحاظ سے رقص کی کیفیت بھی بدلتی
جاتی ہے۔
اراؤں قبیلے میں شادی بیاہ کی رسومات
بہت صاف ستھری ہیں ۔ عام طور پر یہ لوگ بڑے
ضبط و تحمل کی صاف ستھری زندگی جیتے ہیں اور
کسی طرح جنسی بے راہ روی کا شکار نہیں شادیاں
عام طور پر بزرگ طے کرتے ہیں لیکن فطرت پر
کسی کا کوئی پہرہ نہیں۔ اس لیے بعض لوگ
گیتوں کے بول سے پتا چلتا ہے کہ رومانس
کی مثالیں بھی عنقا نہیں ۔ تانک جھانک جوانی
کی دہلیز پر قدم رکھتے ہی شروع ہو جاتی ہے :
ایا کا دائے ایک لیکا
(اے نوجوان با تم میل جوتے جارہے ہو)
پیلوتا را نجاری نندے
ریا دوشیزاؤں کی طرف گھورتے ہو ؟)
اور کوئی ضروری نہیں کہ تاک جھانک لڑکے ہی
کی طرف سے مولڑ کیاں تجھے کب رہی ہیں ؟؟
تریو کھرا کبھی، مور ولی نظر تھی
ربانسری بجتی ہے، مرلی بجتی ہے)
نے اُرای باج ان
کون بھونکتا ہے (بجاتا ہے ؟)
کھیکھیں ایسا کیران
(ذرا جھانک کر دیکھو تو)
اور پھر نہیں عشق نے رنگ دکھایا تو ماں باپ
کنبہ سماج سب منہ دیکھتے بھی رہ سکتے ہیں۔
ماں باپ کی مرضی کے خلاف کی گئی شادی کو
اٹھاری "" کہتے ہیں۔ ایسی ہی محبت کی ماری
ایک نند کو اس کی بھاوج سمجھاتی ہے اور
لکا سا جواب پاتی ہے :
کتر نندیا
(لوٹ آؤ پیاری نند)
ملا کرون، اٹھاری کالون
نہیں لوٹوں گی اٹھاری جاؤں گی
به یاری بیری
ر صبح ہی صبح )
ملاکرون اُٹھاری کالون
نہیں لوٹوں گی اُڑھاری جاؤں گی )
اور ایسا جوڑا گنے کی رہائش سے دور گھنے جنگلوں
کی طرف جاہتا ہے :
گئے کوے بوتگوت ڈھکو پیٹرا
رپیارے آؤ بھاگ چلیں گھنے جنگل کی طرف)
نین این بو گوت کو ہا پیترا
ہم تم بھاگ نکلیں بڑے جنگل کی طرف)
لیکن حقیقت ہے کہ ایسا موقع شاذ ہی آتا
ہے۔ زیادہ تر شادیاں بزرگ ہی طے کرتے ہیں۔
آج کل شادیاں گوتر کے اختلاف سے ہوتی ہیں
یعنی ایک ہی گونز میں شادی نہیں ہوتی۔ عام طور
پر ایک ہی گاؤں میں بھی شادی نہیں ہوتی لیکن
ایک ہی لوک گیت کے بول واضع کرتے ہیں کہ
ابتدا رشتے داری میں بھی شادی ہوتی رہی ہوگی:
نگان دوا به آ
رتجھے ہی دا وار بھائی) کہتی تھی
نی نم پروشا منجھے ہو
(تو ہی شوہر بن گیا)
مگر آج کل ایسا نہیں ہوتا۔ حالانکہ کہنے میں کلیدی
حیثیت اور باوقار مقام مرد کو حاصل ہے اور
حق وراثت بھی بیٹے ہی کو پہنچتا ہے لیکن شادی
بیاہ کے معاملے میں دوسری ترقی یافتہ ذاتوں کے
بالمقابل لڑکی کو قابل تکریم سمجھا جاتا ہے اور
پہل لڑکے والے ہی کرتے ہیں لڑ کا شادی
کی عمر کو پہنچ جائے تو لڑ کی کی تلاش شروع
ہو جاتی ہے :
تیتالی مولی نوں کھراسن در پورتی ہو
داخلی کے پیڑ کے نیچے بہت خوبصورت لڑکی ہے)
کلا تو کو مینار برا
جاؤ تو پوچھ کر آؤ)
چی اور ہولے پاہی نوت ہو
دیں گے تو مہمانی کریں گے)
ملا ہولے دوسر بدوت
نہیں تو دوسری تلاش کریں گے)
نسبت کی یہ بات چیت بھی کسی ثالث
راگوا) کی معرفت ہوتی ہے۔ ثالث کوئی بھی ہو
سکتا ہے مرد یا عورت اسے اور پنچ پیج سمجھا کر
کامیابی کی دُعا کرتے ہوئے رخصت کرتے
ہیں:
گلا بیر آاگوا
(باگر باتیں کر آؤ اگوا)
ندھے جاتے لگو کا ملا
پتا نہیں تمھاری بات سنے گی یا نہیں)
بہر سال رشتہ اگر پسندیدہ ظہرتا ہے تو پہلے لڑکے
والے کی طرف سے لوگ جاتے ہیں۔ بیٹ ستی
پاہی "" چھوٹی مہمانی کہلاتی ہے۔ لڑکی دیکھی
جاتی ہے۔ اظہار پسندیدگی ہو جانے پر لڑکی والے
لڑکا دیکھنے آتے ہیں اور گھر دوار، موری، پوال
دیکھ کر حیثیت کا اندازہ کرتے ہیں۔ ہر چند کہ
ر محض رسما ہوتا ہے اس لیے کہ شادی تو اگوا
کی معرفت لگ بھگ ملے ہو چکی ہوتی ہے
دونوں طرف کی اس چھوٹی مہمانی کے بعد کو اپاہی
دبیری مہمانی ہوتی ہے اور اب کے لڑکے
والے لڑکی کے باپ
کو ڈالی ڈھبا پیش
کرتے ہیں۔ یہ پہلے معمولی رقم پانچ روپے
سات روپے ہوتی تھی ۔ اتنے ہی روپے کا
منذکرہ ان کے لوک گیتوں میں ہے۔ اس ترقی
یافتہ زمانے میں یہ رقم بھی بہت بڑھ گئی ہے۔
بہر حال یہ اچھا رواج ہے کہ لڑکے والے ہی
لڑکی والوں کو رقم پیش کرتے ہیں۔ اس ریم کے
بعد کھان پان ہوتا ہے ۔ دونوں طرف کی بڑی
بہانی کے بعد عام رسم و رواج کے مطابق برات
جاتی ہے . رسوم شادی پابن انجام دیتا ہے۔
روایتی پوجاپاٹھ کے بعد ہل اور جوے نیز
سل اور اوڑھے پر اتر دکھن دولہا، دلہن بڑھائے
جاتے ہیں اور ان کے گرد پردہ کر دیا جاتا ہے۔
کوئی بہت قریب کا رشتے دار پردے کے
اندر جاتا ہے اور دولہے کی انگلی پر سینڈورے
کر پہلے لڑکی کوٹیکہ لگواتا ہےبھی لڑ کی کی انگلی پر
سیندور دے کر لڑکے
کو نیمہ لگواتا ہے. یہ
شادی کی آخری رسم ہے۔ اسی کے بعد براتیوں
کو کھانا وغیرہ کھلایا جاتا ہے.
شادی کے بعد رشتی کا اپنا ایک بڑا
درد ناک منظر ہے ۔ آدی باسیوں کے لوگ
گیتوں میں بھی اس کی جھلکیاں ملتی ہیں۔ باپ
روتا ہے:
ہے رنے اینگران لیسین
رہائے رے اپنی بیٹی بھیج دی)
ڈھالو بھے بین
روپے کے لالچ میں بیچ دی)
ایک لوک گیت میں بیٹی گویا زبان خاموش سے
اپنی ماں سے شکوہ کناں ہے :
پوس اور بیری پوس کی آیو
پوسنے کے وقت پوساماں ! )
پلہو میری پہچکی
(پالنے کے وقت پالاماں ! )
ایرادنیا ملکی
(مگر سنبھال
کر رکھ نہ سکی
ڈاڑا بال گیم نتر چالی منجی
ایک گرو بلندی کے لیے دوسرے کے آنگن میں ڈھکیل دیا)
نتر چالی منجی ایو
دوسرے کے آنگن میں ڈھکیل دیا)
عام حالات میں ڈراؤں میں بھی شادی کا بندھن
بہت پختہ اور مضبوط ہوتا ہے اور ساتھ ساتھ
جینے مرنے کا عزم ان کے دلوں میں جاگزیں
ہوتا ہے:
کیپٹر تا سندری کوئے پیلو جنم جگار او
پیاری ماتھے کا سیند دور زندگی بھر رہے گا)
سندری کوئے پیلو جنم جگار او
رماتھے کا سیندور پیاری جنم بھر رہے گا)
لیکن اگر حالات نا گفتہ بہ ہو جائیں اور فریقین ایا
محسوس کریں کہ نباہ کسی صورت ممکن نہیں تو طلاق
کا بھی رواج ہے :
ا گلا ہو دین ہو کر چیا
رجاؤ اسے (اس کے
گھر پہنچا دو )
مہدی گنے والا مل کا لو
داس کے ساتھ زندگی کٹنے کی نہیں)
اراؤں
قبیلے میں بیوہ کی شادی
کا بھی چلن ہے۔
اراؤں قبیلے میں برس کے مہینوں کے
یوں تو ہندی نام چیت بیساکھ، میٹھا ساڑھ
وغیرہ ہی راج ہیں لیکن موسم کے لحاظ سے
بریس کے مختلف حصوں کے ان کے اپنے نام ہیں
مثلاً سیند را چند و شکار کے مہینے یہ بالعموم
فروری اور مارچ کے مہینوں کا وقت ہوتا ہے
بر ناگھلی دگرمی کا موسم اپریل سے جون تک
ایکا علی (برسات جولائی سے ستمبر تک اور
پائیاں اگا سردی کا موسم نومبر سے جنوری
تک پنا چندو ر نے پان سے مہینہ شروع
ہوتا ہے اور ہر مہینے کے دو چھواڑے ہوتے
ہیں۔ ماکھا رمشکل پخش اور اوکھا ما کھا کرشن
پخش نیز پر نیا کو مینٹی“ کہتے ہیں۔
یوں تو شہری تہذیب سے مانوس ہوجانے
کے سبب نیز عام لوگوں سے میل جول کی وجہ
سے اب اراؤں لوگ بھی تمام عام ہندو تہوار
ہولی، دیوالی، دسہرہ وغیرہ میں بھی شریک
ہوتے ہیں لیکن روایتی طور پر کرما، گھڑی اور
جترا ان کے مخصوص تہوار ہیں۔ کرما یہ لوگ
بھادوں کی ایک کاوشی کو مناتے ہیں اور کرم
گھٹائیں کی پوجا کرتے ہیں۔ اپن اپنے روایتی
ڈھنگ سے پوجا پاٹھ کرتا ہے اور عام لوگ
بالخصوص نوجوان لڑکے لڑکیاں ناچ گانے میں
کھو جاتے ہیں۔ یہ تہوار ان کی زندگی میں بڑی
اہمیت رکھتا ہے.
کھدی کا تہوار ہولی بیت جانے پر
چیت مہینے سے بیٹھ کے مہینے کے اندر کرشن
پخش کی کسی متعینہ تاریخ کو منایا جاتا ہے ...
مختلف گاؤں اور علاقوں میں مختلف تاریخیں
اس کے لیے مقرر ہیں۔ یہ لگاتار تین دنوں
تک چلتا ہے ۔ پابن ""سرنا دیوی کی پوجا کرتا
ہے اور عوام رقص و سرود میں مست رہتے ہیں۔
اراؤں کے جنترا“ کی بھی اپنی جاذبیت
ہے جترا گمان غالب ہے کہ جا تراد یا ترا)
کی ٹیریائی ہوئی شکل ہے۔ چونکہ جترا کے موقعے
پر قریبا بیس کلومیٹر تک پڑنے والے آدی بای
گاؤں کے لوگ ایک جگہ یکجا ہوتے ہیں اسی
لیے اس کا یہ نام پڑا۔ زمانہ قدیم ہی سے آدی بای
جنگلوں کے درمیان رہتے بستے آئے ہیں ۔ نہ
ان کے پاس تحریری زبان بھی نہ سا چار سندیش
بھیجنے کا کوئی وسیلہ ۔ اس لیے میلے ٹھیلے ان کی
زندگی کی اہمیت بن گئے کہ ہر سے چھے ما ہے
اپنے بیگانے بچھڑے ہوئے لوگوں سے
ملاقات کا موقع میسر ہو جاتا تھا۔ جنترا کسی
علاقوں میں مسلسل کئی دنوں تک چلتا ہے اور
رقص و سرود کی محفل گرم رہتی ہے ۔ ہر گاؤں
کے لوگ اپنے اپنے گاؤں کا نشان لے کر
ڈھولک ماندر کے ساتھ ناچتے گاتے جترا
میں شرکت کرتے ہیں۔ نوجوانوں کو اپنا جیون
ساتھی اور بزرگوں کو اپنے لڑکوں کے لیے مناب
رشتے تلاش کرنے کا بھی یا اچھا موقع ہوتا ہے۔
لڑکیوں کے لوک گیت کے یہ بول دیکھیے :
پیلو گئے ایاری نوئے
اور شیزہ کے ساتھ دوستی کرو گے)
کھر اسکیم را اوای
(توبہت سکھ سے رہو گے)
اراؤں اپنے مردوں کو بالعموم جلاتے
ہیں لیکن یہ عجیب رسم بھی ان میں ہے کہ اگر کوئی
ایسے وقت مر جائے جب کھیتوں میں فضل کھٹڑی
ہو تو اس وقت تک کے لیے جب تک فصل
کٹ نہ جائے وہ مردوں کو دفن کر دیتے ہیں
اور فصل کٹ چکنے کے بعد لاش کو یا لاش
کے باقی ماندہ چھتوں کو جلاتے ہیں ۔
ہے۔
اراؤں اپنی بولی از بان کو بھی لڑکھ ہی
کہتے ہیں۔ اب یہ اراؤں بھاشا کہلاتی ۔
انیسویں صدی کے نصف اول تک یہ محض
ایک بولی کا درجہ رکھتی تھی۔ نہ اس کا اپنا کوئی
رم الحفظ تھانہ تحریر کی سہولت ۱۸۴۵ء میں
جب عیسائی مشنریوں کی نگاہ آدی باسیوں کی
طرف گئی اور انھوں نے ان لوگوں میں عیسایت
کی تبلیغ شروع کی تو سب سے زیادہ اجنبی زبان
کی مشکلات کا سامنا فریقین کو ہوا ۔ چنانچہ
پادریوں نے محنت کر کے ان کی زبان سیکھی اور
صد میں زیادہ آسانی سے کامیابی حاصل
اپنے
سب سے پہلے ایک جرمن پادری
.REV.U.FLEX نے اُراؤں بھاشا کا تعارف
(AN INTRODUCTION TO THE OR-
(AON LANGUAGE- نام کی ایک کتاب
۱۸۷۴ء میں لکھی۔ اس کے بعد .REV. F
BATEH نے اس زبان کی گرام لکھ کر چھپوائی اس
کے بعد مختلف پادریوں نے متعدد کتابیں پر انمر
اور ابتدائی ریڈریس لکھیں لیکن سب کی سب
رون رسم الخط میں۔ سب سے پہلے میکائیل تنگا
نے دیوناگری رسم الخط میں ۱۹۱۵ ء میں ایک
کتاب لکھی۔ ۱۹۴۱ء میں فادر بین (HANN)
اور دھرم داس مکڑا نے مشترکہ طور پر اراؤں
لوک گیتوں
کا ایک مجموعہ شائع کرایا۔ کتاب کا
نام تھا "" THE BLUE GROVE "" فادر آرتر
نے ۱۹۴۸ء میں لوگ گیتوں کا ایک اور مجموعہ
(THE DOVE AND LEOPARD) کے نام
سے شائع کرایا۔ ۱۹۴۹ء میں شری اے لڑکی نے
ہندی و یا کرن کو سامنے رکھ کر اراؤں دیا کرن
تھی۔ اس کے بعد کتابوں
کی گویا مجھڑی لگ
گئی۔ اُراؤں ۔ ہندی ڈکشنری بھی تیار ہوئی لیکن
تا حال اسے ادبی زبان کا مرتبہ حاصل نہ ہو سکا
ہے ۔ تاہم ان کے لوک گیت ان
کا قیمتی اثاثہ
ہیں اور ان کی زندگی کے مختلف مراحل مختلف
زندوں کے عکاس بھی بھر یہ کہ ان کے اکثر لوک
گیت اپنے اندر احساسات و جذبات کا ایک
دریا موجزن رکھتے ہیں مثلا یہ گیت دیکھیے :
پر تیا اولن را جبیر ایر نورے
جب پیر بت پر آگ لگتی ہے تو دور دور کے لوگ دیکھتے ہیں)
جیا اولن بھیا نے درونیری
رول کی آگ کون دیکھتا ہے بھائی ؟)
لیر و جھور رو چی کی ترتیا کھا کھا
یہ بوت کا کا کاروتا ہے)
کھنجل کھون بھیا نے درو نیری
راس کے آنسو کون پونچھتا ہے بھائی ؟)
شوہر شادی کے بعد کام دھندے کی
تلاش میں پردیس گیا ہے۔ اس کے فراق میں
نو عروس یوں آہ وزاری کرتی ہے :
کور کوڑا کیر کیسے کار یکم تیرے دائے
رپردیس چلے گئے ۔ آئے کیوں نہیں)
ہماری بیجاری جیا کلیپاری
اتمھارے فراق میں جی بہت کھپتا ہے)
ان دنوں علامتی انداز بیان کی بڑی دھوم
ہے۔ دیکھیے کہ سینکڑوں سال پہلے ان آدی باسیوں
نے بھی علامتی انداز بیان اختیار کیا ہے :
مینا پنکھا لائی
رمینا رو رہی ہے)
من گہی اگا ڈاڑی نوں
درخت کی آخری ڈال
پر بیٹھی)
مینا پنکھالاگی
(مینا رورہی ہے)
دھیر بجا دھرات
صبر کرد)
ٹھو وان لئوس چاڑے بر ادوس رے
باز
کو مارنے آئے گا ہی کوئی)
بڑھتی ہوئی آبادی اور سمٹتے ہوئے جنگل
روزگار کی تلاش، ملازمت کی مجبوری و غیر کینی
اسباب ہیں جن کی وجہ سے آدی باسی وسیع تمر
ہندستانی سماج سے قریب تر آتے جار ہے
ہیں اور بول پال اٹھ بیٹھے کھان پان، رسم و
روان قریب قریب ہر جہت سے بدلتے جا
رہے ہیں ۔ یہاں تک کہ بعض ایسے خاندان جو
شہروں میں بس گئے ہیں پیڑھی در پیڑھی کے
بعد ان کے بیچتے اپنی زبان تک سے نا آشنا
ہوتے ہیں۔ یہ ایک جہت سے مسرت کی بات
تھی بعض لوگوں کے خیال میں ہوسکتی ہے لیکن
یہی رفتار جاری رہی تو ایک دن یہ آدی باسی
اپنی تہذیب اپنا شخص گنوا بیٹھیں گے اور
ایک لحاظ سے یہ ایک المیہ ہوگا۔",3761

